source_id,sku,slug,title,reason
23825,"","realme-p4-lite-mosaic-green-ram-4-gb-rom-64-gb","Realme P4 Lite (Mosaic Green) Ram 4 Gb Rom 64 Gb","Already imported (--resume)"
23813,"","realme-p4-lite-mosaic-blue-ram-4-gb-rom-64-gb","Realme P4 Lite (Mosaic blue) Ram 4 Gb Rom 64 Gb","Already imported (--resume)"
23778,"","vivo-y11-5g-cosmic-gold-4gb-ram-64gb-storage","Vivo Y11 5G (Cosmic Gold, 4GB RAM, 64GB Storage)","Already imported (--resume)"
23775,"","vivo-y11-5g-mystic-blue-4gb-ram-64gb-storage","Vivo Y11 5G (Mystic Blue, 4GB RAM, 64GB Storage)","Already imported (--resume)"
23748,"","oppo-reno-8-pro-side-key-button-set","Oppo Reno 8 Pro Side Key Button Set","Already imported (--resume)"
23747,"","oppo-reno-8-side-key-button-set","Oppo Reno 8 Side Key Button Set","Already imported (--resume)"
23746,"","oppo-a74-side-key-button-set","Oppo A74 Side Key Button Set","Already imported (--resume)"
23745,"","oppo-f29-5g-side-key-button-set","Oppo F29 5G Side Key Button Set","Already imported (--resume)"
23744,"","oppo-k12x-side-key-button-set","Oppo K12x Side Key Button Set","Already imported (--resume)"
23743,"","oppo-a52-side-key-button-set","Oppo A52 Side Key Button Set","Already imported (--resume)"
23740,"","oppo-reno-5-pro-side-key-button-set","Oppo Reno 5 Pro Side Key Button Set","Already imported (--resume)"
23742,"","oppo-reno-7-side-key-button-set","Oppo Reno 7 Side Key Button Set","Already imported (--resume)"
23741,"","oppo-f21-pro-side-key-button-set","Oppo F21 Pro Side Key Button Set","Already imported (--resume)"
23735,"","jiophone-next-side-key-button-set","JioPhone Next Side Key Button Set","Already imported (--resume)"
23734,"","oppo-reno-2-side-key-button-set","Oppo Reno 2 Side Key Button Set","Already imported (--resume)"
23733,"","oppo-reno-11-pro-side-key-button-set","Oppo Reno 11 Pro Side Key Button Set","Already imported (--resume)"
23732,"","oppo-reno-10-side-key-button-set","Oppo Reno 10 Side Key Button Set","Already imported (--resume)"
23731,"","oppo-reno-4-pro-side-key-button-set","Oppo Reno 4 Pro Side Key Button Set","Already imported (--resume)"
23730,"","oppo-reno-5-side-key-button-set","Oppo Reno 5 Side Key Button Set","Already imported (--resume)"
23729,"","oppo-f25-pro-side-key-button-set","Oppo F25 Pro Side Key Button Set","Already imported (--resume)"
23728,"","oppo-reno-12-side-key-button-set","Oppo Reno 12 Side Key Button Set","Already imported (--resume)"
23727,"","oppo-reno-6-pro-side-key-button-set","Oppo Reno 6 Pro Side Key Button Set","Already imported (--resume)"
23726,"","oppo-reno-3-pro-side-key-button-set","Oppo Reno 3 Pro Side Key Button Set","Already imported (--resume)"
23725,"","oppo-f29-pro-5g-side-key-button-set","Oppo F29 Pro 5G Side Key Button Set","Already imported (--resume)"
23724,"","oppo-a72-5g-side-key-button-set","Oppo A72 5G Side Key Button Set","Already imported (--resume)"
23723,"","oppo-a18-side-key-button-set","Oppo A18 Side Key Button Set","Already imported (--resume)"
23722,"","oppo-a58-side-key-button-set","Oppo A58 Side Key Button Set","Already imported (--resume)"
23721,"","oppo-f27-5g-side-key-button-set","Oppo F27 5G Side Key Button Set","Already imported (--resume)"
23720,"","oppo-a38-side-key-button-set","Oppo A38 Side Key Button Set","Already imported (--resume)"
23719,"","oppo-reno-8t-side-key-button-set","Oppo Reno 8T Side Key Button Set","Already imported (--resume)"
23718,"","oppo-reno-10-pro-side-key-button-set","Oppo Reno 10 Pro Side Key Button Set","Already imported (--resume)"
23717,"","oppo-k1-side-key-button-set","Oppo K1 Side Key Button Set","Already imported (--resume)"
23716,"","oppo-k10-side-key-button-set","Oppo K10 Side Key Button Set","Already imported (--resume)"
23715,"","oppo-a16-oppo-a54-side-key-button-set","Oppo A16 / Oppo A54 Side Key Button Set","Already imported (--resume)"
23714,"","oppo-a76-side-key-button-set","Oppo A76 Side Key Button Set","Already imported (--resume)"
23713,"","oppo-k3-side-key-button-set","Oppo K3 Side Key Button Set","Already imported (--resume)"
23711,"","oppo-reno-9-pro-side-key-button-set","Oppo Reno 9 Pro Side Key Button Set","Already imported (--resume)"
23712,"","oppo-a79-5g-side-key-button-set","Oppo A79 5G Side Key Button Set","Already imported (--resume)"
23710,"","oppo-k5-side-key-button-set","Oppo K5 Side Key Button Set","Already imported (--resume)"
23709,"","oppo-a73-side-key-button-set","Oppo A73 Side Key Button Set","Already imported (--resume)"
23708,"","oppo-reno-4-side-key-button-set","Oppo Reno 4 Side Key Button Set","Already imported (--resume)"
23707,"","oppo-a96-side-key-button-set","Oppo A96 Side Key Button Set","Already imported (--resume)"
23706,"","oppo-a78-5g-side-key-button-set","Oppo A78 5G Side Key Button Set","Already imported (--resume)"
23705,"","oppo-a59-5g-side-key-button-set","Oppo A59 5G Side Key Button Set","Already imported (--resume)"
22770,"","samsung-galaxy-a22-5g-back-panel-housing-with-middle-frame-ring","Samsung Galaxy A22 5G Back Panel Housing with Middle Frame Ring","Already imported (--resume)"
22119,"","moto-g24-side-rubber-key","Moto G24 Side Rubber Key","Already imported (--resume)"
22118,"","moto-g35-side-rubber-key","Moto G35 Side Rubber Key","Already imported (--resume)"
22116,"","samsung-a03s-side-rubber-key","Samsung A03s Side Rubber Key","Already imported (--resume)"
22115,"","vivo-y03-side-rubber-key","Vivo Y03 Side Rubber Key","Already imported (--resume)"
22114,"","vivo-v20-side-rubber-key","Vivo V20 Side Rubber Key","Already imported (--resume)"
22111,"","vivo-s1-side-rubber-key","Vivo S1 Side Rubber Key","Already imported (--resume)"
22110,"","vivo-t1-5g-side-rubber-key","Vivo T1 5G Side Rubber Key","Already imported (--resume)"
22109,"","vivo-y200-side-rubber-key","Vivo Y200 Side Rubber Key","Already imported (--resume)"
22108,"","vivo-y04-side-rubber-key","Vivo Y04 Side Rubber Key","Already imported (--resume)"
22107,"","vivo-y02-side-rubber-key","Vivo Y02 Side Rubber Key","Already imported (--resume)"
22106,"","vivo-y100-side-rubber-key","Vivo Y100 Side Rubber Key","Already imported (--resume)"
22105,"","vivo-y19-5g-side-rubber-key","Vivo Y19 (5G) Side Rubber Key","Already imported (--resume)"
21774,"","realme-8-5g-side-rubber-key","Realme 8 5G Side Rubber Key","Already imported (--resume)"
21773,"","ppo-f15-side-rubber-key","Oppo F15 Side Rubber Key","Already imported (--resume)"
21772,"","realme-9i-5g-side-rubber-key","Realme 9i 5G Side Rubber Key","Already imported (--resume)"
21771,"","oppo-f17-side-rubber-key","Oppo F17 Side Rubber Key","Already imported (--resume)"
21770,"","oppo-k12x-side-rubber-key","Oppo K12x Side Rubber Key","Already imported (--resume)"
21768,"","oppo-a3x-side-rubber-key","Oppo A3X Side Rubber Key","Already imported (--resume)"
21767,"","oppo-f19-pro-side-rubber-key","Oppo F19 Pro Side Rubber Key","Already imported (--resume)"
21766,"","oppo-f21-pro-side-rubber-key","Oppo F21 Pro Side Rubber Key","Already imported (--resume)"
21765,"","side-rubber-key-lock-for-mi-note-7-mi-note-7-pro-mi-note-8","Side Rubber Key Lock for Mi Note 7 / Mi Note 7 Pro / Mi Note 8","Already imported (--resume)"
21763,"","mi-12-5g-side-rubber-key","Mi 12 5G Side Rubber Key","Already imported (--resume)"
21759,"","mi-a1-new-side-rubber-key","MI A1 New Side Rubber Key","Already imported (--resume)"
21762,"","mi-a5-new-5g-side-rubber-key","Mi A5 New 5G Side Rubber Key","Already imported (--resume)"
21761,"","mi-note-12-side-rubber-key","Mi Note 12 Side Rubber Key","Already imported (--resume)"
21760,"","mi-13c-side-rubber-key","Mi 13C Side Rubber Key","Already imported (--resume)"
21758,"","mi-a3-new-side-rubber-key","Mi A3 New Side Rubber Key","Already imported (--resume)"
21757,"","mi-note-10-pro-side-rubber-key","Mi Note 10 Pro Side Rubber Key","Already imported (--resume)"
21756,"","tecno-spark-7-side-rubber-key","Tecno Spark 7 Side Rubber Key","Already imported (--resume)"
21755,"","infinix-hot-10-side-rubber-key","Infinix Hot 10 Side Rubber Key","Already imported (--resume)"
21754,"","tecno-ke5-side-rubber-key","Tecno KE5 Side Rubber Key","Already imported (--resume)"
21752,"","infinix-hot-11s-side-rubber-key","Infinix Hot 11s Side Rubber Key","Already imported (--resume)"
21750,"","tecno-spark-6-air-side-rubber-key","Tecno Spark 6 Air Side Rubber Key","Already imported (--resume)"
21751,"","infinix-smart-hd-side-rubber-key","Infinix Smart HD Side Rubber Key","Already imported (--resume)"
21748,"","oneplus-nord-ce-2-side-rubber-key","OnePlus Nord CE 2 Side Rubber Key","Already imported (--resume)"
21747,"","oneplus-nord-ce-4-lite-side-rubber-key","OnePlus Nord CE 4 Lite Side Rubber Key","Already imported (--resume)"
21746,"","oneplus-nord-2-side-rubber-key","OnePlus Nord 2 Side Rubber Key","Already imported (--resume)"
21658,"","vivo-y28-4g-on-off-flex","Vivo Y28 4G on/off Flex","Already imported (--resume)"
21503,"","force-bn63-battery-for-redmi-10-mi-10-prime","Force BN63 Battery for Redmi 10 / Mi 10 Prime","Already imported (--resume)"
21502,"","force-bn45-battery-for-mi-note-5-pro","Force BN45 Battery for Mi Note 5 Pro","Already imported (--resume)"
21501,"","force-nh50-battery-for-moto-g22-moto-g13-moto-g53-5g-moto-e13-moto-e32","Force NH50 Battery for Moto G22 / Moto G13 / Moto G53 5G / Moto E13 / Moto E32","Already imported (--resume)"
21494,"","force-bn4a-battery-for-mi-note-7-mi-note-7s-mi-note-7-pro","Force BN4A Battery for Mi Note 7 / Mi Note 7S / Mi Note 7 Pro","Already imported (--resume)"
21492,"","force-jk50-battery-for-motorola-smartphones","Force JK50 Battery for Motorola smartphones","Already imported (--resume)"
21493,"","force-b-w3-battery-for-vivo-y22-vivo-y22s-2","Force B-W3 Battery for Vivo Y22 / Vivo Y22s","Already imported (--resume)"
21486,"","force-b-w3-battery-for-vivo-y22-vivo-y22s","Force PC50 Battery for Moto G14 / Moto G54 5G / Moto E14","Already imported (--resume)"
21490,"","force-ng50-battery-for-moto-g71-5g-moto-g62-2","Force NG50 Battery for Moto G71 5G / Moto G62","Already imported (--resume)"
21485,"","force-ng50-battery-for-moto-g71-5g-moto-g62","Force NC50 Battery for Moto G41 / Moto G32","Already imported (--resume)"
21489,"","force-nd50-battery-for-moto-g31-moto-g42-moto-g62-5g","Force ND50 Battery for Moto G31 / Moto G42 / Moto G62 5G","Already imported (--resume)"
21483,"","force-ne50-battery-for-moto-g52-moto-g72-moto-g82-5g","Force NE50 Battery for Moto G52 / Moto G72 / Moto G82 5G","Already imported (--resume)"
21477,"","force-bl-58bt-battery-for-tecno-smartphones","Force BL-58BT Battery for Tecno Smartphones","Already imported (--resume)"
21476,"","force-blp721-battery-for-realme-c2-oppo-a1k","Force BLP721 Battery for Realme C2 / Oppo A1k","Already imported (--resume)"
21461,"","force-pc60-battery-for-moto-g54-5g-moto-g54-power","Force PC60 Battery for Moto G54 5G / Moto G54 Power","Already imported (--resume)"
21454,"","realme-11-pro-plus-middle-panel","Realme 11 pro Plus Middle panel","Already imported (--resume)"
20714,"","oppo-a74-5g-on-off-flex","Oppo A74 5G On/Off Flex","Already imported (--resume)"
20713,"","oppo-f21-pro-4g-on-off-flex","Oppo F21 Pro 4G On/Off Flex","Already imported (--resume)"
20710,"","honor-9x-on-off-flex","Honor 9X On/Off Flex","Already imported (--resume)"
20711,"","oppo-a18-new-on-off-flex","Oppo A18 New On/Off Flex","Already imported (--resume)"
20712,"","mi-note-11-pro-on-off-flex-2","Mi Note 11 Pro+ On/Off Flex","Already imported (--resume)"
20609,"","realme-c67-5g-main-flex","Realme C67 5G Main Flex","Already imported (--resume)"
20602,"","vivo-y53-2020-camera-glass","Vivo Y53 2020 Camera Glass","Already imported (--resume)"
20534,"","mi-10-prime-back-panel","Mi 10 Prime Back Panel","Already imported (--resume)"
20526,"","kechaoda-14-pin-2-4-l-c-d","Kechaoda 14 Pin 2.4 L.C.D.","Already imported (--resume)"
20525,"","lava-a5-24-pin-2-4-l-c-d","Lava A5 24 Pin 2.4 L.C.D.","Already imported (--resume)"
20524,"","jio-17-pin-1-8-l-c-d","Jio 17 Pin 1.8 L.C.D.","Already imported (--resume)"
20517,"","mi-a3-new-poco-c61-with-frame","Mi A3 New / Poco C61 With Frame","Already imported (--resume)"
20520,"","oppo-a5-2020-a9-2020-finger-sensor","Oppo A5 (2020) / A9 (2020) Finger Sensor","Already imported (--resume)"
20494,"","mi-note12-5g-camera-glass","Mi Note12 5G Camera glass","Already imported (--resume)"
20493,"","vivo-v21e-5g-display-conector","Vivo V21e 5G Camera glass","Already imported (--resume)"
20492,"","realme-2-display-conector","Realme 2 Camera glass","Already imported (--resume)"
20491,"","1nord-ce4-main-flex","1+Nord CE4 Main Flex","Already imported (--resume)"
20464,"","40-power-l-c-d","KTT 40 Power L.C.D.","Already imported (--resume)"
20409,"","moto-e13-back-panel-blue","Moto E13 Back Panel &#8211; Blue","Already imported (--resume)"
20408,"","moto-e13-back-panel-black","Moto E13 Back Panel &#8211; Black","Already imported (--resume)"
20407,"","moto-e13-back-panel-white","Moto E13 Back Panel &#8211; White","Already imported (--resume)"
20406,"","moto-g64-back-panel-purple","Moto G64 Back Panel &#8211; Purple","Already imported (--resume)"
20405,"","moto-g64-back-panel-green","Moto G64 Back Panel &#8211; Green","Already imported (--resume)"
20404,"","moto-g64-back-panel-blue","Moto G64 Back Panel &#8211; Blue","Already imported (--resume)"
20403,"","moto-g85-back-panel-black","Moto G85 Back Panel &#8211; Black","Already imported (--resume)"
20402,"","moto-g85-back-panel-red","Moto G85 Back Panel &#8211; Red","Already imported (--resume)"
20401,"","moto-g85-back-panel-blue","Moto G85 Back Panel &#8211; Blue","Already imported (--resume)"
20400,"","moto-g04-back-panel-green","Moto G04 Back Panel &#8211; Green","Already imported (--resume)"
20399,"","moto-g04-back-panel-blue","Moto G04 Back Panel &#8211; Blue","Already imported (--resume)"
20398,"","moto-g04-back-panel-red","Moto G04 Back Panel &#8211; Red","Already imported (--resume)"
20397,"","moto-g04-back-panel-purple","Moto G04 Back Panel &#8211; Purple","Already imported (--resume)"
20396,"","moto-edge-60-fusition-back-panel-purple","Moto EDGE 60 Fusition Back Panel &#8211; Purple","Already imported (--resume)"
20395,"","moto-edge-60-fusition-back-panel-pink","Moto EDGE 60 Fusition Back Panel &#8211; Pink","Already imported (--resume)"
20394,"","moto-edge-60-fusition-back-panel-green","Moto EDGE 60 Fusition Back Panel &#8211; Green","Already imported (--resume)"
20393,"","moto-edge-40-neo-back-panel-green","Moto EDGE 40 Neo Back Panel &#8211; Green","Already imported (--resume)"
20392,"","moto-edge-40-neo-back-panel-blue","Moto EDGE 40 Neo Back Panel &#8211; Blue","Already imported (--resume)"
20391,"","moto-edge-40-neo-back-panel-black","Moto EDGE 40 Neo Back Panel &#8211; Black","Already imported (--resume)"
20390,"","moto-edge-30-back-panel-black","Moto EDGE 30 Back Panel &#8211; Black","Already imported (--resume)"
20389,"","moto-edge-30-back-panel-blue","Moto EDGE 30 Back Panel &#8211; Blue","Already imported (--resume)"
20385,"","moto-eade-40-back-panel-blue","Moto EADE 40 Back Panel &#8211; Blue","Already imported (--resume)"
20386,"","moto-eade-40-back-panel-green","Moto EADE 40 Back Panel &#8211; Green","Already imported (--resume)"
20387,"","moto-eade-40-back-panel-red","Moto EADE 40 Back Panel &#8211; Red","Already imported (--resume)"
20388,"","moto-eade-40-back-panel-black","Moto EADE 40 Back Panel &#8211; Black","Already imported (--resume)"
20383,"","moto-g54-back-panel-blue","Moto G54 Back Panel &#8211; Blue","Already imported (--resume)"
20384,"","moto-g54-back-panel-green","Moto G54 Back Panel &#8211; Green","Already imported (--resume)"
20382,"","moto-g34-back-panel-blue","Moto G34 Back Panel &#8211; Blue","Already imported (--resume)"
20381,"","moto-g34-back-panel-black","Moto G34 Back Panel &#8211; Black","Already imported (--resume)"
20379,"","moto-g62-back-panel-white","Moto G62  Back Panel &#8211; White","Already imported (--resume)"
20378,"","moto-g62-back-panel-black","Moto G62  Back Panel &#8211; Black","Already imported (--resume)"
20377,"","moto-g14-back-panel-black","Moto G14 Back Panel &#8211; Black","Already imported (--resume)"
20365,"","realme-14x-ringback-panel","Realme 14X Ring+Back Panel","Already imported (--resume)"
20364,"","realme-c11-2020-back-panel","Realme C11 2020 Back Panel","Already imported (--resume)"
20363,"","lava-yuwa-pro-back-panel-2","Lava Yuwa Pro Back Panel","Already imported (--resume)"
20362,"","infinix-hot-10-back-panel","Infinix Hot 10 Back Panel","Already imported (--resume)"
20354,"","mi-11-pro-back-panel","Mi 11 Pro + Back Panel","Already imported (--resume)"
20353,"","mi-a3-new-back-panel","Mi A3 New Back Panel","Already imported (--resume)"
20352,"","mi-note-12-pro-5g-back-panel","Mi Note 12 Pro 5G Back Panel","Already imported (--resume)"
20284,"","vivo-v30e-back-panel-blue","Vivo V30E Back Panel &#8211; Blue","Already imported (--resume)"
20282,"","vivo-v21-5g-back-panel-purpal","Vivo V21 5g Back Panel &#8211; Purpal","Already imported (--resume)"
20049,"","itel-p55-og-cc-flex","Itel P55 Og CC Flex","Already imported (--resume)"
20048,"","vivo-v7-og-cc-flex","Vivo V7+ Og CC Flex","Already imported (--resume)"
20047,"","realme-9-pro-og-cc-flex","Realme 9 Pro Og CC Flex","Already imported (--resume)"
20045,"","smart-8-og-cc-flex","Smart 8 Og CC Flex","Already imported (--resume)"
20046,"","one-plus-6-og-cc-flex","One Plus 6 Og CC Flex","Already imported (--resume)"
20044,"","smart-7-hd-og-cc-flex","Smart 7 HD Og CC Flex","Already imported (--resume)"
19788,"","bn5r-battery-for-redmi-a3-new-poco-c61-mi-a3x","BN5R Battery For Redmi A3 New , Poco C61 , Mi A3X","Already imported (--resume)"
19845,"","oneplus-8-on-off","OnePlus 8 On/Off","Already imported (--resume)"
19844,"","oppo-a96-on-off-flex","Oppo A96 On/Off Flex","Already imported (--resume)"
19843,"","oppo-a7-on-off-flex","Oppo A7 On/Off Flex","Already imported (--resume)"
19808,"","blp-877-battery-for-realme-8i-realme-8-c30-c31-c33-c35","BLP &#8211; 877 Battery For Realme 8i , Realme 8 , C30 , C31 , C33 , C35","Already imported (--resume)"
19787,"","b-o8-battery-for-vivo-y52s-y31-2021-y51-2020-y31s-y53s-y72","B &#8211; O8 Battery For Vivo Y52S , Y31 (2021) , Y51 (2020) , Y31S , Y53S , Y72","Already imported (--resume)"
19786,"","b-w1-battery-for-vivo-y02-y35-t2x","B &#8211; W1 Battery For Vivo Y02 , Y35 , T2X","Already imported (--resume)"
19785,"","blp-a17-battery-for-realme-c53-c67-c65-realme-12-5g-realme-12x-narzo-n53","BLP &#8211; A17 Battery For Realme C53 , C67 , C65 , Realme 12 5G , Realme 12X , Narzo N53","Already imported (--resume)"
19585,"","keypaid-phone-type-c-16-pin-l7-ver-2","Keypaid Phone Type C 16 pin L7 Ver. 2","Already imported (--resume)"
19576,"","keypaid-phone-type-c-16-pin-l6-ver-2","Keypaid Phone Type C 16 pin L6 Ver. 2","Already imported (--resume)"
19577,"","keypaid-phone-type-c-16-pin-l6-ver-1","Keypaid Phone Type C 16 pin L6 Ver. 1","Already imported (--resume)"
19579,"","keypaid-phone-type-c-16-pin-l7-ver-1","Keypaid Phone Type C 16 pin L7 Ver. 1","Already imported (--resume)"
19566,"","vivo-v29-pro-back-panel-blue","Vivo V29 Pro Back Panel &#8211; Blue","Already imported (--resume)"
19568,"","oppo-a5-back-panel","Oppo A5 Back Panel","Already imported (--resume)"
19567,"","mi-note-14-5g-back-panel","Mi Note 14 5G Back Panel","Already imported (--resume)"
19565,"","realme-narzo-n65-back-panel","Realme Narzo N65 Back Panel","Already imported (--resume)"
19564,"","realme-10-back-panel","Realme 10 Back Panel","Already imported (--resume)"
19563,"","oppo-a57-new-back-panel","Oppo A57 New Back Panel","Already imported (--resume)"
19562,"","oppo-f11-pro-back-panel","Oppo F11 Pro Back Panel","Already imported (--resume)"
19561,"","oppo-f7-back-panel-2","Oppo F7 Back Panel","Already imported (--resume)"
19560,"","redmi-12-4g-ring-back-panel","Redmi 12 4G Ring + Back Panel","Already imported (--resume)"
19548,"","mi-a1-new-back-panel","Mi A1 New Back Panel","Already imported (--resume)"
19547,"","vivo-y200-back-panel-black","Vivo Y200 Back Panel &#8211; Black","Already imported (--resume)"
19546,"","vivo-y200-back-panel-gold","Vivo Y200 Back Panel &#8211; Gold","Already imported (--resume)"
19545,"","mi-note-11-pro-back-panel","Mi Note 11 Pro + Back Panel","Already imported (--resume)"
19544,"","vivo-y200-back-panel-blue","Vivo Y200 Back Panel &#8211; Blue","Already imported (--resume)"
19543,"","realme-7-ring-back-panel","Realme 7 Ring + Back Panel","Already imported (--resume)"
19542,"","mi-go-back-panel","Mi Go Back Panel","Already imported (--resume)"
19541,"","vivo-y18e-back-panel","Vivo Y18E Back Panel","Already imported (--resume)"
19540,"","tecno-spark-5-pro-back-panel","Tecno Spark 5 Pro Back Panel","Already imported (--resume)"
19539,"","benco-v60-back-panel","Benco V60 Back Panel","Already imported (--resume)"
19534,"","oppo-a7-back-panel","Oppo A7 Back Panel","Already imported (--resume)"
19533,"","redmi-9c-back-panel","Redmi 9C Back Panel","Already imported (--resume)"
19532,"","vivo-s1-pro-ring-back-panel","Vivo S1 Pro Ring + Back Panel","Already imported (--resume)"
19531,"","oppo-a15-ring-back-panel","Oppo A15 Ring + Back Panel","Already imported (--resume)"
19530,"","vivo-s1-ring-back-panel","Vivo S1 Ring + Back Panel","Already imported (--resume)"
19529,"","vivo-v15-middil-panel","Vivo V15 Middle Panel","Already imported (--resume)"
19528,"","mi-10i-middil-panel","Mi 10i Middle Panel","Already imported (--resume)"
19527,"","lava-z3-middil-panel","Lava Z3 Middle Panel","Already imported (--resume)"
19526,"","mi-note-10-5g-on-off-flex","Mi Note 10 5G On/Off Flex","Already imported (--resume)"
19525,"","samsung-a06-finger-sensor-100-working","Samsung A06 Finger Sensor 100% Working","Already imported (--resume)"
19524,"","itel-vision-5-og-cc-flex","Itel Vision 5 Og CC Flex","Already imported (--resume)"
19523,"","vivo-s1-l-c-d-flex","Vivo S1 L.C.D. Flex","Already imported (--resume)"
19522,"","samsung-a12-sim-holder","Samsung A12 Sim Holder","Already imported (--resume)"
19521,"","itel-24-in-2-4-size-l-c-d","Itel 24 in 2.4 Size L.C.D.","Already imported (--resume)"
19252,"","bn-37-battery-for-redmi-6-redmi-6a","BN 37 Battery For Redmi 6 , Redmi 6A","Already imported (--resume)"
19251,"","bn-46-battery-for-mi-note-6-note-8-redmi-7-redmi-y3","BN 46 Battery For Mi Note 6 , Note 8 , Redmi 7 , Redmi Y3","Already imported (--resume)"
19250,"","b-g7-battery-for-vivo-y11-y12-y15-y17-z1-pro","B-G7 Battery For Vivo Y11 , Y12 , Y15 , Y17 , Z1 Pro","Already imported (--resume)"
19249,"","b-o5-battery-for","B-O5 Battery For Vivo Y20 , Y20S","Already imported (--resume)"
19248,"","b-s2-battery-for-vivo-y33s","B-S2 Battery For Vivo Y33s","Already imported (--resume)"
19247,"","blp-803-battery-for-realme-7i-oppo-a53","BLP 803 Battery For Realme 7i , Oppo A53","Already imported (--resume)"
19246,"","hq-50s-battery-for-samsung-a02s-a03-a03s-m02s","HQ -50S Battery For Samsung A02S , A03 , A03S , M02S","Already imported (--resume)"
19231,"","b-f3-battery-for-vivo-y91-y93-y95","B-F3 Battery For Vivo Y91 , Y93 , Y95","Already imported (--resume)"
19230,"","bn-51-battery-for-redmi-8-redmi-8a","BN 51 Battery For Redmi 8 , Redmi 8A","Already imported (--resume)"
19229,"","blp-729-battery-for-realme-5i-realme-c3-realme-c11","BLP 729 Battery For Realme 5i , Realme C3 , Realme C11","Already imported (--resume)"
19228,"","blp-673-battery-for-oppo-a3s-a5-a5s-a7-realme-2-realme-c1","BLP 673 Battery For Oppo A3S , A5 , A5s , A7 , Realme 2 , Realme C1","Already imported (--resume)"
19227,"","bn56-battery-for-mi-9a-9c-poco-m2-pro","BN56 Battery For Mi 9A , 9C , Poco M2 Pro","Already imported (--resume)"
19226,"","bn62-battery-for-mi-note-9-9-power-poco-m3","BN62 Battery For Mi Note 9 , 9 Power , Poco M3","Already imported (--resume)"
19225,"","b-t6-battery-for-vivo-t1-5g-iqoo-z6-5g","B-T6 Battery For Vivo T1 5G , IQOO Z6 5G","Already imported (--resume)"
19209,"","mi-12-4g-back-panel-blue","Mi 12 4G Back Panel &#8211; Blue","Already imported (--resume)"
19208,"","mi-12-4g-back-panel-white","Mi 12 4G Back Panel &#8211; White","Already imported (--resume)"
19207,"","mi-12-4g-back-panel-black","Mi 12 4G Back Panel &#8211; Black","Already imported (--resume)"
19206,"","mi-12-5g-back-panel-blue","Mi 12 5G Back Panel &#8211; Blue","Already imported (--resume)"
19205,"","mi-12-5g-back-panel-white","Mi 12 5G Back Panel &#8211; White","Already imported (--resume)"
19204,"","mi-12-5g-back-panel-black","Mi 12 5G Back Panel &#8211; Black","Already imported (--resume)"
19197,"","samsung-j2-ringer","Samsung J2 Ringer","Already imported (--resume)"
19195,"","realme-2-volume-flex","Realme 2 Volume Flex","Already imported (--resume)"
19193,"","realme-11x-ringer-box","Realme 11X Ringer Box","Already imported (--resume)"
19190,"","oppo-a54-4g-on-off-flex","Oppo A54 4g On/Off Flex","Already imported (--resume)"
19189,"","samsung-m32-4g-og-cc-flex","Samsung M32 4G Og Cc Flex","Already imported (--resume)"
19166,"","vivo-y04-ringback-panel","Vivo Y04 Ring+Back Panel","Already imported (--resume)"
19165,"","realme-9i-5g-back-panel","Realme 9i 5G Back Panel","Already imported (--resume)"
19164,"","oppo-a3x-ringback-panel","Oppo A3X Ring+Back Panel","Already imported (--resume)"
19163,"","realme-11-pro-back-panel","Realme 11 Pro + Back Panel","Already imported (--resume)"
19162,"","mi-10t-back-panel","Mi 10T Back Panel","Already imported (--resume)"
19161,"","narzo-50a-back-panel","Narzo 50A Back Panel","Already imported (--resume)"
19160,"","mi-a2-old-back-panel","Mi A2 Old Back Panel","Already imported (--resume)"
19159,"","mi-11-prime-5g-back-panel-2","Mi 11 Prime 5G Back Panel","Already imported (--resume)"
19140,"","vivo-v19e-middil-panel","Vivo V19E Middle Panell","Already imported (--resume)"
19139,"","moto-g04-middil-panel","Moto G04 Middle Panel","Already imported (--resume)"
19117,"","vivo-x60-pro-back-panel-blue","Vivo X60 Pro Back Panel &#8211; Blue","Already imported (--resume)"
19116,"","vivo-y36-back-panel-yellow","Vivo Y36 Back Panel &#8211; Yellow","Already imported (--resume)"
19115,"","vivo-y36-back-panel-black","Vivo Y36 Back Panel &#8211; Black","Already imported (--resume)"
19114,"","vivo-y36-back-panel-blue","Vivo Y36 Back Panel &#8211; Blue","Already imported (--resume)"
19113,"","vivo-y300-pro-back-panel-silver","Vivo Y300 Pro Back Panel &#8211; Silver","Already imported (--resume)"
19112,"","vivo-y300-pro-back-panel-white","Vivo Y300 Pro Back Panel &#8211; White","Already imported (--resume)"
19111,"","vivo-y300-pro-back-panel-blue","Vivo Y300 Pro Back Panel &#8211; Blue","Already imported (--resume)"
19110,"","vivo-y300-pro-back-panel-black","Vivo Y300 Pro Back Panel &#8211; Black","Already imported (--resume)"
19109,"","vivo-y300-back-panel-black","Vivo Y300 Back Panel &#8211; Black","Already imported (--resume)"
19108,"","vivo-y300-back-panel-purple","Vivo Y300 Back Panel &#8211; Purple","Already imported (--resume)"
19107,"","vivo-y300-back-panel-green","Vivo Y300 Back Panel &#8211; Green","Already imported (--resume)"
19106,"","vivo-v25-back-panel-black-2","Vivo V25 Back Panel &#8211; Black","Already imported (--resume)"
19105,"","vivo-v25-back-panel-yellow","Vivo V25 Back Panel &#8211; Yellow","Already imported (--resume)"
19104,"","vivo-v25-back-panel-black","Vivo V25 Back Panel &#8211; Blue","Already imported (--resume)"
19103,"","vivo-x50-pro-back-panel-black","Vivo X50 Pro Back Panel &#8211; Black","Already imported (--resume)"
19102,"","vivo-v25-pro-back-panel-yellow","Vivo V25 Pro Back Panel &#8211; Yellow","Already imported (--resume)"
19101,"","vivo-x80-pro-back-panel-black","Vivo X80 Pro Back Panel &#8211; Black","Already imported (--resume)"
19100,"","vivo-x80-pro-back-panel-green","Vivo X80 Pro Back Panel &#8211; Green","Already imported (--resume)"
19099,"","vivo-x60-back-panel-black","Vivo X60 Back Panel &#8211; Black","Already imported (--resume)"
19098,"","vivo-x60-back-panel-blue","Vivo X60 Back Panel &#8211; Blue","Already imported (--resume)"
19097,"","vivo-x70-pro-back-panel-black","Vivo X70 Pro Back Panel &#8211; Black","Already imported (--resume)"
19096,"","vivo-x70-pro-back-panel-blue","Vivo X70 Pro Back Panel &#8211; Blue","Already imported (--resume)"
19095,"","vivo-x70-back-panel-black","Vivo X70 Back Panel &#8211; Black","Already imported (--resume)"
19094,"","vivo-x70-back-panel-blue","Vivo X70 Back Panel &#8211; Blue","Already imported (--resume)"
19090,"","vivo-t2-pro-back-panel","Vivo T2 Pro Back Panel &#8211; Blue","Already imported (--resume)"
19089,"","vivo-t2-pro-back-panel-black","Vivo T2 Pro Back Panel &#8211; Black","Already imported (--resume)"
19088,"","vivo-t2-pro-back-panel-white","Vivo T2 Pro Back Panel &#8211; White","Already imported (--resume)"
19087,"","vivo-x80-back-panel-green","Vivo X80 Back Panel &#8211; Green","Already imported (--resume)"
19086,"","vivo-x50-back-panel-blue","Vivo X50 Back Panel &#8211; Blue","Already imported (--resume)"
19085,"","vivo-x50-back-panel-black","Vivo X50 Back Panel &#8211; Black","Already imported (--resume)"
19084,"","vivo-v20-4g-back-panel-white","Vivo V20 4G Back Panel &#8211; White","Already imported (--resume)"
19083,"","vivo-v20-4g-back-panel-blue","Vivo V20 4G Back Panel &#8211; Blue","Already imported (--resume)"
19082,"","vivo-v20-4g-back-panel-black","Vivo V20 4G Back Panel &#8211; Black","Already imported (--resume)"
19081,"","vivo-v29-back-panel-gold","Vivo v29 Back Panel &#8211; Gold","Already imported (--resume)"
19080,"","vivo-v29-back-panel-black","Vivo v29 Back Panel &#8211; Black","Already imported (--resume)"
19079,"","vivo-v29-back-panel-pink","Vivo v29 Back Panel &#8211; Pink","Already imported (--resume)"
19078,"","vivo-v29-back-panel-white","Vivo v29 Back Panel &#8211; White","Already imported (--resume)"
19077,"","vivo-v29-pro-back-panel-brown","Vivo V29 Pro Back Panel &#8211; Brown","Already imported (--resume)"
19076,"","vivo-v29-pro-back-panel-black","Vivo V29 Pro Back Panel &#8211; Black","Already imported (--resume)"
19075,"","vivo-v29-pro-back-panel-white","Vivo V29 Pro Back Panel &#8211; White","Already imported (--resume)"
19074,"","vivo-v29-pro-back-panel-pink","Vivo V29 Pro Back Panel &#8211; Pink","Already imported (--resume)"
19073,"","vivo-v40-pro-back-panel-black","Vivo V40 Pro Back Panel &#8211; Black","Already imported (--resume)"
19072,"","vivo-v40-pro-back-panel-purple","Vivo V40 Pro Back Panel &#8211; Purple","Already imported (--resume)"
19071,"","vivo-v40-pro-back-panel-white","Vivo V40 Pro Back Panel &#8211; White","Already imported (--resume)"
19069,"","vivo-v40-pro-back-panel-green","Vivo V40 Pro Back Panel &#8211; Green","Already imported (--resume)"
19054,"","vivo-v30-pro-back-panel-black","Vivo V30 Pro Back Panel &#8211; Black","Already imported (--resume)"
19055,"","vivo-v30-pro-back-panel-white","Vivo V30 Pro Back Panel &#8211; White","Already imported (--resume)"
19056,"","vivo-v30-pro-back-panel-blue","Vivo V30 Pro Back Panel &#8211; Blue","Already imported (--resume)"
19057,"","vivo-v30-pro-back-panel-green","Vivo V30 Pro Back Panel &#8211; Green","Already imported (--resume)"
19058,"","vivo-v40-back-panel-black","Vivo V40 Back Panel &#8211; Black","Already imported (--resume)"
19059,"","vivo-v40-back-panel-white","Vivo V40 Back Panel &#8211; White","Already imported (--resume)"
19060,"","vivo-v40-back-panel-purple","Vivo V40 Back Panel &#8211; Purple","Already imported (--resume)"
19061,"","vivo-v29e-back-panel-blue","Vivo V29E Back Panel &#8211; Blue","Already imported (--resume)"
19062,"","vivo-v29e-back-panel-black","Vivo V29E Back Panel &#8211; Black","Already imported (--resume)"
19063,"","vivo-v29e-back-panel-brown","Vivo V29E Back Panel &#8211; Brown","Already imported (--resume)"
19053,"","vivo-v27-back-panel-black","Vivo V27 Back Panel &#8211; Black","Already imported (--resume)"
19052,"","vivo-v27-back-panel-blue","Vivo V27 Back Panel &#8211; Blue","Already imported (--resume)"
19051,"","vivo-v27-back-panel-green","Vivo V27 Back Panel &#8211; Green","Already imported (--resume)"
19050,"","vivo-v27-back-panel-yellow","Vivo V27 Back Panel &#8211; Yellow","Already imported (--resume)"
19049,"","vivo-v21-5g-back-panel-black","Vivo V21 5g Back Panel &#8211; Black","Already imported (--resume)"
19048,"","vivo-v21-5g-back-panel-white","Vivo V21 5g Back Panel &#8211; White","Already imported (--resume)"
19047,"","vivo-v21-5g-back-panel-blue","Vivo V21 5g Back Panel &#8211; Blue","Already imported (--resume)"
19046,"","vivo-v27-pro-back-panel-blue","Vivo V27 Pro Back Panel &#8211; Blue","Already imported (--resume)"
19045,"","vivo-v27-pro-back-panel-yellow","Vivo V27 Pro Back Panel &#8211; Yellow","Already imported (--resume)"
19044,"","vivo-v27-pro-back-panel-green","Vivo V27 Pro Back Panel &#8211; Green","Already imported (--resume)"
19042,"","vivo-v27-pro-back-panel-black","Vivo V27 Pro Back Panel &#8211; Black","Already imported (--resume)"
19041,"","vivo-v23-pro-back-panel-blue","Vivo V23 Pro Back Panel &#8211; Blue","Already imported (--resume)"
19040,"","vivo-v23-pro-back-panel-yellow","Vivo V23 Pro Back Panel &#8211; Yellow","Already imported (--resume)"
19039,"","vivo-v23-pro-back-panel-black","Vivo V23 Pro Back Panel &#8211; Black","Already imported (--resume)"
19038,"","vivo-v23e-back-panel-black","Vivo V23E Back Panel &#8211; Black","Already imported (--resume)"
19037,"","vivo-v23e-back-panel-yellow","Vivo V23E Back Panel &#8211; Yellow","Already imported (--resume)"
19036,"","vivo-v23e-back-panel-blue","Vivo V23E Back Panel &#8211; Blue","Already imported (--resume)"
19035,"","vivo-v23e-back-panel-green","Vivo V23E Back Panel &#8211; Green","Already imported (--resume)"
19018,"","vivo-v30-back-panel-green","Vivo V30 Back Panel &#8211; Green","Already imported (--resume)"
19017,"","vivo-v30-back-panel-white","Vivo V30 Back Panel &#8211; White","Already imported (--resume)"
19016,"","vivo-v30-back-panel-blue","Vivo V30 Back Panel &#8211; Blue","Already imported (--resume)"
19015,"","vivo-v40e-back-panel-gold","Vivo V40E Back Panel &#8211; Gold","Already imported (--resume)"
19014,"","vivo-v40e-back-panel-green","Vivo V40E Back Panel &#8211; Green","Already imported (--resume)"
19013,"","vivo-v30e-back-panel-white","Vivo V30E Back Panel &#8211; White","Already imported (--resume)"
19012,"","vivo-v30e-back-panel-brown","Vivo V30E Back Panel &#8211; Brown","Already imported (--resume)"
19011,"","vivo-v23-back-panel-yellow","Vivo V23 Back Panel &#8211; Yellow","Already imported (--resume)"
19010,"","vivo-v23-back-panel-black","Vivo V23 Back Panel &#8211; Black","Already imported (--resume)"
19009,"","vivo-v23-back-panel-blue","Vivo V23 Back Panel &#8211; Blue","Already imported (--resume)"
18689,"","oppo-a31-2020-middil-panel","Oppo A31 2020 Middle Panel","Already imported (--resume)"
18640,"","for-vivo-v20-5g-back-panel-white","For Vivo V20 5G Back Panel &#8211; White","Already imported (--resume)"
18641,"","for-vivo-v20-5g-back-panel-blue","For Vivo V20 5G Back Panel &#8211; Blue","Already imported (--resume)"
18639,"","for-benco-v91-back-panel","For Benco V91 Back Panel","Already imported (--resume)"
18638,"","benco-v70-back-panel","Benco V70 Back Panel","Already imported (--resume)"
18637,"","lava-yuwa-pro-back-panel","Lava Yuwa Pro Back Panel","Already imported (--resume)"
18636,"","realme-c21-2020-back-panel","Realme C21 2020 Back Panel","Already imported (--resume)"
18635,"","for-benco-y40-back-panel","For Benco Y40 Back Panel","Already imported (--resume)"
18634,"","for-samsung-m13-5g-back-panel","For Samsung M13 5G Back Panel","Already imported (--resume)"
18633,"","for-benco-y50-pro-back-panel","For Benco Y50 Pro Back Panel","Already imported (--resume)"
18632,"","for-benco-v82-back-panel","For Benco V82 Back Panel","Already imported (--resume)"
18623,"","front-camera-dust-proof-sponge","Front Camera Dust Proof Sponge","Already imported (--resume)"
18622,"","t12-skussoldring-iron-bit","T12 &#8211; SKUSSoldring Iron bit","Already imported (--resume)"
18620,"","vivo-v29e-ringer-box","Vivo V29E Ringer Box","Already imported (--resume)"
18619,"","infinix-pop-5-pro-og-cc-flex","Infinix Pop 5 Pro Og Cc Flex","Already imported (--resume)"
18618,"","oppo-k1-volume-flex","Oppo K1 Volume Flex","Already imported (--resume)"
18611,"","lava-z3-main-flex","Lava Z3 Main Flex","Already imported (--resume)"
18610,"","lava-yuwa-pro-main-flex","Lava Yuwa Pro Main Flex","Already imported (--resume)"
18571,"","vivo-t3-lite-y18-y03-y28s-middil-panel","Vivo T3 Lite / Y18 / Y03 / Y28s Middle Panel","Already imported (--resume)"
18570,"","benco-y50-pro-middil-panel","Benco Y50 Pro Middle Panel","Already imported (--resume)"
18569,"","18569","Benco Y40 Middle Panel","Already imported (--resume)"
18568,"","benco-v82-middil-panel","Benco V82 Middle Panel","Already imported (--resume)"
18574,"","benco-s1-middil-panel","Benco S1 Middle Panel","Already imported (--resume)"
18566,"","benco-s1-pro-middil-panel","Benco S1 Pro Middle Panel","Already imported (--resume)"
18565,"","moto-g72-middil-panel","Moto G72 Middle Panel","Already imported (--resume)"
18537,"","jio-bharat-15-pin-1-8-size-l-c-d","Jio Bharat 15 Pin 1.8 Size L.C.D.","Already imported (--resume)"
18536,"","jio-bharat-24-pin-2-4-size-l-c-d","Jio Bharat 24 Pin 2.4 Size L.C.D.","Already imported (--resume)"
18535,"","cellcor-11-pin-1-8-size-l-c-d","Cellcor 11 Pin 1.8 Size L.C.D.","Already imported (--resume)"
18529,"","samsung-7262-power-switch","Samsung 7262 Power Switch","Already imported (--resume)"
18528,"","samsung-j2-power-switch","Samsung J2 Power Switch","Already imported (--resume)"
18527,"","4-pin-switch-small","4 Pin Switch Small","Already imported (--resume)"
18526,"","2-pin-switch-small","2 Pin Switch Small","Already imported (--resume)"
18487,"","for-vivo-z1x-ring-back-panel","For Vivo Z1x Ring+ Back Panel","Already imported (--resume)"
18485,"","infinix-smart-8-hd-finger-sensor","Infinix Smart 8 HD Finger Sensor","Already imported (--resume)"
18222,"","oppo-reno-8-5g-sim-holder","Oppo Reno 8 (5G) Sim Holder","Already imported (--resume)"
18220,"","one-10r-main-flex","One +10R Main Flex","Already imported (--resume)"
18219,"","realme-7-pro-main-flex-2","Realme 7 Pro L.C.D. Flex","Already imported (--resume)"
18218,"","vivo-y28-new-y17s-finger-sensor","Vivo Y28 New &#8211; Y17S Finger Sensor","Already imported (--resume)"
18217,"","vivo-t2x-finger-sensor","Vivo T2X Finger Sensor","Already imported (--resume)"
18216,"","oppo-a11x-on-off-flex","Oppo A11X On/Off Flex","Already imported (--resume)"
18215,"","realme-narzo-60x-og-cc-flex","Realme Narzo 60x Og Cc Flex","Already imported (--resume)"
18204,"","tecno-spark-go-2022-og-cc-flex","Tecno Spark Go 2022 Og Cc Flex","Already imported (--resume)"
18203,"","mi-13c-5g-og-cc-flex","Mi 13C 5G Og Cc Flex","Already imported (--resume)"
18197,"","for-i-phone-se-2020-back-panel-red","For I Phone SE (2020) Back panel &#8211; RED","Already imported (--resume)"
18196,"","for-i-phone-se-2020-back-panel-black","For I Phone SE (2020) Back panel &#8211; BLACK","Already imported (--resume)"
18195,"","for-i-phone-se-2020-back-panel-white","For I Phone SE (2020) Back panel &#8211; WHITE","Already imported (--resume)"
18191,"","for-i-phone-xr-back-panel-orenge","For I Phone XR Back panel &#8211; ORENGE","Already imported (--resume)"
18192,"","for-i-phone-xr-back-panel-blue","For I Phone XR Back panel &#8211; BLUE","Already imported (--resume)"
18193,"","for-i-phone-xr-back-panel-red","For I Phone XR Back panel &#8211; RED","Already imported (--resume)"
18194,"","for-i-phone-xr-back-panel-yellow","For I Phone XR Back panel &#8211; YELLOW","Already imported (--resume)"
18189,"","for-i-phone-x-back-panel-white","For I Phone X Back panel &#8211; WHITE","Already imported (--resume)"
18190,"","for-i-phone-x-back-panel-black","For I Phone X Back panel &#8211; BLACK","Already imported (--resume)"
18188,"","for-i-phone-xs-max-back-panel-white","For I Phone XS Max Back panel &#8211; WHITE","Already imported (--resume)"
18187,"","for-i-phone-xs-max-back-panel-gold","For I Phone XS Max Back panel &#8211; GOLD","Already imported (--resume)"
18186,"","for-i-phone-xs-max-back-panel-black","For I Phone XS Max Back panel &#8211; BLACK","Already imported (--resume)"
18184,"","for-i-phone-xs-back-panel-black","For I Phone XS Back panel &#8211; BLACK","Already imported (--resume)"
18183,"","for-i-phone-xs-back-panel-gold","For I Phone XS Back panel &#8211; GOLD","Already imported (--resume)"
18182,"","for-i-phone-xs-back-panel-white","For I Phone XS Back panel &#8211; WHITE","Already imported (--resume)"
18181,"","for-i-phone-15-pro-max-back-panel-white","For I Phone 15 Pro Max Back panel &#8211; WHITE","Already imported (--resume)"
18180,"","for-i-phone-15-pro-max-back-panel-blue","For I Phone 15 Pro Max Back panel &#8211; BLUE","Already imported (--resume)"
18179,"","for-i-phone-15-pro-max-back-panel-black","For I Phone 15 Pro Max Back panel &#8211; BLACK","Already imported (--resume)"
18178,"","for-i-phone-15-pro-max-back-panel-titanium","For I Phone 15 Pro Max Back panel &#8211; TITANIUM","Already imported (--resume)"
18153,"","for-i-phone-15-pro-back-panel-titanium","For I Phone 15 Pro Back panel &#8211; TITANIUM","Already imported (--resume)"
18152,"","for-i-phone-15-pro-back-panel-blue","For I Phone 15 Pro Back panel &#8211; BLUE","Already imported (--resume)"
18151,"","for-i-phone-15-pro-back-panel-white","For I Phone 15 Pro Back panel &#8211; WHITE","Already imported (--resume)"
18150,"","for-i-phone-15-pro-back-panel-black","For I Phone 15 Pro Back panel &#8211; Black","Already imported (--resume)"
18149,"","for-i-phone-15-plus-back-panel-yellow","For I Phone 15 Plus Back panel &#8211; YELLOW","Already imported (--resume)"
18147,"","for-i-phone-15-plus-back-panel-black","For I Phone 15 Plus Back panel &#8211; Black","Already imported (--resume)"
18146,"","for-i-phone-15-plus-back-panel-green","For I Phone 15 Plus Back panel &#8211; Green","Already imported (--resume)"
18145,"","for-i-phone-15-plus-back-panel-pink","For I Phone 15 Plus Back panel &#8211; Pink","Already imported (--resume)"
18144,"","for-i-phone-15-plus-back-panel-blue","For I Phone 15 Plus Back panel &#8211; Blue","Already imported (--resume)"
18143,"","for-i-phone-15-back-panel-green","For I Phone 15 Back panel &#8211; Green","Already imported (--resume)"
18142,"","for-i-phone-15-back-panel-black","For I Phone 15 Back panel &#8211; Black","Already imported (--resume)"
18141,"","for-i-phone-15-back-panel-yellow","For I Phone 15 Back panel &#8211; Yellow","Already imported (--resume)"
18140,"","for-i-phone-14-pro-max-back-panel-white","For I Phone 14 Pro Max Back panel &#8211; White","Already imported (--resume)"
18139,"","for-i-phone-14-pro-max-back-panel-black","For I Phone 14 Pro Max Back panel &#8211; Black","Already imported (--resume)"
18138,"","for-i-phone-14-pro-max-back-panel-purple","For I Phone 14 Pro Max Back panel &#8211; Purple","Already imported (--resume)"
18137,"","for-i-phone-14-pro-max-back-panel-gold","For I Phone 14 Pro Max Back panel &#8211; Gold","Already imported (--resume)"
18113,"","for-i-phone-14-plus-back-panel-red","For I Phone 14 Plus Back panel &#8211; Red","Already imported (--resume)"
18115,"","for-i-phone-14-plus-back-panel-blue","For I Phone 14 Plus Back panel &#8211; Blue","Already imported (--resume)"
18111,"","for-i-phone-14-plus-back-panel-yellow","For I Phone 14 Plus Back panel &#8211; Yellow","Already imported (--resume)"
18114,"","for-i-phone-14-plus-back-panel-white","For I Phone 14 Plus Back panel &#8211; White","Already imported (--resume)"
18109,"","for-i-phone-14-plus-back-panel-purple","For I Phone 14 Plus Back panel &#8211; Purple","Already imported (--resume)"
18108,"","for-i-phone-14-pro-back-panel-black","For I Phone 14 Pro Back panel &#8211; Black","Already imported (--resume)"
18107,"","for-i-phone-14-pro-back-panel-white","For I Phone 14 Pro Back panel &#8211; White","Already imported (--resume)"
18106,"","for-i-phone-14-pro-back-panel-purple","For I Phone 14 Pro Back panel &#8211; Purple","Already imported (--resume)"
18105,"","for-i-phone-14-pro-back-panel-gold","For I Phone 14 Pro Back panel &#8211; Gold","Already imported (--resume)"
18104,"","for-i-phone-14-back-panel-blue","For I Phone 14 Back panel &#8211; Blue","Already imported (--resume)"
18103,"","for-i-phone-14-back-panel-white","For I Phone 14 Back panel &#8211; White","Already imported (--resume)"
18102,"","for-i-phone-14-back-panel-black","For I Phone 14 Back panel &#8211; Black","Already imported (--resume)"
18101,"","for-i-phone-14-back-panel-purple","For I Phone 14 Back panel &#8211; Purple","Already imported (--resume)"
18099,"","for-i-phone-14-back-panel-red","For I Phone 14 Back panel &#8211; Red","Already imported (--resume)"
18098,"","for-i-phone-13-pro-max-back-panel-black","For I Phone 13 Pro Max Back panel &#8211; Black","Already imported (--resume)"
18097,"","for-i-phone-13-pro-max-back-panel-white","For I Phone 13 Pro Max Back panel &#8211; White","Already imported (--resume)"
18096,"","for-i-phone-13-pro-max-back-panel-blue","For I Phone 13 Pro Max Back panel &#8211; Blue","Already imported (--resume)"
18095,"","for-i-phone-13-pro-max-back-panel-gold","For I Phone 13 Pro Max Back panel &#8211; Gold","Already imported (--resume)"
18094,"","for-i-phone-13-pro-back-panel-black","For I Phone 13 Pro Back panel &#8211; Black","Already imported (--resume)"
18093,"","for-i-phone-13-pro-back-panel-gold","For I Phone 13 Pro Back panel &#8211; Gold","Already imported (--resume)"
18092,"","for-i-phone-13-pro-back-panel-white","For I Phone 13 Pro Back panel &#8211; White","Already imported (--resume)"
18091,"","for-i-phone-13-mini-back-panel-pink","For I Phone 13 Mini Back panel &#8211; Pink","Already imported (--resume)"
18090,"","for-i-phone-13-mini-back-panel-white","For I Phone 13 Mini Back panel &#8211; White","Already imported (--resume)"
18089,"","for-i-phone-13-mini-back-panel-blue","For I Phone 13 Mini Back panel &#8211; Blue","Already imported (--resume)"
18088,"","for-i-phone-13-mini-back-panel-black","For I Phone 13 Mini Back panel &#8211; Black","Already imported (--resume)"
18087,"","for-i-phone-13-mini-back-panel-green","For I Phone 13 Mini Back panel &#8211; Green","Already imported (--resume)"
18086,"","for-i-phone-13-mini-back-panel-red","For I Phone 13 Mini Back panel &#8211; Red","Already imported (--resume)"
18085,"","for-i-phone-13-back-panel-red","For I Phone 13 Back panel &#8211; Red","Already imported (--resume)"
18084,"","for-i-phone-13-back-panel-white","For I Phone 13 Back panel -White","Already imported (--resume)"
18083,"","for-i-phone-12-pro-max-back-panel-white","For I Phone 12 Pro Max Back panel &#8211; White","Already imported (--resume)"
18082,"","for-i-phone-12-pro-max-back-panel-gold","For I Phone 12 Pro Max Back panel &#8211; Gold","Already imported (--resume)"
18081,"","for-i-phone-12-pro-max-back-panel-blue","For I Phone 12 Pro Max Back panel &#8211; Blue","Already imported (--resume)"
18080,"","for-i-phone-12-pro-max-back-panel-black","For I Phone 12 Pro Max Back panel &#8211; Black","Already imported (--resume)"
18073,"","i-phone-12-back-panel-blue","For I Phone 12 Back panel &#8211; BLUE","Already imported (--resume)"
18072,"","i-phone-12-back-panel-green","For I Phone 12 Back panel &#8211; GREEN","Already imported (--resume)"
18071,"","i-phone-12-back-panel-red","For I Phone 12 Back panel &#8211; RED","Already imported (--resume)"
18070,"","i-phone-12-back-panel-purpal","For I Phone 12 Back panel &#8211; PURPAL","Already imported (--resume)"
18069,"","i-phone-12-back-panel-black","For I Phone 12 Back panel &#8211; BLACK","Already imported (--resume)"
18067,"","i-phone-12-pro-back-panel-black","For I Phone 12 Pro Back panel &#8211; BLACK","Already imported (--resume)"
18066,"","i-phone-12-pro-back-panel-white","For I Phone 12 Pro Back panel &#8211; WHITE","Already imported (--resume)"
18063,"","i-phone-12-mini-back-panel-red","For I Phone 12 Mini Back panel &#8211; RED","Already imported (--resume)"
18064,"","i-phone-12-mini-back-panel-green","For I Phone 12 Mini Back panel &#8211; GREEN","Already imported (--resume)"
18062,"","i-phone-11-pro-max-back-panel-black","For I Phone 11 Pro Max Back panel &#8211; BLACK","Already imported (--resume)"
18061,"","i-phone-11-pro-max-back-panel-gold","For I Phone 11 Pro Max Back panel &#8211; GOLD","Already imported (--resume)"
18060,"","i-phone-11-pro-max-back-panel-green","For I Phone 11 Pro Max Back panel &#8211; GREEN","Already imported (--resume)"
18059,"","i-phone-11-pro-max-back-panel-white","For I Phone 11 Pro Max Back panel &#8211; WHITE","Already imported (--resume)"
18058,"","i-phone-11-pro-back-panel-white","For I Phone 11 Pro Back panel &#8211; WHITE","Already imported (--resume)"
18057,"","i-phone-11-pro-back-panel-black","For I Phone 11 Pro Back panel &#8211; BLACK","Already imported (--resume)"
18056,"","i-phone-11-pro-back-panel-gold","For I Phone 11 Pro Back panel &#8211; GOLD","Already imported (--resume)"
18054,"","i-phone-11-back-panel-yellow","For I Phone 11 Back panel &#8211; YELLOW","Already imported (--resume)"
18053,"","i-phone-11-back-panel-purpal","For I Phone 11 Back panel &#8211; PURPAL","Already imported (--resume)"
18052,"","i-phone-11-back-panel-red","For I Phone 11 Back panel &#8211; RED","Already imported (--resume)"
18051,"","i-phone-11-back-panel-white","For I Phone 11 Back panel &#8211; WHITE","Already imported (--resume)"
18048,"","i-phone-8-back-panel-white-2","For I Phone 8+ Back panel &#8211; WHITE","Already imported (--resume)"
18047,"","i-phone-8-back-panel-red-2","For I Phone 8+ Back panel &#8211; RED","Already imported (--resume)"
18046,"","i-phone-8-back-panel-black-2","For I Phone 8+ Back panel &#8211; BLACK","Already imported (--resume)"
17950,"","i-phone-8-back-panel-black","For I Phone 8 Back panel &#8211; BLACK","Already imported (--resume)"
17949,"","i-phone-8-back-panel-white","For I Phone 8 Back panel &#8211; WHITE","Already imported (--resume)"
17948,"","i-phone-8-back-panel-gold","For I Phone 8 Back panel &#8211; GOLD","Already imported (--resume)"
17947,"","i-phone-8-back-panel-red","For I Phone 8 Back panel &#8211; RED","Already imported (--resume)"
17838,"","itel-15-pin-2-4-size-l-c-d","Itel 15 Pin 2.4 Size L.C.D.","Already imported (--resume)"
17707,"","oppo-reno-7-5g-sim-flex","Oppo Reno 7 5G Sim Flex","Already imported (--resume)"
17704,"","lava-15-pin-2-0-size-l-c-d","Lava 15 Pin 2.0 size L.C.d.","Already imported (--resume)"
17546,"","oppo-a3x-on-off-flex","Oppo A3X On/Off Flex","Already imported (--resume)"
17543,"","poco-c51-og-cc-flex","Poco C51 Og Cc Flex","Already imported (--resume)"
17544,"","for-lava-yuwa-pro-og-cc-flex","For Lava Yuwa Pro Og Cc Flex","Already imported (--resume)"
17541,"","for-iphone-6g-finger-sensor","For IPhone 6G Finger Sensor","Already imported (--resume)"
17542,"","moto-g34-main-flex","Moto G34 Main Flex","Already imported (--resume)"
17540,"","vivo-y20-side-rubber-key","Vivo Y20 Side Rubber Key","Already imported (--resume)"
17539,"","infinix-note-11-x663-back-panel","Infinix Note 11 X663 Back Panel","Already imported (--resume)"
17537,"","vivo-t1-4g-ringback-panel","Vivo T1 4G Ring+Back Panel","Already imported (--resume)"
17522,"","samsung-m33-back-panel","Samsung M33 Back Panel","Already imported (--resume)"
17520,"","one-plus-ce2-lite-ringback-panel","One Plus CE2 Lite Ring+Back Panel","Already imported (--resume)"
17518,"","mi-note-13-pro-back-panel","Mi Note 13 Pro Back Panel","Already imported (--resume)"
17517,"","vivo-y73-back-panel","Vivo Y73 Back Panel","Already imported (--resume)"
17516,"","samsung-a22-4g-back-panel","Samsung A22 4G Back Panel","Already imported (--resume)"
17515,"","itel-vision-1-pro-back-panel","Itel Vision 1 Pro Back Panel","Already imported (--resume)"
17356,"","infinix-smart-8-x6525-middil-panel","Infinix Smart 8 X6525 Middle Panel","Already imported (--resume)"
17245,"","oppo-a3x-ringer-box","Oppo A3x Ringer Box","Already imported (--resume)"
17212,"","infinix-hot-9-main-flex","Infinix Hot 9 Main Flex","Already imported (--resume)"
17209,"","tecno-pop-5-pro-on-off-flex","Tecno Pop 5 Pro On Off Flex","Already imported (--resume)"
17009,"","realme-7-pro-og-cc-flex","Realme 7 Pro Og Cc Flex","Already imported (--resume)"
17007,"","realme-c65-5g-ringer-box","Realme C65 5G Ringer Box","Already imported (--resume)"
17002,"","samsung-m15-5g-main-flex","Samsung M15 5G Main Flex","Already imported (--resume)"
17001,"","infinix-hot-30-5g-main-flex","Infinix Hot 30 5G Main Flex","Already imported (--resume)"
17000,"","pcoco-x2-main-flex","Pcoco X2 Main Flex","Already imported (--resume)"
16999,"","oppo-f27-pro-main-flex","Oppo F27 Pro Main Flex","Already imported (--resume)"
16992,"","infinix-note-12-5g-sim-holder","Infinix Note 12 5G Sim Holder","Already imported (--resume)"
16993,"","realme-13-pro-sim-holder","Realme 13 Pro + Sim Holder","Already imported (--resume)"
16984,"","samsung-a21s-ringback-panel","Samsung A21s Ring+Back Panel","Already imported (--resume)"
16983,"","samsung-m52-ringback-panel","Samsung M52 Ring+Back Panel","Already imported (--resume)"
16982,"","infinix-smart-8-x6525-og-ringback-panel","Infinix Smart 8 X6525 OG Ring+Back Panel","Already imported (--resume)"
16981,"","infinix-smart-8-x6525-back-panel","Infinix Smart 8 X6525 Back Panel","Already imported (--resume)"
16956,"","vivo-t2-pro-middil-panel","Vivo T2 Pro Middle Panel","Already imported (--resume)"
16952,"","mi-a1-new-middil-panel","Mi A1 New Middle Panel","Already imported (--resume)"
16950,"","infinix-note-12-pro-middil-panel","Infinix Note 12 Pro Middle Panel","Already imported (--resume)"
16955,"","vivo-y22-y35-middil-panel","Vivo Y22 / Y35 Middle Panel","Already imported (--resume)"
16949,"","realme-narzo-n65-middil-panel","Realme Narzo N65 Middle Panel","Already imported (--resume)"
16951,"","mi-11-lite-middil-panel","Mi 11 Lite Middle Panel","Already imported (--resume)"
16954,"","realme-11-pro-middil-panel","Realme 11 pro Middle Panel","Already imported (--resume)"
16953,"","samsung-m40-middil-panel","Samsung M40 Middle Panel","Already imported (--resume)"
16698,"","samsung-a12-power-key-bracket","Samsung A12 Power Key Bracket","Already imported (--resume)"
16697,"","mi-9-power-ear-spk","Mi 9 Power Ear Spk","Already imported (--resume)"
16696,"","oppo-reno-8-ringer-box","Oppo Reno 8 Ringer Box","Already imported (--resume)"
16694,"","honor-8c-main-flex","Honor 8C Main Flex","Already imported (--resume)"
16693,"","realme-7-main-flex","Realme 7 Main Flex","Already imported (--resume)"
16692,"","oppo-reno-3-pro-4g-l-c-d-flex","Oppo Reno 3 Pro 4G L.C.D Flex","Already imported (--resume)"
16691,"","samsung-m30-l-c-d-flex","Samsung M30 L.C.D Flex","Already imported (--resume)"
16690,"","oppo-reno-7-5g-og-cc-flex","Oppo Reno 7 5G Og Cc Flex","Already imported (--resume)"
16689,"","mi-note-13-5g-og-cc-flex","Mi Note 13 5G Og Cc Flex","Already imported (--resume)"
16686,"","nokia-5-1-finger-sensor","Nokia 5.1+ Finger Sensor","Already imported (--resume)"
16685,"","mi-11i-finger-sensor","Mi 11i Finger Sensor","Already imported (--resume)"
16671,"","vivo-nex-on-off-flex","Vivo Nex On Off Flex","Already imported (--resume)"
16670,"","iqoo-neo-6-on-off-flex","IQOO Neo 6 On Off Flex","Already imported (--resume)"
16630,"","nokia-37-pin-2-4-size-l-c-d","Nokia 37 Pin 2.4 Size L.C.D","Already imported (--resume)"
16626,"","mi-11-prime-4g-back-panel","Mi 11 Prime 4G Back Panel","Already imported (--resume)"
16625,"","samsung-m40-ringback-panel","Samsung M40 Ring+Back Panel","Already imported (--resume)"
16624,"","narzo-50-back-panel","Narzo 50 Back Panel","Already imported (--resume)"
16623,"","mi-11-prime-5g-back-panel","Mi 11 Prime 5G Back Panel","Already imported (--resume)"
16622,"","narzo-50-4g-ringback-panel","Narzo 50 4G Ring+Back Panel","Already imported (--resume)"
16621,"","realme-c35-ringback-panel","Realme C35 Ring+Back Panel","Already imported (--resume)"
16617,"","mi-a3-l-c-d-flex","Mi A3 L.C.D Flex","Already imported (--resume)"
16616,"","oppo-a12-finger-sensor","Oppo A12 Finger Sensor","Already imported (--resume)"
16615,"","samsung-m52-ringer-set","Samsung M52 Ringer Set","Already imported (--resume)"
16614,"","infinix-hot-11-sim-holder","Infinix Hot 11 Sim Holder","Already imported (--resume)"
16613,"","honor-9i-og-cc-flex","Honor 9i Og Cc Flex","Already imported (--resume)"
16612,"","realme-13-5g-og-cc-flex","Realme 13 5G Og Cc Flex","Already imported (--resume)"
16610,"","poco-c61-outer-camera-glass","Poco C61 Outer Camera glass","Already imported (--resume)"
16611,"","mi-a3-new-outer-camera-glass","Mi A3 New Outer Camera glass","Already imported (--resume)"
16599,"","narzo-50-4g-middil-panel","Realme Narzo 50 4G Middle Panel","Already imported (--resume)"
16600,"","narzo-50-5g-middil-panel","Realme Narzo 50 5G Middle Panel","Already imported (--resume)"
16601,"","iqoo-z6-pro-5g-middil-panel","Iqoo Z6 Pro 5G Middle Panel","Already imported (--resume)"
16564,"","vivo-v27-on-off-flex","Vivo V27 On Off Flex","Already imported (--resume)"
16563,"","vivo-v25-on-off-flex","Vivo V25 On Off Flex","Already imported (--resume)"
16562,"","vivo-v30-5g-on-off-flex","Vivo V30 5G On Off Flex","Already imported (--resume)"
16561,"","vivo-t1-pro-on-off-flex","Vivo T1 Pro On Off Flex","Already imported (--resume)"
16560,"","vivo-v29e-on-off-flex","Vivo V29E On Off Flex","Already imported (--resume)"
16559,"","vivo-v40-on-off-flex","Vivo V40 On Off Flex","Already imported (--resume)"
16558,"","vivo-v25-pro-on-off-flex","Vivo V25 Pro On Off Flex","Already imported (--resume)"
16259,"","nokia-16-pin-2-0-l-c-d","Nokia 16 Pin 2.0 L.C.D.","Already imported (--resume)"
16256,"","micromaxx-16-pin-l-c-d","Micromaxx 16 Pin L.C.D.","Already imported (--resume)"
16255,"","benco-14-pin-l-c-d","Benco 14 Pin L.C.D.","Already imported (--resume)"
15797,"","samsung-a20-18-pin-charging-conector","Samsung A20 18 Pin Charging Conector","Already imported (--resume)"
15625,"","infinix-note-40-pro-5g-gold-middil-panel","Infinix Note 40 Pro 5G &#8211; Gold Middle Panel","Already imported (--resume)"
15624,"","nokia-8-1-back-panel","Nokia 8.1 Back Panel","Already imported (--resume)"
15623,"","realme-11-pro-ringer-box","Realme 11 Pro Ringer Set","Already imported (--resume)"
15622,"","benco-s1-og-cc-flex","Benco S1 OG CC Flex","Already imported (--resume)"
15621,"","infinix-note12-sim-holder","Infinix Note12 Sim Holder","Already imported (--resume)"
15620,"","infinix-note-12-5g-camera-glass","Infinix Note 12 5G Camera glass","Already imported (--resume)"
15588,"","samsung-a50s-l-c-d-flex","Samsung A50s L.C.D Flex","Already imported (--resume)"
15589,"","samsung-a30-l-c-d-flex","Samsung A30 L.C.D Flex","Already imported (--resume)"
15590,"","vivo-v15-pro-l-c-d-flex","Vivo V15 Pro L.C.D Flex","Already imported (--resume)"
15587,"","samsung-a20s-l-c-d-flex","Samsung A20s L.C.D Flex","Already imported (--resume)"
15591,"","samsung-a50-l-c-d-flex","Samsung A50 L.C.D Flex","Already imported (--resume)"
15328,"","for-lava-15-pin-2-8-l-c-d","For Itel 15 Pin 2.8 L.C.D","Already imported (--resume)"
15327,"","for-cellcor-14-pin-2-4-l-c-d","For Cellcor 14 Pin 2.4 L.C.D","Already imported (--resume)"
15322,"","vivo-y16-side-rubber-key-2","Vivo Y18 Side Rubber Key","Already imported (--resume)"
15276,"","realme-c51-og-cc-flex-2","Realme C51 OG CC Flex","Already imported (--resume)"
15275,"","mi-a1-og-cc-flex","Mi A1+ OG CC Flex","Already imported (--resume)"
15271,"","vivo-y20-display-conector","Vivo Y20  Display Conector","Already imported (--resume)"
15253,"","one-5-mic","One + 5 Mic","Already imported (--resume)"
15252,"","moto-edge-40-neo","Moto Edge 40 Neo Side Rubber Key","Already imported (--resume)"
15246,"","oppo-reno-7-l-c-d-flex","Oppo Reno 7 L.C.D Flex","Already imported (--resume)"
15245,"","mi-note-10-l-c-d-flex","Mi Note 10 L.C.D Flex","Already imported (--resume)"
15136,"","sim-ejector-pin","sim ejector pin","Already imported (--resume)"
15089,"","iphone-6g-og-cc-flex","Iphone 6G OG CC Flex","Already imported (--resume)"
15088,"","iphone-11-pro-og-cc-flex","Iphone 11 pro OG CC Flex","Already imported (--resume)"
15087,"","iphone-x-og-cc-flex","Iphone X OG CC Flex","Already imported (--resume)"
15086,"","iphone-8g-og-cc-flex","Iphone 8G OG CC Flex","Already imported (--resume)"
15085,"","iphone-xs-og-cc-flex","Iphone XS OG CC Flex","Already imported (--resume)"
15084,"","iphone-11-og-cc-flex","Iphone 11 OG CC Flex","Already imported (--resume)"
15083,"","iphone-7-og-cc-flex-2","Iphone 7+ OG CC Flex","Already imported (--resume)"
15068,"","iphone-7-og-cc-flex","Iphone 7 OG CC Flex","Already imported (--resume)"
15067,"","iphone-6s-og-cc-flex","Iphone 6S OG CC Flex","Already imported (--resume)"
15066,"","iphone-xr-og-cc-flex","Iphone XR OG CC Flex","Already imported (--resume)"
15065,"","iphone-12-pro-og-cc-flex","Iphone 12 Pro OG CC Flex","Already imported (--resume)"
15064,"","iphone-xs-max-og-cc-flex","Iphone XS Max OG CC Flex","Already imported (--resume)"
15063,"","iphone-12-og-cc-flex","Iphone 12 OG CC Flex","Already imported (--resume)"
15046,"","13-6-cm-network-wire","13.6 CM NETWORK WIRE","Already imported (--resume)"
15045,"","16-6-cm-network-wire","16.6 CM NETWORK WIRE","Already imported (--resume)"
15044,"","15-6-cm-network-wire","15.6 CM NETWORK WIRE","Already imported (--resume)"
15043,"","17-cm-network-wire","17 CM NETWORK WIRE","Already imported (--resume)"
15042,"","12-9-cm-network-wire","12.9 CM NETWORK WIRE","Already imported (--resume)"
15041,"","9-7-cm-network-wire","9.7 CM NETWORK WIRE","Already imported (--resume)"
15040,"","11-2-cm-network-wire","11.2 CM NETWORK WIRE","Already imported (--resume)"
15039,"","15-cm-network-wire","15 CM NETWORK WIRE","Already imported (--resume)"
15013,"","12-5-cm-network-wire","12.5 CM NETWORK WIRE","Already imported (--resume)"
15012,"","14-6-cm-network-wire","14.6 CM NETWORK WIRE","Already imported (--resume)"
15020,"","14-5-cm-network-wire","14.5 CM NETWORK WIRE","Already imported (--resume)"
15019,"","12-6-cm-network-wire","12.6 CM NETWORK WIRE","Already imported (--resume)"
15018,"","13-9-cm-network-wire","13.9 CM NETWORK WIRE","Already imported (--resume)"
15017,"","10-2-cm-network-wire","10.2 CM NETWORK WIRE","Already imported (--resume)"
15016,"","11-3-cm-network-wire","11.3 CM NETWORK WIRE","Already imported (--resume)"
15015,"","25-cm-network-wire","25 CM NETWORK WIRE","Already imported (--resume)"
15014,"","17-2-cm-network-wire","17.2 CM Network Wire","Already imported (--resume)"
15006,"","lava-18-pin-2-8-size-l-c-d","Lava 18 pin 2.8 size L.C.D.","Already imported (--resume)"
14991,"","one-5-ringer-set","One +5  Ringer set","Already imported (--resume)"
14993,"","mi-12-5g-ringer-set","Mi 12 5G Ringer set","Already imported (--resume)"
14988,"","samsung-a15-l-c-d-flex","Samsung A15 L.C.D Flex","Already imported (--resume)"
14986,"","one-plus-5-main-flex","One Plus 5 Main Flex","Already imported (--resume)"
14983,"","one-5-l-c-d-flex","One + 5 L.C.D Flex","Already imported (--resume)"
14985,"","one-5t-l-c-d-flex","One + 5T L.C.D Flex","Already imported (--resume)"
14970,"","smart-7-sim-holder","Smart 7  Sim Holder","Already imported (--resume)"
14968,"","vivo-t3x-sim-holder","Vivo T3X Sim Holder","Already imported (--resume)"
14967,"","oppo-a57-old-volume-flex","Oppo A57 Old Volume Flex","Already imported (--resume)"
14933,"","one-5-finger-sensor","One + 5 Finger Sensor","Already imported (--resume)"
14917,"","realme-13-pro-5g-og-cc-flex","Realme 13 Pro 5G OG CC Flex","Already imported (--resume)"
14915,"","tecno-kg6-camera-glass","Tecno KG6 Camera glass","Already imported (--resume)"
14914,"","moto-g7-power-camera-glass","Moto G7 Power Camera glass","Already imported (--resume)"
14913,"","moto-g52-camera-glass","Moto G52 Camera glass","Already imported (--resume)"
14872,"","one-5t-finger-sensor","One + 5T  Finger Sensor","Already imported (--resume)"
14868,"","one-5t-main-flex","One + 5T Main Flex","Already imported (--resume)"
14851,"","oppo-reno-9-charging-conector","Oppo Reno 9 Charging Conector","Already imported (--resume)"
14850,"","samsung-x200-charging-conector","Samsung X200 Charging Conector","Already imported (--resume)"
14849,"","oppo-reno-12-charging-conector","Oppo Reno 12 Charging Conector","Already imported (--resume)"
14848,"","vivo-y78-charging-conector","Vivo Y78 Charging Conector","Already imported (--resume)"
14847,"","oppo-reno-1-charging-conector","Oppo Reno 1 Charging Conector","Already imported (--resume)"
14846,"","mi-12-charging-conector","Mi 12 Charging Conector","Already imported (--resume)"
14845,"","oppo-reno-2-charging-conector","Oppo Reno 2 Charging Conector","Already imported (--resume)"
14852,"","oppo-a52-charging-conector","Oppo A52 Charging Conector","Already imported (--resume)"
14841,"","oppo-f9-middil-panel","Oppo F9 Middle Panel","Already imported (--resume)"
14842,"","mi-10-prime-midil-panel-small-sim-tray","Mi 10 Prime Middle Panel Small Sim Tray","Already imported (--resume)"
14683,"","tecno-spark-10-5g-sim-holder","Tecno Spark 10 5G Sim Holder","Already imported (--resume)"
14682,"","tecno-spark-10-4g-sim-holder","Tecno Spark 10 4G Sim Holder","Already imported (--resume)"
14681,"","infinix-smart-8-hd-og-cc-flex","Infinix Smart 8 HD Og CC Flex","Already imported (--resume)"
14680,"","itel-vision-1-pro-og-cc-flex","Itel Vision 1 Pro Og CC Flex","Already imported (--resume)"
14679,"","infinix-smart-6-hd-back-panel","Infinix Smart 6 HD Back Panel","Already imported (--resume)"
14567,"","realme-x7-maxx-midil-panel-refresh","Realme X7 Maxx Middle Panel Refresh","Already imported (--resume)"
14564,"","realme-narzo-30-pro-midil-panel-refresh","Realme Narzo 30 Pro Middle Panel Refresh","Already imported (--resume)"
14550,"","realme-9-pro-midil-panel-refresh","Realme 9 Pro + Middle Panel Refresh","Already imported (--resume)"
14547,"","realme-8-midil-panel-refresh","Realme 8 4g Middle Panel Refresh","Already imported (--resume)"
14532,"","realme-x7-midil-panel-refresh","Realme X7 Middle Panel Refresh","Already imported (--resume)"
14535,"","realme-9-midil-panel-refresh","Realme 9 Middle Panel Refresh","Already imported (--resume)"
14529,"","realme-7-pro-midil-panel-refresh","Realme 7 Pro  Middle Panel Refresh","Already imported (--resume)"
14526,"","sunshine-ss-304q-6-port-usb-smart-lightning-charger-with-qc-3-0-port","Sunshine SS-304Q 6 Port USB Smart Lightning Charger With QC 3.0 Port","Already imported (--resume)"
14485,"","nokia-130-16-pin-2-4-l-c-d","Nokia 130 16 Pin 2.4 L.C.D.","Already imported (--resume)"
14484,"","cellcor-16-pin-2-8-size-l-c-d","For Cellcor 16 pin 2.8 Size L.C.D.","Already imported (--resume)"
14401,"","mi-11-lite-back-panel","For Mi 11 Lite Back Panel","Already imported (--resume)"
14399,"","oppo-a55-5g-volume-flex","Oppo A55 5G Volume Flex","Already imported (--resume)"
14389,"","oppo-a55-4g-a54-volume-flex","Oppo A55 4G / A54 Volume Flex","Already imported (--resume)"
14388,"","mi-11-lite-finger-sensor-100-working","Mi 11 Lite Finger Sensor 100% Working","Already imported (--resume)"
14387,"","mi-11-lite-finger-sensor","Mi 11 Lite Finger Sensor","Already imported (--resume)"
14386,"","oppo-a55-5g-main-flex","Oppo A55 5G Main Flex","Already imported (--resume)"
14385,"","mi-9-power-outer-camera-glass","MI 9 Power Outer Camera Glass","Already imported (--resume)"
14384,"","samsung-a02-a02-core-on-off-flex","Samsung A02 / A02 core On Off Flex","Already imported (--resume)"
14356,"","oppo-a78-4g-on-off-flex","Oppo A78 4G On Off Flex","Already imported (--resume)"
14354,"","poco-c55-og-cc-flex","Poco C55 Og CC Flex","Already imported (--resume)"
14267,"","moto-e40-camera-glass","Moto E40 Camera Glass","Already imported (--resume)"
14266,"","realme-c31-camera-glass","Realme C31 Camera Glass","Already imported (--resume)"
14265,"","mi-13c-5g-camera-glass","Mi 13C 5G Camera Glass","Already imported (--resume)"
14264,"","samsung-m20-camera-glass-2","Samsung M20 Camera Glass","Already imported (--resume)"
14263,"","mi-12-5g-camera-glass","Mi 12 5G Camera Glass","Already imported (--resume)"
14262,"","realme-8-pro-camera-glass","Realme 8 Pro Camera Glass","Already imported (--resume)"
14261,"","tecno-comon-i4-camera-glass","Tecno Comon I4 Camera Glass","Already imported (--resume)"
14260,"","oneplus-nord-ce4-lite-camera-glass","Oneplus Nord CE4 Lite Camera Glass","Already imported (--resume)"
14259,"","oneplus-nord-ce4-camera-glass","Oneplus Nord CE4 Camera Glass","Already imported (--resume)"
14258,"","infinix-smart-8-camera-glass","Infinix Smart 8 Camera Glass","Already imported (--resume)"
14257,"","samsung-a21s-camera-glass","Samsung A21S Camera Glass","Already imported (--resume)"
14256,"","samsung-a54-camera-glass","Samsung A54 Camera Glass","Already imported (--resume)"
14255,"","moto-g82-camera-glass","Moto G82 Camera Glass","Already imported (--resume)"
14254,"","oneplus-nord-n100-camera-glass","Oneplus Nord N100 Camera Glass","Already imported (--resume)"
14253,"","vivo-t3x-y58-5g-camera-glass","Vivo T3X / Y58 5G Camera Glass","Already imported (--resume)"
14251,"","moto-g40-camera-glass","Moto G40 Camera Glass","Already imported (--resume)"
14250,"","moto-g71-camera-glass","Moto G71 Camera Glass","Already imported (--resume)"
14248,"","oppo-reno-5-pro-camera-glass","Oppo Reno 5 Pro Camera Glass","Already imported (--resume)"
14247,"","honor-10-lite-camera-glass","Honor 10 Lite Camera Glass","Already imported (--resume)"
14246,"","itel-a60-camera-glass","Itel A60 Camera Glass","Already imported (--resume)"
14245,"","infinix-smart-5-camera-glass","Infinix Smart 5 Camera Glass","Already imported (--resume)"
14243,"","infinix-note-11-2022-camera-glass","Infinix Note 11 2022 Camera Glass","Already imported (--resume)"
14242,"","infinix-smart-6-hd-camera-glass","Infinix Smart 6 HD Camera Glass","Already imported (--resume)"
14241,"","tecno-spark-8-camera-glass","Tecno Spark 8 Camera Glass","Already imported (--resume)"
14240,"","tecno-kg5k-camera-glass","Tecno KG5K Camera Glass","Already imported (--resume)"
14239,"","tecno-spark-8t-camera-glass-2","Tecno Spark 8T Camera Glass","Already imported (--resume)"
14237,"","oppo-a53-camera-glass-2","Oppo A53 Camera Glass","Already imported (--resume)"
14238,"","vivo-v20-pro-camera-glass-2","Vivo V20 Pro Camera Glass","Already imported (--resume)"
14235,"","vivo-y22-camera-glass","Vivo Y22 Camera Glass","Already imported (--resume)"
14234,"","vivo-v21-5g-camera-glass-2","Vivo V21 5G Camera Glass","Already imported (--resume)"
14233,"","vivo-y27-new-camera-glass","Vivo Y27 Camera Glass","Already imported (--resume)"
14232,"","samsung-a32-4g-camera-glass","Samsung A32 4G Camera Glass","Already imported (--resume)"
14231,"","samsung-m30s-camera-glass","Samsung M30S Camera Glass","Already imported (--resume)"
14230,"","samsung-f62-camera-glass","Samsung F62 Camera Glass","Already imported (--resume)"
14229,"","samsung-m40-camera-glass","Samsung M40 Camera Glass","Already imported (--resume)"
14228,"","samsung-m51-camera-glass","Samsung M51 Camera Glass","Already imported (--resume)"
14227,"","mi-a2-old-camera-glass","Mi A2 Old Camera Glass","Already imported (--resume)"
14226,"","mi-a3-new-camera-glass","Mi A3 New Camera Glass","Already imported (--resume)"
14225,"","mi-y2-camera-glass","Mi Y2 Camera Glass","Already imported (--resume)"
14224,"","mi-a1-new-camera-glass","Mi A1 New Camera Glass","Already imported (--resume)"
14223,"","mi-note-10t-camera-glass","Mi Note 10T Camera Glass","Already imported (--resume)"
14222,"","mi-11-prime-5g-camera-glass","MI 11 Prime 5G Camera Glass","Already imported (--resume)"
14221,"","mi-10-prime-camera-glass","Mi 10 Prime Camera Glass","Already imported (--resume)"
14220,"","mi-8-camera-glass","Mi 8 Camera Glass","Already imported (--resume)"
14219,"","mi-a2-new-camera-glass","Mi A2 New Camera Glass","Already imported (--resume)"
14210,"","poco-m3-camera-glass","Poco M3 Camera Glass","Already imported (--resume)"
14212,"","mi-10a-camera-glass","Mi 10A Camera Glass","Already imported (--resume)"
14211,"","poco-m4-5g-camera-glass","Poco M4 5G Camera Glass","Already imported (--resume)"
14209,"","mi-9-prime-camera-glass","Mi 9 Prime Camera Glass","Already imported (--resume)"
14208,"","poco-c50-camera-glass","Poco C50 Camera Glass","Already imported (--resume)"
14207,"","mi-7a-camera-glass","Mi 7A Camera Glass","Already imported (--resume)"
14206,"","mi-y1-camera-glass","MI Y1 Camera Glass","Already imported (--resume)"
14205,"","poco-m6-pro-camera-glass","Poco M6 Pro Camera Glass","Already imported (--resume)"
14204,"","mi-12c-camera-glass","Mi 12C Camera Glass","Already imported (--resume)"
14203,"","poco-c65-camera-glass","Poco C65 Camera Glass","Already imported (--resume)"
14202,"","mi-a3-camera-glass","Mi A3 Camera Glass","Already imported (--resume)"
14201,"","mi-7-camera-glass","Mi 7 Camera Glass","Already imported (--resume)"
14200,"","mi-6-pro-camera-glass","Mi 6 Pro Camera Glass","Already imported (--resume)"
14199,"","poco-c61-camera-glass","Poco C61 Camera Glass","Already imported (--resume)"
14198,"","mi-note-13-5g-camera-glass","Mi Note 13 5G Camera Glass","Already imported (--resume)"
14197,"","mi-note-10-5g-camera-glass","Mi Note 10 5G Camera Glass","Already imported (--resume)"
14196,"","mi-note-12-4g-camera-glass","Mi Note 12 4G Camera Glass","Already imported (--resume)"
14195,"","mi-note-11-pro-camera-glass","Mi Note 11 Pro Camera Glass","Already imported (--resume)"
14194,"","mi-note-12-pro-camera-glass","Mi Note 12 Pro+ Camera Glass","Already imported (--resume)"
14193,"","mi-note-13-pro-camera-glass","Mi Note 13 Pro+ Camera Glass","Already imported (--resume)"
14190,"","mi-k20-camera-glass","MI K20 Camera Glass","Already imported (--resume)"
14188,"","vivo-t1x-camera-glass","Vivo T1X Camera Glass","Already imported (--resume)"
14186,"","vivo-v20-5g-camera-glass","Vivo V20 5G Camera Glass","Already imported (--resume)"
14184,"","vivo-v17-camera-glass","Vivo V17 Camera Glass","Already imported (--resume)"
14183,"","vivo-v11-camera-glass","Vivo V11 Camera Glass","Already imported (--resume)"
14182,"","vivo-v20se-camera-glass","Vivo V20SE Camera Glass","Already imported (--resume)"
14181,"","vivo-t1-5g-camera-glass","Vivo T1 5g Camera Glass","Already imported (--resume)"
14180,"","vivo-t2-pro-camera-glass","Vivo T2 pro Camera Glass","Already imported (--resume)"
14178,"","vivo-v23-camera-glass","Vivo V23 Camera glass","Already imported (--resume)"
14177,"","vivo-z1x-camera-glass","Vivo Z1X Camera glass","Already imported (--resume)"
14176,"","vivo-y100-camera-glass","Vivo Y100 Camera glass","Already imported (--resume)"
14175,"","vivo-y31-2020-camera-glass","Vivo Y31 2020 Camera glass","Already imported (--resume)"
14174,"","vivo-y02-camera-glass","Vivo Y02 Camera glass","Already imported (--resume)"
14173,"","vivo-y75-4g-camera-glass","Vivo Y75 4G Camera glass","Already imported (--resume)"
14172,"","vivo-y18-camera-glass","Vivo Y18 Camera glass","Already imported (--resume)"
14171,"","vivo-y16-camera-glass","Vivo Y16 Camera glass","Already imported (--resume)"
14170,"","vivo-y15s-camera-glass","Vivo Y15S Camera glass","Already imported (--resume)"
14169,"","vivo-y50","Vivo Y50 Camera glass","Already imported (--resume)"
14164,"","vivo-y75-5g-camera-glass","Vivo Y75 5G Camera glass","Already imported (--resume)"
14161,"","vivo-y56-5g-camera-glass","Vivo Y56 5G Camera glass","Already imported (--resume)"
14165,"","oppo-reno-6-5g-camera-glass","Oppo Reno 6 5G Camera glass","Already imported (--resume)"
14159,"","oppo-reno-6-pro-camera-glass","Oppo Reno 6 Pro Camera glass","Already imported (--resume)"
14166,"","narzo-30-pro-camera-glass","Narzo 30 Pro Camera glass","Already imported (--resume)"
14162,"","narzo-20a-camera-glass","Narzo 20A Camera glass","Already imported (--resume)"
14160,"","realme-narzo-50a-prime-camera-glass","Realme Narzo 50A Prime Camera glass","Already imported (--resume)"
14163,"","realme-narzo-50-camera-glass","Realme Narzo 50 Camera glass","Already imported (--resume)"
14158,"","realme-narzo-30a-camera-glass","Realme Narzo 30A Camera glass","Already imported (--resume)"
14157,"","realme-narzo-n53-camera-glass","Realme Narzo N53 Camera glass","Already imported (--resume)"
14148,"","realme-narzo-20-camera-glass","Realme Narzo 20 Camera glass","Already imported (--resume)"
14155,"","realme-narzo-70-5g-camera-glass","Realme Narzo 70 5G Camera glass","Already imported (--resume)"
14154,"","realme-c35-camera-glass","Realme C35 Camera glass","Already imported (--resume)"
14153,"","realme-c21y-camera-glass","Realme C21Y Camera glass","Already imported (--resume)"
14152,"","realme-c51-camera-glass","Realme C51 Camera glass","Already imported (--resume)"
14151,"","realme-c25-camera-glass","Realme C25 Camera glass","Already imported (--resume)"
14150,"","realme-c25y-camera-glass","Realme C25Y Camera glass","Already imported (--resume)"
14149,"","realme-c11-2021-camera-glass","Realme C11 (2021) Camera glass","Already imported (--resume)"
14147,"","realme-c21-camera-glass","Realme C21 Camera glass","Already imported (--resume)"
14146,"","realme-c30-camera-glass","Realme C30 Camera glass","Already imported (--resume)"
14144,"","oppo-f9-camera-glass-2","Oppo F9 Camera glass","Already imported (--resume)"
14143,"","oppo-f21-pro-5g-camera-glass","Oppo F21 Pro 5G Camera glass","Already imported (--resume)"
14142,"","oppo-f3-camera-glass","Oppo F3 Camera glass","Already imported (--resume)"
14141,"","oppo-f17-pro-camera-glass","Oppo F17 Pro Camera glass","Already imported (--resume)"
14140,"","oppo-f5-camera-glass","Oppo F5 Camera glass","Already imported (--resume)"
14139,"","oppo-f11-camera-glass","Oppo F11 Camera glass","Already imported (--resume)"
14138,"","oppo-f17-camera-glass","Oppo F17 Camera glass","Already imported (--resume)"
14132,"","oppo-f19-camera-glass","Oppo F19 Camera glass","Already imported (--resume)"
14136,"","oppo-f9-pro-camera-glass","Oppo F9 Pro Camera glass","Already imported (--resume)"
14135,"","oppo-k10-5g-camera-glass","Oppo K10 5G Camera glass","Already imported (--resume)"
14134,"","oppo-f19-pro-camera-glass","Oppo F19 Pro Camera glass","Already imported (--resume)"
14133,"","oppo-f15-camera-glass","Oppo F15 Camera glass","Already imported (--resume)"
14131,"","realme-9-5g-camera-glass","Realme 9 5G Camera glass","Already imported (--resume)"
14130,"","realme-8i-camera-glass","Realme 8I Camera glass","Already imported (--resume)"
14129,"","realme-10-pro-camera-glass","Realme 10 Pro Camera glass","Already imported (--resume)"
14128,"","realme-8-5g-camera-glass","Realme 8 5G Camera glass","Already imported (--resume)"
14127,"","realme-x-camera-glass","Realme X Camera glass","Already imported (--resume)"
14124,"","realme-xt-camera-glass","Realme XT Camera glass","Already imported (--resume)"
14123,"","realme-6-pro-camera-glass","Realme 6 pro Camera glass","Already imported (--resume)"
14122,"","realme-9-pro-camera-glass","Realme 9 Pro Camera glass","Already imported (--resume)"
14120,"","realme-7i-camera-glass","Realme 7i Camera glass","Already imported (--resume)"
14118,"","realme-8-4g-camera-glass","Realme 8 4G Camera glass","Already imported (--resume)"
14116,"","realme-11x-camera-glass","Realme 11X Camera glass","Already imported (--resume)"
14115,"","oppo-a57-new-camera-glass","Oppo A57 New Camera glass","Already imported (--resume)"
14114,"","oppo-a16-camera-glass","Oppo A16 Camera glass","Already imported (--resume)"
14113,"","nokia-3-2-camera-glass","Nokia 3.2 Camera glass","Already imported (--resume)"
14112,"","nokia-5-1-camera-glass","Nokia 5.1+ Camera glass","Already imported (--resume)"
14111,"","nokia-3-1-camera-glass","Nokia 3.1+ Camera glass","Already imported (--resume)"
14110,"","oneplus-nord-2-camera-glass","Oneplus Nord 2 Camera glass","Already imported (--resume)"
14109,"","realme-c2-camera-glass","Realme C2 Camera glass","Already imported (--resume)"
14108,"","oppo-a83-camera-glass","Oppo A83 Camera glass","Already imported (--resume)"
14107,"","oppo-a33-old-camera-glass","Oppo A33 Old Camera glass","Already imported (--resume)"
14106,"","oppo-a33-2020-camera-glass","Oppo A33 (2020) Camera glass","Already imported (--resume)"
14105,"","oppo-a17-camera-glass","Oppo A17 Camera glass","Already imported (--resume)"
14104,"","oppo-a31-new-camera-glass","Oppo A31 New Camera glass","Already imported (--resume)"
14103,"","oppo-a52-camera-glass","Oppo A52 Camera glass","Already imported (--resume)"
14102,"","oppo-a79-5g-camera-glass","Oppo A79 5G Camera glass","Already imported (--resume)"
14099,"","oppo-a59-5g-camera-glass","Oppo A59 5G Camera glass","Already imported (--resume)"
14098,"","oppo-a57","Oppo A57 Camera glass","Already imported (--resume)"
14097,"","oppo-a18-new-camera-glass","Oppo A18 New Camera glass","Already imported (--resume)"
14096,"","oppo-a5s-camera-glass","Oppo A5s Camera glass","Already imported (--resume)"
14095,"","oppo-a78-5g-camera-glass","Oppo A78 5G Camera glass","Already imported (--resume)"
14094,"","oppo-a38-new-camera-glass","Oppo A38 New Camera glass","Already imported (--resume)"
14089,"","nokia-5-camera-glass","Nokia 5 Camera glass","Already imported (--resume)"
14088,"","one7t-camera-glass","One+7T  Camera glass","Already imported (--resume)"
14087,"","one6t-camera-glass","One+6T  Camera glass","Already imported (--resume)"
14086,"","onenord-ce-5g-camera-glass","One+Nord CE 5G  Camera glass","Already imported (--resume)"
14085,"","one8t-camera-glass","One+8T  Camera glass","Already imported (--resume)"
14084,"","onenord-ce2-lite-camera-glass","One+Nord CE2 Lite  Camera glass","Already imported (--resume)"
14083,"","one7-camera-glass","One+7  Camera glass","Already imported (--resume)"
14082,"","one6","One+6  Camera glass","Already imported (--resume)"
14081,"","one-nord-2t-camera-glass","One + Nord 2T Camera glass","Already imported (--resume)"
14072,"","oneplus-8-camera-glass","Oneplus 8 Camera glass","Already imported (--resume)"
14071,"","oneplus-nord-camera-glass","Oneplus Nord Camera glass","Already imported (--resume)"
14080,"","oneplus-nord-ce2-camera-glass","Oneplus Nord CE2 Camera glass","Already imported (--resume)"
14074,"","oneplus-11-5g-camera-glass","Oneplus 11 5G Camera glass","Already imported (--resume)"
14073,"","itel-vision-3-camera-glass","Itel Vision 3 Camera glass","Already imported (--resume)"
14079,"","itel-vision-1-camera-glass","Itel Vision 1 Camera glass","Already imported (--resume)"
14078,"","itel-a48-camera-glass","Itel A48 Camera glass","Already imported (--resume)"
14075,"","itel-a26-camera-glass","Itel A26 Camera glass","Already imported (--resume)"
14063,"","itel-p40-camera-glass","Itel P40 Camera glass","Already imported (--resume)"
14076,"","3-3-2110200000","Itel Vision 1 Pro Camera glass","Already imported (--resume)"
14062,"","itel-a49-camera-glass","Itel A49 Camera glass","Already imported (--resume)"
14061,"","itel-vision-2s-camera-glass","Itel Vision 2s Camera glass","Already imported (--resume)"
14060,"","itel-vision-2-camera-glass","Itel Vision 2 Camera glass","Already imported (--resume)"
14059,"","moto-e5-camera-glass","Moto E5+ Camera glass","Already imported (--resume)"
14058,"","moto-e6-camera-glass","Moto E6+ Camera glass","Already imported (--resume)"
14057,"","moto-e7-camera-glass","Moto E7+ Camera glass","Already imported (--resume)"
14056,"","moto-g20-camera-glass","Moto G20 Camera glass","Already imported (--resume)"
14055,"","moto-g62-camera-glass","Moto G62 Camera glass","Already imported (--resume)"
14054,"","moto-e7-power-camera-glass","Moto E7 Power Camera glass","Already imported (--resume)"
14053,"","moto-g34-camera-glass","Moto G34 Camera glass","Already imported (--resume)"
14052,"","moto-g32-camera-glass","Moto G32 Camera glass","Already imported (--resume)"
14051,"","moto-g8-power-camera-glass","Moto G8 Power Camera glass","Already imported (--resume)"
14050,"","tecno-pova-camera-glass","Tecno Pova Camera glass","Already imported (--resume)"
14047,"","tecno-in3-camera-glass","Tecno IN3 Camera glass","Already imported (--resume)"
14046,"","tecno-pop-7-pro-camera-glass","Tecno Pop 7 Pro Camera glass","Already imported (--resume)"
14045,"","tecno-bb4k-camera-glass","Tecno BB4K Camera glass","Already imported (--resume)"
14044,"","tecno-kb2-camera-glass","Tecno KB2 Camera glass","Already imported (--resume)"
14043,"","tecno-spark-5-pro-camera-glass","Tecno Spark 5 Pro Camera glass","Already imported (--resume)"
14042,"","tecno-kc1-camera-glass","Tecno KC1 Camera glass","Already imported (--resume)"
14041,"","tecno-spark-8t-camera-glass","Tecno Spark 8T Camera glass","Already imported (--resume)"
14040,"","tecno-ke5-camera-glass","Tecno KE5 Camera glass","Already imported (--resume)"
14049,"","tecno-pop-6-pro-camera-glass","Tecno Pop 6 Pro Camera glass","Already imported (--resume)"
14048,"","tecno-spark-7-pro-camera-glass","Tecno Spark 7 Pro Camera glass","Already imported (--resume)"
14037,"","tecno-spark-10c-camera-glass","Tecno Spark 10C Camera glass","Already imported (--resume)"
14036,"","tecno-spark-7-camera-glass","Tecno Spark 7 Camera glass","Already imported (--resume)"
14035,"","tecno-spark-6-air-camera-glass","Tecno Spark 6 Air Camera glass","Already imported (--resume)"
14034,"","tecno-comon-20-camera-glass","Tecno Comon 20 Camera glass","Already imported (--resume)"
14033,"","tecno-pova-4-camera-glass","Tecno Pova 4 Camera glass","Already imported (--resume)"
14032,"","tecno-in-2-camera-glass","Tecno in 2 Camera glass","Already imported (--resume)"
14031,"","tecno-in-1-camera-glass","Tecno In 1 Camera glass","Already imported (--resume)"
14030,"","infinix-smart-7-camera-glass","Infinix Smart 7 Camera glass","Already imported (--resume)"
14029,"","tecno-spark-7t-camera-glass","Tecno Spark 7T Camera glass","Already imported (--resume)"
14028,"","tecno-kg5-camera-glass","Tecno KG5 Camera glass","Already imported (--resume)"
14027,"","honor-7a-camera-glass","Honor 7A Camera glass","Already imported (--resume)"
14023,"","honor-9-lite-camera-glass","Honor 9 lite Camera glass","Already imported (--resume)"
14022,"","huwai-p20-lite-camera-glass","Huwai P20 Lite Camera glass","Already imported (--resume)"
14021,"","honor-7s-camera-glass","Honor 7S Camera glass","Already imported (--resume)"
14020,"","honor-8x-camera-glass","Honor 8X Camera glass","Already imported (--resume)"
14019,"","honor-7x-camera-glass","Honor 7X Camera glass","Already imported (--resume)"
14025,"","honor-6x-camera-glass","Honor 6X Camera glass","Already imported (--resume)"
14017,"","honor-7c-camera-glass","Honor 7C Camera glass","Already imported (--resume)"
14016,"","huwai-p30-lite-camera-glass","Huwai P30 Lite Camera glass","Already imported (--resume)"
14015,"","honor-9n-camera-glass","Honor 9N Camera glass","Already imported (--resume)"
13997,"","infinix-hot-12-play-camera-glass","Infinix Hot 12 Play Camera glass","Already imported (--resume)"
13996,"","infinix-hot-9-camera-glass","Infinix Hot 9 Camera glass","Already imported (--resume)"
13995,"","infinix-smart-7-hd-camera-glass","Infinix Smart 7 HD Camera glass","Already imported (--resume)"
13994,"","infinix-hot-30i-camera-glass","Infinix Hot 30I Camera glass","Already imported (--resume)"
13992,"","infinix-hot-20-play-camera-glass","Infinix Hot 20 Play Camera glass","Already imported (--resume)"
13991,"","infinix-hot-9-play-camera-glass","Infinix Hot 9 Play Camera glass","Already imported (--resume)"
13990,"","infinix-hot-10-camera-glass","Infinix Hot 10 Camera glass","Already imported (--resume)"
13989,"","infinix-hot-11s-camera-glass","Infinix Hot 11S Camera glass","Already imported (--resume)"
13988,"","infinix-hot-8-camera-glass","Infinix Hot 8 Camera glass","Already imported (--resume)"
13987,"","infinix-hot-20-5g-camera-glass","Infinix Hot 20 5G Camera glass","Already imported (--resume)"
13986,"","infinix-hot-10s-camera-glass","Infinix Hot 10S Camera glass","Already imported (--resume)"
13985,"","infinix-hot-11-2022-camera-glass","Infinix Hot 11 2022 Camera glass","Already imported (--resume)"
13984,"","infinix-note-10-camera-glass","Infinix Note 10 Camera glass","Already imported (--resume)"
13983,"","infinix-smart-4-camera-glass","Infinix Smart 4+ Camera glass","Already imported (--resume)"
13982,"","vivo-y36-camera-glass","Vivo Y36 Camera glass","Already imported (--resume)"
13981,"","vivo-y03-camera-glass","Vivo Y03 Camera glass","Already imported (--resume)"
13980,"","vivo-y28-new-camera-glass","Vivo Y28 New Camera glass","Already imported (--resume)"
13979,"","vivo-v7-camera-glass-2","Vivo V7+ Camera glass","Already imported (--resume)"
13978,"","vivo-v5-camera-glass","Vivo V5 Camera glass","Already imported (--resume)"
13977,"","vivo-v7-camera-glass","Vivo V7 Camera glass","Already imported (--resume)"
13973,"","vivo-v20-pro-camera-glass","Vivo V20 Pro Camera glass","Already imported (--resume)"
13975,"","vivo-y53-camera-glass","Vivo Y53 Camera glass","Already imported (--resume)"
13971,"","vivo-y51-old-camera-glass","Vivo Y51 Old Camera glass","Already imported (--resume)"
13970,"","samsung-a13-4g-camera-glass","Samsung A13 4G Camera glass","Already imported (--resume)"
13969,"","samsung-a04e-camera-glass","Samsung A04E Camera glass","Already imported (--resume)"
13974,"","samsung-a23-5g-camera-glass","Samsung A23 5G Camera glass","Already imported (--resume)"
13967,"","samsung-a50s-camera-glass","Samsung A50S Camera glass","Already imported (--resume)"
13966,"","samsung-a04s-camera-glass","Samsung A04S Camera glass","Already imported (--resume)"
13965,"","samsung-a05-camera-glass","Samsung A05 Camera glass","Already imported (--resume)"
13964,"","samsung-a22-4g-camera-glass","Samsung A22 4G Camera glass","Already imported (--resume)"
13961,"","samsung-a71-camera-glass","Samsung A71 Camera glass","Already imported (--resume)"
13960,"","samsung-a04-camera-glass","Samsung A04 Camera glass","Already imported (--resume)"
13959,"","samsung-a53-camera-glass","Samsung A53 Camera glass","Already imported (--resume)"
13958,"","sasmung-a15-5g-camera-glass","Sasmung A15 5G Camera glass","Already imported (--resume)"
13957,"","samsung-a40-camera-glass","Samsung A40 Camera glass","Already imported (--resume)"
13956,"","samsung-a33-5g-camera-glass","Samsung A33 5G Camera glass","Already imported (--resume)"
13955,"","samsung-a02-camera-glass","Samsung A02 Camera glass","Already imported (--resume)"
13954,"","samsung-a31-camera-glass","Samsung A31 Camera glass","Already imported (--resume)"
13953,"","samsung-a34-5g-camera-glass","Samsung A34 5G Camera glass","Already imported (--resume)"
13952,"","samsung-a22-5g-camera-glass","Samsung A22 5G Camera glass","Already imported (--resume)"
13693,"","samsung-a03-camera-glass","Samsung A03 Camera glass","Already imported (--resume)"
13694,"","samsung-a14-5g-camera-glass","Samsung A14 5G Camera glass","Already imported (--resume)"
13692,"","samsung-a20-camera-glass","samsung A20 Camera glass","Already imported (--resume)"
13691,"","samsung-a03-core-camera-glass","Samsung A03 core Camera glass","Already imported (--resume)"
13690,"","samsung-a04-core-camera-glass","Samsung A01 core Camera glass","Already imported (--resume)"
13689,"","samsung-a01-camera-glass","Samsung A01 Camera glass","Already imported (--resume)"
13688,"","samsung-a51-camera-glass-2","Samsung A51 Camera glass","Already imported (--resume)"
13687,"","samsung-a70-camera-glass","Samsung A70 Camera glass","Already imported (--resume)"
13686,"","samsung-a52-set-camera-glass","Samsung A52 Set Camera glass","Already imported (--resume)"
13685,"","13685","Samsung A10S Camera glass","Already imported (--resume)"
13605,"","vivo-y01-on-off-flex","Vivo Y01 On Off Flex","Already imported (--resume)"
13604,"","mi-13-4g-og-cc-flex","Mi 13 4G Og CC Flex","Already imported (--resume)"
13603,"","moto-g84-og-cc-flex","Moto G84 Og CC Flex","Already imported (--resume)"
13602,"","moto-edge-40-og-cc-flex","Moto EDGE 40 Og CC Flex","Already imported (--resume)"
13601,"","nokia-c31-og-cc-flex","Nokia C31 Og CC Flex","Already imported (--resume)"
13600,"","infinix-hot-30-og-cc-flex","Infinix Hot 30 Og CC Flex","Already imported (--resume)"
13598,"","realme-c3-main-flex","Realme C3 Main Flex","Already imported (--resume)"
13599,"","realme-7-pro-main-flex","Realme 7 Pro Main Flex","Already imported (--resume)"
13587,"","moto-g40-finger-sensor","Moto G40 Finger Sensor","Already imported (--resume)"
13555,"","4-pin-auto-cut-smd-element","4 Pin Auto Cut SMD Element","Already imported (--resume)"
13541,"","2-pin-smd-element","2 Pin SMD Element","Already imported (--resume)"
13542,"","mechanic-hk5090","Mechanic HK5090 Non dust Cloths","Already imported (--resume)"
13552,"","koocu-ic-opener-tool","Koocu Ic Opener Tool","Already imported (--resume)"
13553,"","double-head-anti-static-cleaning-brush","Double Head Anti-Static Cleaning Brush","Already imported (--resume)"
13545,"","mechenic-183c-og-ppd-pest","Mechenic 183C Og PPD Pest","Already imported (--resume)"
13546,"","mechanic-sak-11-high-quality-smd-tweezer","MECHANIC SAK-11 High Quality SMD Tweezer","Already imported (--resume)"
13547,"","mechanic-sak-15-high-quality-smd-tweezer","MECHANIC SAK-15 High Quality SMD Tweezer","Already imported (--resume)"
13548,"","tiger-06-nipper","Tiger 06 Nipper","Already imported (--resume)"
13538,"","tiger-07-nipper","Tiger 07 Nipper","Already imported (--resume)"
13537,"","mechanic-ip-15-boot-cable","Mechanic IP 15 Boot Cable","Already imported (--resume)"
13523,"","koocu-6-port-kc-328-charger","Koocu 6 port KC 328 Charger","Already imported (--resume)"
13511,"","sunshine-g21-combo-pesting-black-glue","Sunshine G21 Combo Pesting Black Glue","Already imported (--resume)"
13435,"","vivo-y51-2020-midil-panel","Vivo Y51 New Middle Panel","Already imported (--resume)"
13416,"","for-jio-bharat-20-pin-2-4-size-l-c-d","For Jio Bharat 20 pin 2.4 size L.C.D.","Already imported (--resume)"
13415,"","for-kechaoda-a26-battery","For Kechaoda A26 Battery","Already imported (--resume)"
13414,"","for-kechaoda-k115-battery","For Kechaoda K115 BL- 4C Battery","Already imported (--resume)"
13413,"","narzo-30a-main-flex-2","Narzo 30A Main Flex","Already imported (--resume)"
13407,"","oppo-a54-main-flex-2","Oppo A54 Main Flex","Already imported (--resume)"
13347,"","realme-9-5g-main-flex","Realme 9 5G Main Flex","Already imported (--resume)"
13346,"","moto-g14-main-flex","Moto G14 Main Flex","Already imported (--resume)"
13345,"","moto-g40-main-flex","Moto G40 Main Flex","Already imported (--resume)"
13344,"","moto-g62-main-flex","Moto G62 Main Flex","Already imported (--resume)"
13343,"","moto-g32-main-flex","Moto G32 Main Flex","Already imported (--resume)"
13342,"","moto-g52-main-flex","Moto G52 Main Flex","Already imported (--resume)"
13341,"","honor-9n-main-flex","Honor 9N Main Flex","Already imported (--resume)"
13340,"","oneplus-nord-ce-5g-main-flex","Oneplus Nord CE 5G Main Flex","Already imported (--resume)"
13339,"","oneplus-11r-main-flex","Oneplus 11R Main Flex","Already imported (--resume)"
13338,"","oneplus-11-main-flex","Oneplus 11 Main Flex","Already imported (--resume)"
13337,"","oneplus-8t-main-flex","Oneplus 8T Main Flex","Already imported (--resume)"
13336,"","oneplus-nord-ce2-lite-5g-main-flex","Oneplus Nord CE2 Lite 5G Main Flex","Already imported (--resume)"
13333,"","oneplus-nord-ce2-main-flex","Oneplus Nord CE2 Main Flex","Already imported (--resume)"
13332,"","samsung-a54-main-flex","Samsung A54 Main Flex","Already imported (--resume)"
13331,"","samsung-a71-main-flex","Samsung A71 Main Flex","Already imported (--resume)"
13330,"","samsung-a90-main-flex","Samsung A90 Main Flex","Already imported (--resume)"
13335,"","mi-note-13-pro-main-flex","Mi Note 13 Pro Main Flex","Already imported (--resume)"
13334,"","mi-note-12-pro-main-flex","Mi Note 12 Pro+ Main Flex","Already imported (--resume)"
13326,"","mi-note-11-pro-5g-main-flex","Mi Note 11 Pro 5G Main Flex","Already imported (--resume)"
13325,"","mi-note-13-5g-main-flex","Mi Note 13 5G Main Flex","Already imported (--resume)"
13324,"","vivo-y15-main-flex","Vivo Y15 Main Flex","Already imported (--resume)"
13323,"","vivo-y75-4g-main-flex","Vivo Y75 4G Main Flex","Already imported (--resume)"
13322,"","vivo-t2x-5g-main-flex","Vivo T2X 5G Main Flex","Already imported (--resume)"
13321,"","vivo-v17-pro-main-flex","Vivo V17 Pro Main Flex","Already imported (--resume)"
13320,"","vivo-v17-main-flex","Vivo V17 Main Flex","Already imported (--resume)"
13319,"","vivo-v20-pro-main-flex-2","Vivo V20 Pro Main Flex","Already imported (--resume)"
13318,"","vivo-v23e-main-flex","Vivo V23E Main Flex","Already imported (--resume)"
13317,"","vivo-v20se-main-flex","Vivo V20SE Main Flex","Already imported (--resume)"
13316,"","vivo-t2-pro-main-flex","Vivo T2 Pro Main Flex","Already imported (--resume)"
13315,"","vivo-y100-main-flex","Vivo Y100 Main Flex","Already imported (--resume)"
13314,"","vivo-y73-4g-main-flex","Vivo Y73 4G Main Flex","Already imported (--resume)"
13313,"","oppo-a79-5g-main-flex","Oppo A79 5G Main Flex","Already imported (--resume)"
13311,"","oppo-a78-5g-main-flex","Oppo A78 5G Main Flex","Already imported (--resume)"
13310,"","oppo-a33-new-main-flex","Oppo A33 New Main Flex","Already imported (--resume)"
13309,"","oppo-f11-main-flex","Oppo F11 Main Flex","Already imported (--resume)"
13308,"","oppo-a57-5g-main-flex","Oppo A57 5G Main Flex","Already imported (--resume)"
13307,"","oppo-k10-5g-main-flex","Oppo K10 5G Main Flex","Already imported (--resume)"
13306,"","realme-9-pro-main-flex","Realme 9 Pro Main Flex","Already imported (--resume)"
13305,"","narzo-70-5g-main-flex","Narzo 70 5G Main Flex","Already imported (--resume)"
13304,"","realme-x-main-flex","Realme X Main Flex","Already imported (--resume)"
13303,"","realme-11x-5g-main-flex","Realme 11X 5G Main Flex","Already imported (--resume)"
13302,"","narzo-50a-prime-main-flex","Narzo 50A Prime Main Flex","Already imported (--resume)"
13290,"","infinix-note-11-main-flex","Infinix Note 11 Main Flex","Already imported (--resume)"
13289,"","infinix-note-10-main-flex","Infinix Note 10 Main Flex","Already imported (--resume)"
13288,"","infinix-hot-11-main-flex","Infinix Hot 11 Main Flex","Already imported (--resume)"
13287,"","honor-9-lite-main-flex","Honor 9 Lite Main Flex","Already imported (--resume)"
13286,"","honor-10-lite-main-flex","Honor 10 Lite Main Flex","Already imported (--resume)"
13285,"","honor-8x-main-flex","Honor 8X Main Flex","Already imported (--resume)"
13284,"","realme-c51-main-flex","Realme C51 Main Flex","Already imported (--resume)"
13283,"","oppo-reno-6-5g-main-flex","Oppo Reno 6 5G Main Flex","Already imported (--resume)"
13282,"","oppo-f11-pro-main-flex","Oppo F11 Pro Main Flex","Already imported (--resume)"
13281,"","narzo-n53-main-flex","Narzo N53 Main Flex","Already imported (--resume)"
13280,"","oppo-a17-main-flex","Oppo A17 Main Flex","Already imported (--resume)"
13278,"","realme-8i-main-flex","Realme 8I Main Flex","Already imported (--resume)"
13277,"","narzo-30-pro-main-flex","Narzo 30 Pro Main Flex","Already imported (--resume)"
13276,"","realme-c35-main-flex","Realme C35 Main Flex","Already imported (--resume)"
13275,"","realme-c25y-main-flex","Realme C25Y Main Flex","Already imported (--resume)"
13274,"","oppo-a18-main-flex","Oppo A18 Main Flex","Already imported (--resume)"
13273,"","oppoo-f21-pro-5g-main-flex","Oppoo F21 Pro 5G Main Flex","Already imported (--resume)"
13272,"","oppo-a38-new-main-flex","Oppo A38 New Main Flex","Already imported (--resume)"
13271,"","realme-10-pro-main-flex","Realme 10 Pro Main Flex","Already imported (--resume)"
13270,"","oppo-f19-pro-main-flex","Oppo F19 Pro Main Flex","Already imported (--resume)"
13269,"","realme-pro-main-flex","Realme pro Main Flex","Already imported (--resume)"
13264,"","oppo-a72-5g-main-flex","Oppo A72 5G Main Flex","Already imported (--resume)"
13246,"","oppo-a57-new-main-flex","Oppo A57 New Main Flex","Already imported (--resume)"
13259,"","vivo-y36-main-flex","Vivo Y36 Main Flex","Already imported (--resume)"
13258,"","vivo-y28-new-main-flex","Vivo Y28 New Main Flex","Already imported (--resume)"
13257,"","vivo-y33s-main-flex","Vivo Y33S Main Flex","Already imported (--resume)"
13254,"","oneplus-nord-2-main-flex","Oneplus Nord 2 Main Flex","Already imported (--resume)"
13256,"","vivo-v21e-5g-main-flex","Vivo V21E 5G Main Flex","Already imported (--resume)"
13255,"","oneplus-6t-main-flex","Oneplus 6T Main Flex","Already imported (--resume)"
13253,"","oneplus-7-main-flex","Oneplus 7 Main Flex","Already imported (--resume)"
13238,"","oneplus-8-main-flex","Oneplus 8 Main Flex","Already imported (--resume)"
13235,"","oneplus-6-main-flex","Oneplus 6 Main Flex","Already imported (--resume)"
13234,"","oneplus-7t-main-flex","Oneplus 7T Main Flex","Already imported (--resume)"
13233,"","vivo-v20-5g-main-flex","Vivo V20 5G Main Flex","Already imported (--resume)"
13232,"","vivo-y75-5g-main-flex","Vivo Y75 5G Main Flex","Already imported (--resume)"
13231,"","vivo-t1-5g-main-flex","Vivo T1 5G Main Flex","Already imported (--resume)"
13230,"","vivo-y56-5g-main-flex","Vivo Y56 5G Main Flex","Already imported (--resume)"
13229,"","vivo-y31-new-main-flex","Vivo Y31 New Main Flex","Already imported (--resume)"
13228,"","vivo-y35-main-flex","Vivo Y35 Main Flex","Already imported (--resume)"
13227,"","vivo-y22-main-flex","Vivo Y22 Main Flex","Already imported (--resume)"
13226,"","vivo-y27-main-flex","Vivo Y27 Main Flex","Already imported (--resume)"
13222,"","vivo-v23-main-flex","Vivo V23 Main Flex","Already imported (--resume)"
13224,"","vivo-v21-4g-main-flex","Vivo V21 4G Main Flex","Already imported (--resume)"
13220,"","vivo-t1x-main-flex","Vivo T1X Main Flex","Already imported (--resume)"
13223,"","vivo-y200-main-flex","Vivo Y200 Main Flex","Already imported (--resume)"
13218,"","moto-g71-main-flex","Moto G71 Main Flex","Already imported (--resume)"
13217,"","moto-e5-plus-main-flex","Moto E5 Plus Main Flex","Already imported (--resume)"
13216,"","moto-one-fusion-plus-main-flex","Moto One Fusion Plus Main Flex","Already imported (--resume)"
13215,"","moto-e7-plus-main-flex","Moto E7 Plus Main Flex","Already imported (--resume)"
13214,"","moto-g7-power-main-flex","Moto G7 Power Main Flex","Already imported (--resume)"
13213,"","mi-6-pro-main-flex","Mi 6 Pro Main Flex","Already imported (--resume)"
13187,"","samsung-a22-4g-main-flex","Samsung A22 4G Main Flex","Already imported (--resume)"
13186,"","samsung-m51-main-flex","Samsung M51 Main Flex","Already imported (--resume)"
13185,"","samsung-a32-main-flex","Samsung A32 Main Flex","Already imported (--resume)"
13184,"","samsung-a53-main-flex","Samsung A53 Main Flex","Already imported (--resume)"
13183,"","samsung-a70-main-flex","Samsung A70 Main Flex","Already imported (--resume)"
13182,"","samsung-a33-5g-main-flex","Samsung A33 5G Main Flex","Already imported (--resume)"
13181,"","samsung-a34-5g-main-flex","Samsung A34 5G Main Flex","Already imported (--resume)"
13180,"","oneplus-nord-2t-main-flex","Oneplus Nord 2T Main Flex","Already imported (--resume)"
13179,"","samsung-a22-5g-main-flex","Samsung A22 5G Main Flex","Already imported (--resume)"
13178,"","samsung-a21s-main-flex","Samsung A21S Main Flex","Already imported (--resume)"
13176,"","samsung-a10-main-flex","Samsung A10 Main Flex","Already imported (--resume)"
13175,"","samsung-m40-main-flex","Samsung M40 Main Flex","Already imported (--resume)"
13174,"","realme-c12-main-flex","Realme C12 Main Flex","Already imported (--resume)"
13173,"","realme-6-main-flex","Realme 6 Main Flex","Already imported (--resume)"
13172,"","oppo-f19-main-flex","Oppo F19 Main Flex","Already imported (--resume)"
13171,"","narzo-30a-main-flex","Narzo 20 Main Flex","Already imported (--resume)"
13170,"","realme-8-pro-main-flex","Realme 8 Pro Main Flex","Already imported (--resume)"
13169,"","oppo-a53-main-flex","Oppo A53 Main Flex","Already imported (--resume)"
13168,"","narzo-20a-main-flex","Narzo 20A Main Flex","Already imported (--resume)"
13167,"","oppo-a54-5g-main-flex","Oppo A54 5G Main Flex","Already imported (--resume)"
13166,"","realme-6-pro-main-flex","Realme 6 Pro Main Flex","Already imported (--resume)"
13165,"","oppo-f17-pro-main-flex","Oppo F17 Pro Main Flex","Already imported (--resume)"
13164,"","narzo-50-main-flex","Narzo 50 Main Flex","Already imported (--resume)"
13163,"","oppo-a3s-main-flex","Oppo A3S Main Flex","Already imported (--resume)"
13162,"","oppo-f15-main-flex","Oppo F15 Main Flex","Already imported (--resume)"
13161,"","realme-5-main-flex-2","Realme 5 Main Flex","Already imported (--resume)"
13160,"","realme-c21y-main-flex-2","Realme C21Y Main Flex","Already imported (--resume)"
13159,"","realme-2-main-flex","Realme 2 Main Flex","Already imported (--resume)"
13158,"","oppo-a16-main-flex","Oppo A16 Main Flex","Already imported (--resume)"
13157,"","vivo-v20-pro-main-flex","Vivo V20 Pro Main Flex","Already imported (--resume)"
13151,"","vivo-v15-pro-main-flex","Vivo V15 Pro Main Flex","Already imported (--resume)"
13150,"","vivo-z1-pro-main-flex","Vivo Z1 Pro Main Flex","Already imported (--resume)"
13149,"","vivo-v7-main-flex","Vivo V7+ Main Flex","Already imported (--resume)"
13156,"","vivo-v9-main-flex","Vivo V9 Main Flex","Already imported (--resume)"
13155,"","vivo-y50-main-flex","Vivo Y50 Main Flex","Already imported (--resume)"
13154,"","vivo-y30-main-flex","Vivo Y30 Main Flex","Already imported (--resume)"
13153,"","vivo-v21-5g-main-flex","Vivo V21 5G Main Flex","Already imported (--resume)"
13144,"","vivo-y11-main-flex","Vivo Y11 Main Flex","Already imported (--resume)"
13143,"","vivo-y16-main-flex","Vivo Y16 Main Flex","Already imported (--resume)"
13142,"","mi-note-12-5g-main-flex","Mi Note 12 5G Main Flex","Already imported (--resume)"
12965,"","mi-note-10-pro-main-flex","MI Note 10 Pro Main Flex","Already imported (--resume)"
12964,"","mi-note-8-pro-main-flex","Mi Note 8 Pro Main Flex","Already imported (--resume)"
12963,"","poco-f1-main-flex","Poco F1 Main Flex","Already imported (--resume)"
13121,"","mi-note-11-main-flex","Mi Note 11 Main Flex","Already imported (--resume)"
12961,"","mi-note-8-main-flex","Mi Note 8 Main Flex","Already imported (--resume)"
12960,"","mi-7a-main-flex","Mi 7A Main Flex","Already imported (--resume)"
12959,"","mi-note-6-main-flex","Mi Note 6 Main Flex","Already imported (--resume)"
12958,"","mi-note-9-pro-main-flex","Mi Note 9 Pro Main Flex","Already imported (--resume)"
12957,"","mi-y1-main-flex","Mi Y1 Main Flex","Already imported (--resume)"
12956,"","mi-note-10-main-flex","Mi Note 10 Main Flex","Already imported (--resume)"
12911,"","mi-note-6-pro-side-rubber-key","Mi Note 6 Pro Side Rubber Key","Already imported (--resume)"
12910,"","mi-note-5-side-rubber-key","Mi Note 5 Side Rubber Key","Already imported (--resume)"
12907,"","samsung-j2-side-rubber-key","Samsung J2 Side Rubber Key","Already imported (--resume)"
12906,"","samsung-a01-core-side-rubber-key","Samsung A01 Core Side Rubber Key","Already imported (--resume)"
12905,"","oppo-a33-new-side-rubber-key","Oppo A33 New Side Rubber Key","Already imported (--resume)"
12904,"","realme-5-pro-side-rubber-key","Realme 5 Pro Side Rubber Key","Already imported (--resume)"
12903,"","oppo-a5s-side-rubber-key","Oppo A5S Side Rubber Key","Already imported (--resume)"
12902,"","oppo-a3s-side-rubber-key","Oppo A3S Side Rubber Key","Already imported (--resume)"
12901,"","realme-c11-side-rubber-key","Realme C11 Side Rubber Key","Already imported (--resume)"
12900,"","realme-c20-side-rubber-key","Realme C20 Side Rubber Key","Already imported (--resume)"
12896,"","oppo-f9-camera-glass","Oppo F9 Camera glass","Already imported (--resume)"
12895,"","oppo-a53-camera-glass","Oppo A53 Camera glass","Already imported (--resume)"
12894,"","mi-note-4-camera-glass","Mi Note 4 Camera glass","Already imported (--resume)"
12893,"","vivo-v15-camera-glass","Vivo V15 Camera glass","Already imported (--resume)"
12889,"","itel-a44-power-on-off-flex","Itel A44 Power On Off Flex","Already imported (--resume)"
12888,"","poco-c51-on-off-flex","Poco C51 On Off Flex","Already imported (--resume)"
12873,"","samsaung-a12-a13","Samsaung A12/A13 Finger sensor Conector","Already imported (--resume)"
12822,"","t12d-soldering-iron-station","T12D+ Soldering Iron Station","Already imported (--resume)"
12812,"","realme-5i-og-cc-flex","Realme 5I Og CC Flex","Already imported (--resume)"
12811,"","jio-next-6-pin-mic","Jio Next 6 Pin Mic","Already imported (--resume)"
12810,"","mi-11-lite-volume-flex","Mi 11 Lite Volume Flex","Already imported (--resume)"
12809,"","vivo-y35-camera-glass","Vivo Y35 Camera glass","Already imported (--resume)"
12808,"","vivo-y16-ringer-box","Vivo Y16 Ringer Box","Already imported (--resume)"
12807,"","realme-c67-ringer-box","Realme C67 Ringer Box","Already imported (--resume)"
12818,"","moto-g54-on-off-flex","Moto G54 On Off Flex","Already imported (--resume)"
12817,"","tecno-spark-go-2024-on-off-flex","Tecno Spark Go 2024 On Off Flex","Already imported (--resume)"
12804,"","poco-m6-pro-finger-sensor","Poco M6 Pro Finger Sensor","Already imported (--resume)"
12803,"","vivo-y18-y03-finger-sensor","Vivo Y18 / Y03 Finger Sensor","Already imported (--resume)"
12802,"","infinix-note-12-pro-main-flex","Infinix Note 12 Pro Main Flex","Already imported (--resume)"
12801,"","oppo-reno-7-main-flex","Oppo Reno 7 Main Flex","Already imported (--resume)"
12799,"","mi-10-5g-main-flex","Mi 10 5G Main Flex","Already imported (--resume)"
12783,"","infinix-smart-4-finger-sensor","Infinix Smart 4+ Finger Sensor","Already imported (--resume)"
12782,"","poco-c65-finger-sensor","Poco C65 Finger Sensor","Already imported (--resume)"
12789,"","mi-note-8-finger-sensor","Mi Note 8 Finger Sensor","Already imported (--resume)"
12788,"","mi-note-6-finger-sensor","Mi Note 6 Finger Sensor","Already imported (--resume)"
12779,"","mi-13c-finger-sensor","Mi 13C Finger Sensor","Already imported (--resume)"
12778,"","honor-9n-finger-sensor","Honor 9N Finger Sensor","Already imported (--resume)"
12777,"","mi-7-y3-finger-sensor","Mi 7 / Y3 Finger Sensor","Already imported (--resume)"
12776,"","vivo-y27-finger-sensor","Vivo Y27 Finger Sensor","Already imported (--resume)"
12786,"","tecno-spark-go-2024-finger-sensor","Tecno Spark Go 2024 Finger Sensor","Already imported (--resume)"
12787,"","mi-8a-finger-sensor","Mi 8A Finger Sensor","Already imported (--resume)"
12785,"","oppo-f11-finger-sensor","Oppo F11 Finger Sensor","Already imported (--resume)"
12784,"","samsung-a21s-finger-sensor","Samsung A21S Finger Sensor","Already imported (--resume)"
12775,"","infinix-hot-10-play-finger-sensor","Infinix Hot 10 Play Finger Sensor","Already imported (--resume)"
12774,"","mi-note-13-4g-finger-sensor","Mi Note 13 4G Finger Sensor","Already imported (--resume)"
12773,"","vivo-y02-finger-sensor","Vivo Y02 Finger Sensor","Already imported (--resume)"
12772,"","mi-note-8-pro-finger-sensor","Mi Note 8 Pro Finger Sensor","Already imported (--resume)"
12771,"","vivo-t3x-5g-finger-sensor","Vivo T3X 5G Finger Sensor","Already imported (--resume)"
12770,"","infinix-smart-7-finger-sensor","Infinix Smart 7 Finger Sensor","Already imported (--resume)"
12769,"","mi-11-prime-finger-sensor","Mi 11 Prime Finger Sensor","Already imported (--resume)"
12768,"","mi-note-12-4g-finger-sensor","Mi Note 12 4G Finger Sensor","Already imported (--resume)"
12767,"","vivo-t2x-5g-finger-sensor","Vivo T2X 5G Finger Sensor","Already imported (--resume)"
12766,"","mi-note-12-pro-plus-finger-sensor","MI Note 12 Pro Plus Finger Sensor","Already imported (--resume)"
12765,"","one-plus-nord-ce2-lite-finger-sensor","One Plus Nord CE2 Lite Finger Sensor","Already imported (--resume)"
12764,"","mi-note-10t-finger-sensor","Mi Note 10T Finger Sensor","Already imported (--resume)"
12763,"","tecno-kg5-finger-sensor","Tecno KG5 Finger Sensor","Already imported (--resume)"
12762,"","mi-10-prime-finger-sensor","Mi 10 Prime Finger Sensor","Already imported (--resume)"
12761,"","mi-9c-finger-sensor","Mi 9C Finger Sensor","Already imported (--resume)"
12760,"","mi-9-power-finger-sensor","Mi 9 Power Finger Sensor","Already imported (--resume)"
12759,"","honor-8x-finger-sensor","Honor 8X Finger Sensor","Already imported (--resume)"
12758,"","honor-9-lite-finger-sensor","Honor 9 Lite Finger Sensor","Already imported (--resume)"
12700,"","samsung-a10s-finger-sensor","Samsung A10S Finger Sensor","Already imported (--resume)"
12699,"","realme-2-pro-finger-sensor","Realme 2 Pro Finger Sensor","Already imported (--resume)"
12698,"","narzo-n53-finger-sensor","Narzo N53 Finger Sensor","Already imported (--resume)"
12697,"","realme-c30-finger-sensor","Realme C30 Finger Sensor","Already imported (--resume)"
12696,"","realme-c35-finger-sensor","Realme C35 Finger Sensor","Already imported (--resume)"
12705,"","oppo-a18-finger-sensor","Oppo A18 Finger Sensor","Already imported (--resume)"
12704,"","oppo-f9-pro-finger-sensor","Oppo F9 Pro Finger Sensor","Already imported (--resume)"
12703,"","oppo-a16-finger-sensor","Oppo A16 Finger Sensor","Already imported (--resume)"
12662,"","poco-c50-finger-sensor","Poco C50 Finger Sensor","Already imported (--resume)"
12661,"","realme-5-pro-finger-sensor","Realme 5 Pro Finger Sensor","Already imported (--resume)"
12664,"","vivo-z1-pro-finger-sensor","Vivo Z1 Pro Finger Sensor","Already imported (--resume)"
12663,"","vivo-y33s-finger-sensor","Vivo Y33S Finger Sensor","Already imported (--resume)"
12658,"","vivo-y50-finger-sensor","Vivo Y50 Finger Sensor","Already imported (--resume)"
12657,"","vivo-v15-finger-sensor","Vivo V15 Finger Sensor","Already imported (--resume)"
12656,"","vivo-y83-finger-sensor","Vivo Y83 Finger Sensor","Already imported (--resume)"
12655,"","vivo-y56-5g-finger-sensor","Vivo Y56 5G Finger Sensor","Already imported (--resume)"
12654,"","vivo-v11-finger-sensor","Vivo V11 Finger Sensor","Already imported (--resume)"
12653,"","vivo-y35-finger-sensor","Vivo Y35 Finger Sensor","Already imported (--resume)"
12652,"","vivo-y30-finger-sensor","Vivo Y30 Finger Sensor","Already imported (--resume)"
12651,"","vivo-y19-finger-sensor","Vivo Y19 Finger Sensor","Already imported (--resume)"
12628,"","vivo-y11-finger-sensor","Vivo Y11 Finger Sensor","Already imported (--resume)"
12627,"","vivo-y16-finger-sensor","Vivo Y16 Finger Sensor","Already imported (--resume)"
12626,"","mi-6-pro-finger-sensor","Mi 6 Pro Finger Sensor","Already imported (--resume)"
12625,"","mi-note-10-5g-finger-sensor","Mi Note 10 5G Finger Sensor","Already imported (--resume)"
12624,"","mi-note-10-4g-finger-sensor","Mi Note 10 4G Finger Sensor","Already imported (--resume)"
12623,"","tecno-spark-6-air-finger-sensor","Tecno Spark 6 Air Finger Sensor","Already imported (--resume)"
12622,"","tecno-ke-5-finger-sensor","Tecno KE 5 Finger Sensor","Already imported (--resume)"
12621,"","oppo-a5s-finger-sensor","Oppo A5S Finger Sensor","Already imported (--resume)"
12620,"","realme-5-finger-sensor","Realme 5 Finger Sensor","Already imported (--resume)"
12619,"","realme-c25-finger-sensor","Realme C25 Finger Sensor","Already imported (--resume)"
12469,"","samsung-a22-5g-finger-sensor","Samsung A22 5G Finger Sensor","Already imported (--resume)"
12468,"","samsung-a04s-finger-sensor","Samsung A04S Finger Sensor","Already imported (--resume)"
12467,"","samsung-m51-finger-sensor-2","Samsung M51 Finger Sensor","Already imported (--resume)"
12465,"","samsung-a13-4g-finger-sensor","Samsung A13 4G Finger Sensor","Already imported (--resume)"
12458,"","samsung-a01-core-on-off-flex","Samsung A01 Core On Off Flex","Already imported (--resume)"
12457,"","one-plus-ce-2-lite-on-off-flex","One Plus CE 2 Lite On Off Flex","Already imported (--resume)"
12456,"","oppo-f9-on-off-flex","Oppo F9 On Off Flex","Already imported (--resume)"
12455,"","one-plus-nord-ce-2-on-off-flex","One Plus Nord CE 2 On Off Flex","Already imported (--resume)"
12454,"","samsung-m10-on-off-flex","Samsung M10 On Off Flex","Already imported (--resume)"
12453,"","samsung-m31-on-off-flex","Samsung M31 On Off Flex","Already imported (--resume)"
12452,"","vivo-y35-on-off-flex","Vivo Y35 On Off Flex","Already imported (--resume)"
12451,"","realme-c11-2021-on-off-flex","Realme C11 2021 On Off Flex","Already imported (--resume)"
12450,"","vivo-y11-on-off-flex","Vivo Y11 On Off Flex","Already imported (--resume)"
12449,"","samsung-a50s-on-off-flex","Samsung A50S On Off Flex","Already imported (--resume)"
12447,"","vivo-v20-5g-on-off-flex","Vivo V20 5G On Off Flex","Already imported (--resume)"
12446,"","tecno-spark-8t-on-off-flex","Tecno Spark 8T On Off Flex","Already imported (--resume)"
12445,"","samsung-a20-on-off-flex","Samsung A20 On Off Flex","Already imported (--resume)"
12444,"","infinix-hot-20-play-on-off-flex","Infinix Hot 20 Play On Off Flex","Already imported (--resume)"
12412,"","tecno-spark-8-on-off-flex","Tecno Spark 8 On Off Flex","Already imported (--resume)"
12411,"","samsung-m20-on-off-flex","Samsung M20 On Off Flex","Already imported (--resume)"
12410,"","vivo-v21-4g-on-off-flex","Vivo V21 4G On Off Flex","Already imported (--resume)"
12409,"","poco-m3-on-off-flex","Poco M3 On Off Flex","Already imported (--resume)"
12408,"","vivo-y15s-on-off-flex","Vivo Y15S On Off Flex","Already imported (--resume)"
12407,"","tecno-spark-7t-on-off-flex","Tecno Spark 7T On Off Flex","Already imported (--resume)"
12406,"","tecno-pop-7-pro-on-off-flex","Tecno Pop 7 Pro On Off Flex","Already imported (--resume)"
12405,"","infinix-hot-20-on-off-flex","Infinix Hot 20 On Off Flex","Already imported (--resume)"
12404,"","samsung-a30s-on-off-flex","Samsung A30s On Off Flex","Already imported (--resume)"
12403,"","vivo-v21-5g-on-off-flex","Vivo V21 5G On Off Flex","Already imported (--resume)"
12402,"","vivo-v17-on-off-flex","Vivo V17 On Off Flex","Already imported (--resume)"
12401,"","infinix-smart-5-on-off-flex","Infinix Smart 5 On Off Flex","Already imported (--resume)"
12400,"","samsung-a03-on-off-flex","Samsung A03 On Off Flex","Already imported (--resume)"
12399,"","realme-narzo-n53-on-off-flex","Realme Narzo N53 On Off Flex","Already imported (--resume)"
12398,"","infinix-smart-7-hd-on-off-flex","Infinix Smart 7 HD On Off Flex","Already imported (--resume)"
12390,"","itel-p40-og-cc-flex","Itel P40 Og CC Flex","Already imported (--resume)"
12389,"","mi-note-12-pro-og-cc-flex","Mi Note 12 Pro + Og CC Flex","Already imported (--resume)"
12388,"","infinix-note-10-og-cc-flex","Infinix Note 10 Og CC Flex","Already imported (--resume)"
12387,"","tecno-kb-2-og-cc-flex","Tecno KB 2 Og CC Flex","Already imported (--resume)"
12386,"","nokia-2-4-og-cc-flex","Nokia 2.4 Og CC Flex","Already imported (--resume)"
12385,"","oppo-reno-6-pro-og-cc-flex","Oppo Reno 6 Pro Og CC Flex","Already imported (--resume)"
12384,"","nokia-3-1-og-cc-flex","Nokia 3.1 Og CC Flex","Already imported (--resume)"
12383,"","nokia-5-og-cc-flex","Nokia 5 Og CC Flex","Already imported (--resume)"
12382,"","lava-blaze-2-pro-og-cc-flex","Lava Blaze 2 Pro Og CC Flex","Already imported (--resume)"
12381,"","lava-blaze-5g-og-cc-flex","Lava Blaze 5G Og CC Flex","Already imported (--resume)"
12374,"","lava-yuva-2-pro-og-cc-flex","Lava Yuva 2 pro Og CC Flex","Already imported (--resume)"
12373,"","moto-e32s-og-cc-flex","Moto E32S Og CC Flex","Already imported (--resume)"
12372,"","moto-e32-og-cc-flex","Moto E32 Og CC Flex","Already imported (--resume)"
12371,"","moto-g8-power-lite-og-cc-flex","Moto G8 Power Lite Og CC Flex","Already imported (--resume)"
12370,"","moto-g13-og-cc-flex","Moto G13 Og CC Flex","Already imported (--resume)"
12369,"","moto-g14-og-cc-flex","Moto G14 Og CC Flex","Already imported (--resume)"
12368,"","moto-g34-og-cc-flex","Moto G34 Og CC Flex","Already imported (--resume)"
12367,"","moto-g82-og-cc-flex","Moto G82 Og CC Flex","Already imported (--resume)"
12366,"","honor-7c-og-cc-flex","Honor 7C Og CC Flex","Already imported (--resume)"
12365,"","honor-p30-lite-og-cc-flex","Honor P30 Lite Og CC Flex","Already imported (--resume)"
12364,"","honor-p20-lite-og-cc-flex","Honor P20 Lite Og CC Flex","Already imported (--resume)"
12363,"","honor-10-lite-og-cc-flex","Honor 10 Lite Og CC Flex","Already imported (--resume)"
12362,"","one-plus-11r-og-cc-flex","One Plus 11R Og CC Flex","Already imported (--resume)"
12361,"","one-plus-8-og-cc-flex","One Plus 8 Og CC Flex","Already imported (--resume)"
12360,"","one-plus-ce4-lite-og-cc-flex","One Plus CE4 Lite Og CC Flex","Already imported (--resume)"
12359,"","one-plus-nord-n100-og-cc-flex","One Plus Nord N100 Og CC Flex","Already imported (--resume)"
12358,"","samsung-a30s-og-cc-flex","Samsung A30S Og CC Flex","Already imported (--resume)"
12357,"","moto-g7-power-og-cc-flex","Moto G7 Power Og CC Flex","Already imported (--resume)"
12356,"","moto-e7-plus-og-cc-flex","Moto E7 Plus Og CC Flex","Already imported (--resume)"
12355,"","moto-e5-plus-og-cc-flex","Moto E5 Plus Og CC Flex","Already imported (--resume)"
12354,"","moto-e6-plus-og-cc-flex","Moto E6 Plus Og CC Flex","Already imported (--resume)"
12353,"","realme-1-og-cc-flex","Realme 1 Og CC Flex","Already imported (--resume)"
12352,"","poco-c65-og-cc-flex","Poco C65 Og CC Flex","Already imported (--resume)"
12351,"","mi-note-12-5g-og-cc-flex","Mi Note 12 5G Og CC Flex","Already imported (--resume)"
12350,"","honor-6x-og-cc-flex","Honor 6X Og CC Flex","Already imported (--resume)"
12349,"","one-plus-7t-og-cc-flex","One Plus 7T Og CC Flex","Already imported (--resume)"
12348,"","one-plus-nord-ce4-og-cc-flex","One Plus Nord CE4 Og CC Flex","Already imported (--resume)"
12347,"","tecno-comon-20-og-cc-flex","Tecno Comon 20 Og CC Flex","Already imported (--resume)"
12346,"","tecno-spark-7-pro-og-cc-flex","Tecno Spark 7 Pro Og CC Flex","Already imported (--resume)"
12345,"","tecno-in-2-og-cc-flex","Tecno In 2 Og CC Flex","Already imported (--resume)"
12344,"","tecno-i4-og-cc-flex","Tecno I4 Og CC Flex","Already imported (--resume)"
12282,"","oppo-reno-5-pro-og-cc-flex","Oppo Reno 5 Pro Og CC Flex","Already imported (--resume)"
12281,"","oppo-a54s-og-cc-flex","Oppo A54S Og CC Flex","Already imported (--resume)"
12280,"","oppo-f3-og-cc-flex","Oppo F3 Og CC Flex","Already imported (--resume)"
12279,"","oppo-a83-og-cc-flex","Oppo A83 Og CC Flex","Already imported (--resume)"
12278,"","realme-6-og-cc-flex","Realme 6 Og CC Flex","Already imported (--resume)"
12277,"","oppo-a78-5g-og-cc-flex","Oppo A78 5G Og CC Flex","Already imported (--resume)"
12276,"","oppo-a59-5g-og-cc-flex","Oppo A59 5G Og CC Flex","Already imported (--resume)"
12275,"","vivo-y73-5g-og-cc-flex","Vivo Y73 5G Og CC Flex","Already imported (--resume)"
12274,"","vivo-y75-og-cc-flex","Vivo Y75 Og CC Flex","Already imported (--resume)"
12273,"","vivo-y28-new-og-cc-flex","Vivo Y28 New Og CC Flex","Already imported (--resume)"
12272,"","vivo-y36-og-cc-flex","Vivo Y36 Og CC Flex","Already imported (--resume)"
12271,"","vivo-v15-og-cc-flex","Vivo V15 Og CC Flex","Already imported (--resume)"
12270,"","honor-8x-og-cc-flex","Honor 8X Og CC Flex","Already imported (--resume)"
12269,"","infinix-smart-8-og-cc-flex","One Plus 6T Og CC Flex","Already imported (--resume)"
12263,"","mi-y2-side-rubber-key","Mi Y2 Side Rubber Key","Already imported (--resume)"
12260,"","itel-a47-og-cc-flex-2","Itel A47 Og CC Flex","Already imported (--resume)"
12244,"","tecno-kg5k-og-cc-flex","Tecno KG5K Og CC Flex","Already imported (--resume)"
12243,"","itel-a49-og-cc-flex","Itel A49 Og CC Flex","Already imported (--resume)"
12242,"","lava-yuva-2-og-cc-flex","Lava Yuva 2 Og CC Flex","Already imported (--resume)"
12241,"","vivo-y58-og-cc-flex","Vivo Y58 Og CC Flex","Already imported (--resume)"
12239,"","vivo-v23-og-cc-flex","Vivo V23 Og CC Flex","Already imported (--resume)"
12238,"","realme-9-5g-og-cc-flex","Realme 9 5G Og CC Flex","Already imported (--resume)"
12222,"","tecno-in-3-og-cc-flex","Tecno In 3 Og CC Flex","Already imported (--resume)"
12221,"","one-plus-nore-ce-og-cc-flex","One Plus Nore CE Og CC Flex","Already imported (--resume)"
12220,"","moto-e40-og-cc-flex","Moto E40 Og CC Flex","Already imported (--resume)"
12228,"","nokia-3-2-og-cc-flex","Nokia 3.2 Og CC Flex","Already imported (--resume)"
12218,"","infinix-smart-4-og-cc-flex","Infinix Smart 4+ Og CC Flex","Already imported (--resume)"
12227,"","tecno-in-1-og-cc-flex","Tecno In 1 Og CC Flex","Already imported (--resume)"
12216,"","tecno-kc1-og-cc-flex","Tecno KC1 Og CC Flex","Already imported (--resume)"
12215,"","infinix-smart-6-hd-og-cc-flex","Infinix Smart 6 HD Og CC Flex","Already imported (--resume)"
12226,"","tecno-bb4k-og-cc-flex","Tecno BB4K Og CC Flex","Already imported (--resume)"
12213,"","infinix-smart-6-og-cc-flex","Infinix Smart 6 Og CC Flex","Already imported (--resume)"
12212,"","tecno-pova-2-og-cc-flex","Tecno Pova 2 Og CC Flex","Already imported (--resume)"
12211,"","infinix-hot-30i-og-cc-flex","Infinix Hot 30i Og CC Flex","Already imported (--resume)"
12225,"","infinix-hot-11s-og-cc-flex","Infinix Hot 11S Og CC Flex","Already imported (--resume)"
12208,"","infinix-note-11-og-cc-flex","Infinix Note 11 Og CC Flex","Already imported (--resume)"
12207,"","tecno-spark-7-og-cc-flex","Tecno Spark 7 Og CC Flex","Already imported (--resume)"
12206,"","infinix-hot-9-play-og-cc-flex","Infinix Hot 9 Play Og CC Flex","Already imported (--resume)"
12205,"","tecno-spark-5-pro-og-cc-flex","Tecno Spark 5 Pro Og CC Flex","Already imported (--resume)"
12204,"","itel-vision-3-og-cc-flex","Itel Vision 3 Og CC Flex","Already imported (--resume)"
12203,"","itel-vision-2s-og-cc-flex","Itel Vision 2S Og CC Flex","Already imported (--resume)"
12202,"","itel-a26-og-cc-flex","Itel A26 Og CC Flex","Already imported (--resume)"
12201,"","itel-a47-og-cc-flex","Itel Vision 2 Og CC Flex","Already imported (--resume)"
12200,"","honon-7x-og-cc-flex","Honon 7X Og CC Flex","Already imported (--resume)"
12199,"","lava-blaze-2-og-cc-flex","Lava Blaze 2 4G Og CC Flex","Already imported (--resume)"
12198,"","honor-7a-og-cc-flex","Honor 7A Og CC Flex","Already imported (--resume)"
12165,"","honor-9n-og-cc-flex","Honor 9N Og CC Flex","Already imported (--resume)"
12164,"","honor-9-lite-og-cc-flex","Honor 9 Lite Og CC Flex","Already imported (--resume)"
12163,"","itel-a46-og-cc-flex","Itel A46 Og CC Flex","Already imported (--resume)"
12162,"","itel-a60-og-cc-flex","Itel A60 Og CC Flex","Already imported (--resume)"
12161,"","one-plus-nord-2t-og-cc-flex","One Plus Nord 2T Og CC Flex","Already imported (--resume)"
12160,"","one-plus-11-5g-og-cc-flex","One Plus 11 5G Og CC Flex","Already imported (--resume)"
12159,"","one-plus-7-og-cc-flex","One Plus 7 Og CC Flex","Already imported (--resume)"
12158,"","one-plus-8t-og-cc-flex","One Plus 8T Og CC Flex","Already imported (--resume)"
12156,"","one-plus-5t-og-cc-flex","One plus 5T Og CC Flex","Already imported (--resume)"
12097,"","mi-note-13-pro-og-cc-flex","Mi Note 13 pro + Og CC Flex","Already imported (--resume)"
12096,"","vivo-t1x-og-cc-flex","Vivo T1X Og CC Flex","Already imported (--resume)"
12095,"","vivo-y200-og-cc-flex","Vivo Y200 Og CC Flex","Already imported (--resume)"
12094,"","moto-g62-og-cc-flex","Moto G62 Og CC Flex","Already imported (--resume)"
12093,"","moto-one-fusion-plus-5g-og-cc-flex","Moto One Fusion Plus 5G Og CC Flex","Already imported (--resume)"
12092,"","vivo-z1x-og-cc-flex","Vivo Z1X Og CC Flex","Already imported (--resume)"
12091,"","realme-c31-5g-og-cc-flex","Realme C31 5G Og CC Flex","Already imported (--resume)"
12090,"","vivo-y18-og-cc-flex","Vivo Y18 Og CC Flex","Already imported (--resume)"
12089,"","vivo-z1-pro-og-cc-flex","Vivo Z1 Pro Og CC Flex","Already imported (--resume)"
12088,"","vivo-y21l-og-cc-flex","Vivo Y21L Og CC Flex","Already imported (--resume)"
12087,"","vivo-y33s","Vivo Y33S Og CC Flex","Already imported (--resume)"
12086,"","vivo-y03-og-cc-flex","Vivo Y03 Og CC Flex","Already imported (--resume)"
12085,"","vivo-v20-pro-og-cc-flex","Vivo V20 Pro Og CC Flex","Already imported (--resume)"
12084,"","vivo-v17-pro-og-cc-flex","Vivo V17 Pro Og CC Flex","Already imported (--resume)"
12083,"","vivo-y100-og-cc-flex","Vivo Y100 Og CC Flex","Already imported (--resume)"
12082,"","vivo-y56-5g-og-cc-flex","Vivo Y56 5G Og CC Flex","Already imported (--resume)"
12081,"","vivo-t2x-5g-og-cc-flex","Vivo T2X 5G Og CC Flex","Already imported (--resume)"
12057,"","vivo-y69-og-cc-flex","Vivo Y69 Og CC Flex","Already imported (--resume)"
12056,"","narzo-50-5g-og-cc-flex","Realme Narzo 50 5G Og CC Flex","Already imported (--resume)"
12055,"","mi-go-og-cc-flex","Mi Go Og CC Flex","Already imported (--resume)"
12053,"","vivo-s1-og-cc-flex","Vivo S1 Og CC Flex","Already imported (--resume)"
12052,"","norzo-20a-og-cc-flex","Norzo 20A Og CC Flex","Already imported (--resume)"
12051,"","mi-12-5g-og-cc-flex","Mi 12 5G Og CC Flex","Already imported (--resume)"
12050,"","samsung-a04e-og-cc-flex","Samsung A04E Og CC Flex","Already imported (--resume)"
12049,"","mi-note-13-pro","Mi 11 Prime 5G Og CC Flex","Already imported (--resume)"
12048,"","mi-13c-4g-og-cc-flex","Mi 13C 4G Og CC Flex","Already imported (--resume)"
12047,"","poco-m4-og-cc-flex","Poco M4 Og CC Flex","Already imported (--resume)"
12046,"","realme-c21-5g-og-cc-flex","Realme C21 5G Og CC Flex","Already imported (--resume)"
12045,"","vivo-y31-new-og-cc-flex","Vivo Y31 New Og CC Flex","Already imported (--resume)"
12044,"","mi-13-5g-og-cc-flex","Mi 13 5G Og CC Flex","Already imported (--resume)"
12043,"","samsung-a3","Samsung A34 5G Og CC Flex","Already imported (--resume)"
12042,"","mi-10a-og-cc-flex","Mi 10A Og CC Flex","Already imported (--resume)"
12041,"","vivo-v23e-5g-og-cc-flex","Vivo V23E 5G Og CC Flex","Already imported (--resume)"
12040,"","vivo-y27-og-cc-flex","Vivo Y27 Og CC Flex","Already imported (--resume)"
12039,"","oppo-a18-og-cc-flex","Oppo A18 Og CC Flex","Already imported (--resume)"
12038,"","mi-10-prime-og-cc-flex","Mi 10 Prime Og CC Flex","Already imported (--resume)"
12037,"","moto-g10-og-cc-flex","Moto G10 Og CC Flex","Already imported (--resume)"
12036,"","poco-m6-pro-og-cc-flex","Poco M6 Pro Og CC Flex","Already imported (--resume)"
12035,"","samsung-m40-og-cc-flex","Samsung M40 Og CC Flex","Already imported (--resume)"
12034,"","vivo-t3x-5g-og-cc-flex","Vivo T3X 5G Og CC Flex","Already imported (--resume)"
12032,"","mi-5-og-cc-flex","Mi 5 Og CC Flex","Already imported (--resume)"
12031,"","poco-c50-og-cc-flex","Poco C50 Og CC Flex","Already imported (--resume)"
12030,"","poco-c61-og-cc-flex","Poco C61 Og CC Flex","Already imported (--resume)"
12029,"","mi-note-11-pro-og-cc-flex","Mi Note 11 Pro Og CC Flex","Already imported (--resume)"
12028,"","mi-9c-og-cc-flex","Mi 9C Og CC Flex","Already imported (--resume)"
12027,"","oppo-f21-pro-5g-og-cc-flex","Oppo F21 Pro 5G Og CC Flex","Already imported (--resume)"
12026,"","realme-8-pro-og-cc-flex","Realme 8 pro Og CC Flex","Already imported (--resume)"
12025,"","mi-a3-og-cc-flex","Mi A3 Og CC Flex","Already imported (--resume)"
12024,"","mi-note-10t-og-cc-flex","Mi Note 10T Og CC Flex","Already imported (--resume)"
12023,"","narzo-70-5g-og-cc-flex","Realme Narzo 70 5G Og CC Flex","Already imported (--resume)"
12021,"","narzo-30-pro-og-cc-flex","Realme Narzo 30 Pro Og CC Flex","Already imported (--resume)"
12009,"","samsung-a05-og-cc-flex","Samsung A05 Og CC Flex","Already imported (--resume)"
12007,"","realme-6-pro-og-cc-flex","Realme 6 Pro Og CC Flex","Already imported (--resume)"
12006,"","realme-11x-og-cc-flex","Realme 11X Og CC Flex","Already imported (--resume)"
12005,"","vivo-v20se-og-cc-flex","Vivo V20SE Og CC Flex","Already imported (--resume)"
12010,"","samsung-a54-og-cc-flex","Samsung A54 Og CC Flex","Already imported (--resume)"
12015,"","oppo-a79-5g-og-cc-flex","Oppo A79 5G Og CC Flex","Already imported (--resume)"
12014,"","samsung-a03-core-og-cc-flex","Samsung A03 Core Og CC Flex","Already imported (--resume)"
12013,"","realme-10-pro-og-cc-flex","Realme 10 pro Og CC Flex","Already imported (--resume)"
12012,"","oppo-a38-og-cc-flex","Oppo A38 Og CC Flex","Already imported (--resume)"
12011,"","moto-g71-og-cc-flex","Moto G71 Og CC Flex","Already imported (--resume)"
12020,"","moto-g52-og-cc-flex","Moto G52 Og CC Flex","Already imported (--resume)"
12019,"","moto-g40-og-cc-flex","Moto G40 Og CC Flex","Already imported (--resume)"
12018,"","moto-g22-og-cc-flex","Moto G22 Og CC Flex","Already imported (--resume)"
12017,"","samsung-a53-og-cc-flex","Samsung A53 Og CC Flex","Already imported (--resume)"
11924,"","samsung-a31-og-cc-flex","Samsung A31 Og CC Flex","Already imported (--resume)"
11923,"","oppo-k10-5g-og-cc-flex","Oppo K10 5G Og CC Flex","Already imported (--resume)"
11922,"","samsung-a52-og-cc-flex","Samsung A52 Og CC Flex","Already imported (--resume)"
11921,"","oppo-f11-og-cc-flex","Oppo F11 Og CC Flex","Already imported (--resume)"
11919,"","oppo-reno-6-og-cc-flex","Oppo Reno 6 Og CC Flex","Already imported (--resume)"
11918,"","oppo-f15-og-cc-flex","Oppo F15 Og CC Flex","Already imported (--resume)"
11917,"","realme-x-og-cc-flex","Realme x Og CC Flex","Already imported (--resume)"
11916,"","realme-5-pro-og-cc-flex","Realme 5 Pro Og CC Flex","Already imported (--resume)"
11915,"","oppo-f11-pro-og-cc-flex","Oppo F11 Pro Og CC Flex","Already imported (--resume)"
11891,"","vivo-v23e-camera-glass","Vivo V23E Camera glass","Already imported (--resume)"
11890,"","narzo-50a-ringer-box","Narzo 50A Ringer Box","Already imported (--resume)"
11886,"","realme-c25y-sim-holder","Realme C25Y Sim Holder","Already imported (--resume)"
11882,"","mega-universal-stencil","Mega Universal stencil","Already imported (--resume)"
11883,"","koocu-universal-stencil","Koocu Universal stencil","Already imported (--resume)"
11862,"","oppo-f5-f9-display-conector","Oppo F5 / F9 Display Conector","Already imported (--resume)"
11861,"","vivo-y66-display-conector","Vivo Y66 Display Conector","Already imported (--resume)"
11860,"","oppo-a33-old-display-conector","Oppo A33 old Display Conector","Already imported (--resume)"
11859,"","vivo-v3-max-display-conector","Vivo V3 Max Display Conector","Already imported (--resume)"
11858,"","samsung-j2-display-conector","Samsung J2 Display Conector","Already imported (--resume)"
11857,"","vivo-v20-display-conector","Vivo v20 Display Conector","Already imported (--resume)"
11855,"","oppo-f11-display-conector","Oppo F11 Display Conector","Already imported (--resume)"
11854,"","realme-5-display-conector","Realme 5 Display Conector","Already imported (--resume)"
11851,"","realme-6-display-conector","Realme 6 Display Conector","Already imported (--resume)"
11847,"","oppo-a53-display-conector","Oppo A53 Display Conector","Already imported (--resume)"
11846,"","mi-note-5-display-conector","Mi Note 5 Display Conector","Already imported (--resume)"
11845,"","samsung-a32-display-conector","Samsung A32 Display Conector","Already imported (--resume)"
11844,"","mi-7a-display-conector","Mi 7A Display Conector","Already imported (--resume)"
11842,"","poco-x3","Poco x3 Display Conector","Already imported (--resume)"
11841,"","samsung-a30-display-conector","Samsung A30 Display Conector","Already imported (--resume)"
11840,"","samsung-m32-display-conector","Samsung M32 Display Conector","Already imported (--resume)"
11813,"","vivo-y55-display-conector","Vivo Y55 Display Conector","Already imported (--resume)"
11812,"","mi-7-y3-display-conector","Mi 7 / Y3 Display Conector","Already imported (--resume)"
11811,"","oppo-a1k-display-conector","Oppo A1k Display Conector","Already imported (--resume)"
11809,"","mi-8a-display-conector","Mi 8A Display Conector","Already imported (--resume)"
11807,"","mi-5a-display-conector","Mi 5A Display Conector","Already imported (--resume)"
11740,"","vivo-y50-charging-conector","Vivo Y50 Charging Conector","Already imported (--resume)"
11738,"","mi-13c-4g-camera-glass","Mi 13C 4G Camera Glass","Already imported (--resume)"
11735,"","vivo-y22-new-og-cc-flex","Vivo Y22 New Og CC Flex","Already imported (--resume)"
11686,"","relife-rosine-flex","Relife Rosine Flex","Already imported (--resume)"
11640,"","nokia-16-pin-1-8-size-l-c-d","For Nokia 16 Pin 1.8 Size L.C.D. side patta","Already imported (--resume)"
11641,"","nokia-20-pin-1-8-size-l-c-d","For Nokia 20 Pin 1.8 Size L.C.D.","Already imported (--resume)"
11639,"","itel-16-pin-2-0-size-l-c-d","For Itel 16 Pin 2.0 Size L.C.D.","Already imported (--resume)"
11521,"","battery-for-karbonn-k9","For Battery For Karbonn K9","Already imported (--resume)"
11520,"","samsung-a15-5g-finger-sensor","Samsung A15 5G Finger Sensor","Already imported (--resume)"
11519,"","samsung-a23-5g-finger-sensor","Samsung A23 5G Finger Sensor","Already imported (--resume)"
11518,"","samsung-f62-finger-sensor","Samsung F62 Finger Sensor","Already imported (--resume)"
11517,"","vivo-y22-y35-on-off-flex","Vivo Y22 / Y35 On Off Flex","Already imported (--resume)"
11505,"","oppo-a3s-volume-flex","Oppo A3s Volume Flex","Already imported (--resume)"
11504,"","oppo-a78-5g-volume-flex","Oppo A78  5G Volume Flex","Already imported (--resume)"
11503,"","oppo-a33-new-volume-flex","Oppo A33 New Volume Flex","Already imported (--resume)"
11502,"","oppo-a83-volume-flex","Oppo A83 Volume Flex","Already imported (--resume)"
11501,"","oppo-a71-volume-flex","Oppo A71 Volume Flex","Already imported (--resume)"
11477,"","one-ce2-5g-volume-flex","One + CE2 5G Volume Flex","Already imported (--resume)"
11473,"","mi-11x-volume-flex","Mi 11X Volume Flex","Already imported (--resume)"
11474,"","mi-11t-mi-11t-pro-volume-flex","Mi 11T / Mi 11T Pro Volume Flex","Already imported (--resume)"
11470,"","realme-1-volume-flex","Realme 1 Volume Flex","Already imported (--resume)"
11467,"","realme-6-pro-volume-flex","Realme 6 Pro Volume Flex","Already imported (--resume)"
11465,"","oppo-a1k-volume-flex","Oppo A1k Volume Flex","Already imported (--resume)"
11464,"","oppo-a5s-volume-flex","Oppo A5S Volume Flex","Already imported (--resume)"
11463,"","realme-c35-volume-flex","Realme C35 Volume Flex","Already imported (--resume)"
11462,"","one-8-volume-flex","One + 8 Volume Flex","Already imported (--resume)"
11461,"","one-nord-2t-volume-flex","One + Nord 2T Volume Flex","Already imported (--resume)"
11460,"","oppo-a54-5g-volume-flex","Oppo A54 5G Volume Flex","Already imported (--resume)"
11459,"","samsung-a10s-volume-flex","Samsung A10s Volume Flex","Already imported (--resume)"
11458,"","samsung-j7-max-volume-flex","Samsung J7 Max Volume Flex","Already imported (--resume)"
11457,"","oppo-a5-2020-volume-flex","Oppo A5 2020 Volume Flex","Already imported (--resume)"
11456,"","oppo-f1s-volume-flex","Oppo F1S Volume Flex","Already imported (--resume)"
11455,"","realme-9-5g-volume-flex","Realme 9 5G Volume Flex","Already imported (--resume)"
11454,"","oppo-reno-5-pro-volume-flex","Oppo Reno 5 Pro Volume Flex","Already imported (--resume)"
11466,"","11466","Oppo A57 New Volume Flex","Already imported (--resume)"
11447,"","oppo-f17-volume-flex","Oppo F17 Volume Flex","Already imported (--resume)"
11452,"","oppo-f19-pro-volume-flex","Oppo F19 Pro Volume Flex","Already imported (--resume)"
11451,"","realme-5-volume-flex","Realme 5 Volume Flex","Already imported (--resume)"
11450,"","realme-c31-volume-flex","Realme C31 Volume Flex","Already imported (--resume)"
11443,"","realme-8i-volume-flex","Realme 8I Volume Flex","Already imported (--resume)"
11442,"","realme-9-pro-volume-flex","Realme 9 Pro Volume Flex","Already imported (--resume)"
11441,"","oppo-f17-pro-volume-flex","Oppo F17 Pro Volume Flex","Already imported (--resume)"
11440,"","oppo-a31-2020-volume-flex","Oppo A31 2020 Volume Flex","Already imported (--resume)"
11439,"","oppo-a33-old-volume-flex","Oppo A33 Old Volume Flex","Already imported (--resume)"
11438,"","oppo-a54s-volume-flex","Oppo A54S Volume Flex","Already imported (--resume)"
11437,"","oppo-reno-6-pro-volume-flex","Oppo Reno 6 Pro Volume Flex","Already imported (--resume)"
11436,"","oppo-f7-volume-flex","Oppo F7 Volume Flex","Already imported (--resume)"
11435,"","realme-8-5g-volume-flex","Realme 8 5G Volume Flex","Already imported (--resume)"
11434,"","oppo-f5-volume-flex","Oppo F5 Volume Flex","Already imported (--resume)"
11433,"","oppo-f15-volume-flex","Oppo F15 Volume Flex","Already imported (--resume)"
11432,"","realme-3-volume-flex","Realme 3 Volume Flex","Already imported (--resume)"
11431,"","oppo-f21-pro-5g-volume-flex","Oppo F21 Pro 5G Volume Flex","Already imported (--resume)"
11430,"","oppo-f11-volume-flex","Oppo F11 Volume Flex","Already imported (--resume)"
11429,"","realme-c2-volume-flex","Realme C2 Volume Flex","Already imported (--resume)"
11428,"","realme-5-pro-volume-flex","Realme 5 Pro Volume Flex","Already imported (--resume)"
11427,"","oppo-reno-6-5g-volume-flex","Oppo Reno 6 5G Volume Flex","Already imported (--resume)"
11426,"","oppo-f3-volume-flex","Oppo F3 Volume Flex","Already imported (--resume)"
11425,"","realme-6-volume-flex","Realme 6 Volume Flex","Already imported (--resume)"
11424,"","oppo-f19-volume-flex","Oppo f19 Volume Flex","Already imported (--resume)"
11423,"","oppo-a57-5g-volume-flex","Oppo A57 5G Volume Flex","Already imported (--resume)"
11422,"","realme-x-volume-flex","Realme X Volume Flex","Already imported (--resume)"
11421,"","realme-9-4g-volume-flex","Realme 9 4G Volume Flex","Already imported (--resume)"
11420,"","oppo-a16-volume-flex","Oppo A16 Volume Flex","Already imported (--resume)"
11419,"","oppo-a53-new-volume-flex","Oppo A53 New Volume Flex","Already imported (--resume)"
11418,"","oppo-a12-volume-flex","Oppo A12 Volume Flex","Already imported (--resume)"
11415,"","oppo-a52-volume-flex","Oppo A52 Volume Flex","Already imported (--resume)"
11412,"","samsung-j7-prime-volume-flex","Samsung J7 Prime Volume Flex","Already imported (--resume)"
11413,"","one-nord-2-volume-flex","One + Nord 2 Volume Flex","Already imported (--resume)"
11416,"","one-nord-ce-volume-flex","One + Nord CE Volume Flex","Already imported (--resume)"
11411,"","oppo-f9-pro-volume-flex","Oppo F9 Pro Volume Flex","Already imported (--resume)"
11417,"","realme-2-pro-volume-flex","Realme 2 Pro Volume Flex","Already imported (--resume)"
11414,"","oppo-f11-pro-volume-flex","Oppo F11 Pro Volume Flex","Already imported (--resume)"
11274,"","infinix-smart-6-hd-on-off-flex","Infinix Smart 6 HD on/off Flex","Already imported (--resume)"
11273,"","tecno-pova-4-on-off-flex","Tecno Pova 4 on/off Flex","Already imported (--resume)"
11272,"","lava-blaze-2-pro-on-off-flex","Lava Blaze 2 Pro on/off Flex","Already imported (--resume)"
11271,"","vivo-y58-5g-on-off-flex","Vivo Y58 5G on/off Flex","Already imported (--resume)"
11270,"","itel-a47-on-off-flex","Itel A47 on/off Flex","Already imported (--resume)"
11269,"","itel-a40-on-off-flex","Itel A40 on/off Flex","Already imported (--resume)"
11253,"","realme-narzo-70-5g-on-off-flex","Realme Narzo 70 5G on/off Flex","Already imported (--resume)"
11252,"","poco-c61-on-off-flex","Poco C61 on/off Flex","Already imported (--resume)"
11251,"","lava-z3-on-off-flex","Lava Z3 on/off Flex","Already imported (--resume)"
11250,"","one-nord-ce4-on-off-flex-2","One + Nord CE4 lite on/off Flex","Already imported (--resume)"
11249,"","itel-p40-on-off-flex","Itel P40 on/off Flex","Already imported (--resume)"
11248,"","itel-a27-on-off-flex","Itel A27 on/off Flex","Already imported (--resume)"
11247,"","itel-a46-on-off-flex","Itel A46 on/off Flex","Already imported (--resume)"
11246,"","lava-blaze-2-on-off-flex","Lava Blaze 2 on/off Flex","Already imported (--resume)"
11232,"","nokia-3-2-on-off-flex","Nokia 3.2 on/off Flex","Already imported (--resume)"
11231,"","honor-y7-prime-on-off-flex","Honor Y7 Prime on/off Flex","Already imported (--resume)"
11230,"","nokian-2-4-on-off-flex","Nokia 2.4 on/off Flex","Already imported (--resume)"
11229,"","tecno-comon-20-on-off-flex","Tecno Comon 20 on/off Flex","Already imported (--resume)"
11228,"","tecno-i4-on-off-flex","Tecno I4 on/off Flex","Already imported (--resume)"
11227,"","moto-e32-on-off-flex","Moto E32 on/off Flex","Already imported (--resume)"
11226,"","vivo-y38-on-off-flex","Vivo Y38 on/off Flex","Already imported (--resume)"
11225,"","vivo-z1x-on-off-flex","Vivo Z1X on/off Flex","Already imported (--resume)"
11224,"","moto-g8-power-lite-on-off-flex","Moto G8 Power Lite on/off Flex","Already imported (--resume)"
11223,"","infinix-smart-8-on-off-flex","Infinix Smart 8 on/off Flex","Already imported (--resume)"
11168,"","realme-narzo-50-on-off-flex","Realme Narzo 50 on/off Flex","Already imported (--resume)"
11167,"","realme-narzo-30-pro-on-off-flex","Realme Narzo 30 Pro on/off Flex","Already imported (--resume)"
11166,"","oppo-a55-on-off-flex","Oppo A55 on/off Flex","Already imported (--resume)"
11165,"","realme-xt-on-off-flex","Realme XT on/off Flex","Already imported (--resume)"
11164,"","realme-x-on-off-flex","Realme X on/off Flex","Already imported (--resume)"
11163,"","oppo-rfeno-6-pro-on-off-flex","Oppo Reno 6 Pro on/off Flex","Already imported (--resume)"
11162,"","realme-c35-on-off-flex","Realme C35 on/off Flex","Already imported (--resume)"
11161,"","oppo-f17-pro-on-off-flex","Oppo F17 Pro on/off Flex","Already imported (--resume)"
11160,"","oppo-f9-pro-on-off-flex","Oppo F9 Pro on/off Flex","Already imported (--resume)"
11159,"","oppo-a31-2020-on-off-flex","Oppo A31 2020 on/off Flex","Already imported (--resume)"
11156,"","oppo-f19-on-off-flex","Oppo F19 on/off Flex","Already imported (--resume)"
11155,"","realme-1-on-off-flex","Realme 1 on/off Flex","Already imported (--resume)"
11154,"","realme-6-pro-on-off-flex","Realme 6 Pro on/off Flex","Already imported (--resume)"
11153,"","realme-10-pro-on-off-flex","Realme 10 Pro on/off Flex","Already imported (--resume)"
11152,"","realme-c51-on-off-flex","Realme C51 on/off Flex","Already imported (--resume)"
11151,"","oppo-a38-new-on-off-flex","Oppo A38 New on/off Flex","Already imported (--resume)"
11158,"","realme-11x-5g-on-off-flex","Realme 11X 5G on/off Flex","Already imported (--resume)"
11149,"","oppo-a79-5g-on-off-flex","Oppo A79 5G on/off Flex","Already imported (--resume)"
11148,"","oppo-a17-on-off-flex","Oppo A17 on/off Flex","Already imported (--resume)"
11157,"","oppo-a59-5g-on-off-flex","Oppo A59 5G on/off Flex","Already imported (--resume)"
11145,"","realme-2-pro-on-off-flex","Realme 2 Pro on/off Flex","Already imported (--resume)"
11144,"","realme-c2-on-off-flex","Realme C2 on/off Flex","Already imported (--resume)"
11143,"","realme-c21-on-off-flex","Realme C21 on/off Flex","Already imported (--resume)"
11142,"","oppo-f17-on-off-flex","Oppo F17 on/off Flex","Already imported (--resume)"
11141,"","oppo-reno-5-pro-on-off-flex","Oppo Reno 5 Pro on/off Flex","Already imported (--resume)"
11140,"","oppo-f15-on-off-flex","Oppo F15 on/off Flex","Already imported (--resume)"
11139,"","oppo-reno-6-5g-on-off-flex","Oppo Reno 6 5G on/off Flex","Already imported (--resume)"
11138,"","oppo-a78-5g-on-off-flex","Oppo A78 5g on/off Flex","Already imported (--resume)"
11137,"","oppo-a54-5g-on-off-flex","Oppo A54 5G on/off Flex","Already imported (--resume)"
11136,"","oppo-a12-on-off-flex","Oppo A12 on/off Flex","Already imported (--resume)"
11135,"","oppo-f21-pro-5g-on-off-flex","Oppo F21 Pro 5G on/off Flex","Already imported (--resume)"
11134,"","oppo-a54s-on-off-flex","Oppo A54S on/off Flex","Already imported (--resume)"
11133,"","oppo-a18-on-off-flex","Oppo A18 on/off Flex","Already imported (--resume)"
11132,"","realme-narzo-50a-prime-on-off-flex","Realme Narzo 50A Prime on/off Flex","Already imported (--resume)"
11129,"","infinix-note-10-x693-on-off-flex","Infinix Note 10 X693 on/off Flex","Already imported (--resume)"
11128,"","infinix-hot-30i-on-off-flex","Infinix Hot 30i on/off Flex","Already imported (--resume)"
11127,"","infinix-smart-7-on-off-flex","Infinix Smart 7 on/off Flex","Already imported (--resume)"
11126,"","infinix-smart-6-on-off-flex","Infinix Smart 6 on/off Flex","Already imported (--resume)"
11125,"","infinix-hot-11-2022-on-off-flex","Infinix Hot 11 2022 on/off Flex","Already imported (--resume)"
11124,"","lava-yuva-2-on-off-flex","Lava Yuva 2 on/off Flex","Already imported (--resume)"
11123,"","lava-yuva-2-pro-on-off-flex","Lava Yuva 2 Pro on/off Flex","Already imported (--resume)"
11122,"","nokia-3-1-on-off-flex","Nokia 3.1+ on/off Flex","Already imported (--resume)"
11121,"","lava-blaze-5g-on-off-flex","Lava Blaze 5G on/off Flex","Already imported (--resume)"
11119,"","tecno-kg5-spark-go-2022-on-off-flex","Tecno KG5 Spark Go 2022 on/off Flex","Already imported (--resume)"
11118,"","tecno-in1-on-off-flex","Tecno In1 on/off Flex","Already imported (--resume)"
11117,"","tecno-spark-10c-on-off-flex","Tecno Spark 10C on/off Flex","Already imported (--resume)"
11116,"","tecno-pova-2-on-off-flex","Tecno Pova 2 on/off Flex","Already imported (--resume)"
11115,"","tecno-pop-6-pro-on-off-flex","Tecno Pop 6 Pro on/off Flex","Already imported (--resume)"
11114,"","tecno-spark-5-pro-on-off-flex","Tecno Spark 5 Pro on/off Flex","Already imported (--resume)"
11113,"","tecno-kg5k-spark-8c-on-off-flex","Tecno KG5K Spark 8C on/off Flex","Already imported (--resume)"
11112,"","tecno-in-3-on-off-flex","Tecno In 3 on/off Flex","Already imported (--resume)"
11111,"","tecno-spark-7-on-off-flex","Tecno Spark 7 on/off Flex","Already imported (--resume)"
11110,"","tecno-pova-on-off-flex","Tecno Pova on/off Flex","Already imported (--resume)"
11109,"","tecno-in2-on-off-flex","Tecno In2 on/off Flex","Already imported (--resume)"
11108,"","tecno-on-off-flex","Tecno Spark go 2023 on/off Flex","Already imported (--resume)"
11107,"","tecno-kg6-spark-8-on-off-flex","Tecno KG6 Spark 8 on/off Flex","Already imported (--resume)"
11105,"","moto-g22-on-off-flex","Moto G22 on/off Flex","Already imported (--resume)"
11104,"","moto-g34-5g-on-off-flex","Moto G34 5G on/off Flex","Already imported (--resume)"
11103,"","moto-g7-power-on-off-flex","Moto G7 Power on/off Flex","Already imported (--resume)"
11102,"","moto-1-fusion-on-off-flex","Moto 1 Fusion+ on/off Flex","Already imported (--resume)"
11101,"","moto-e32s-on-off-flex","Moto E32S on/off Flex","Already imported (--resume)"
11100,"","moto-g32-on-off-flex","Moto G32 on/off Flex","Already imported (--resume)"
11099,"","moto-g23-on-off-flex","Moto G23 on/off Flex","Already imported (--resume)"
11098,"","moto-g13-on-off-flex","Moto G13 on/off Flex","Already imported (--resume)"
11097,"","moto-g62-on-off-flex","Moto G62 on/off Flex","Already imported (--resume)"
11096,"","moto-g20-on-off-flex","Moto G20 on/off Flex","Already imported (--resume)"
11095,"","moto-g10-on-off-flex","Moto G10 on/off Flex","Already imported (--resume)"
11093,"","moto-g71-on-off-flex","Moto G71 on/off Flex","Already imported (--resume)"
11092,"","moto-g82-on-off-flex","Moto G82 on/off Flex","Already imported (--resume)"
11091,"","moto-g40-on-off-flex","Moto G40 on/off Flex","Already imported (--resume)"
11090,"","moto-e40-on-off-flex","Moto E40 on/off Flex","Already imported (--resume)"
11089,"","moto-g52-on-off-flex","Moto G52 on/off Flex","Already imported (--resume)"
11088,"","moto-g14-on-off-flex","Moto G14 on/off Flex","Already imported (--resume)"
11087,"","moto-e7-on-off-flex","Moto E7+ on/off Flex","Already imported (--resume)"
11086,"","moto-e6-on-off-flex","Moto E6+ on/off Flex","Already imported (--resume)"
11094,"","moto-e5-on-off-flex","Moto E5+ on/off Flex","Already imported (--resume)"
11084,"","moto-e7-power-on-off-flex","Moto E7 Power on/off Flex","Already imported (--resume)"
11079,"","samsung-m11-on-off-flex","Samsung M11 on/off Flex","Already imported (--resume)"
11078,"","samsung-a40-on-off-flex","Samsung A40 on/off Flex","Already imported (--resume)"
11077,"","samsung-a51-on-off-flex","Samsung A51 on/off Flex","Already imported (--resume)"
11076,"","samsung-a21s-on-off-flex","Samsung A21S on/off Flex","Already imported (--resume)"
11075,"","samsung-a70-on-off-flex","Samsung A70 on/off Flex","Already imported (--resume)"
11074,"","samsung-a10s-on-off-flex","Samsung A10S on/off Flex","Already imported (--resume)"
11073,"","samsung-m51-finger-sensor","Samsung M51 Finger Sensor","Already imported (--resume)"
11072,"","samsung-a22-5g-on-off-flex","Samsung A22 5G on/off Flex","Already imported (--resume)"
11071,"","samsung-a54-on-off-flex","Samsung A54 on/off Flex","Already imported (--resume)"
11070,"","samsung-m30s-on-off-flex","Samsung M30s on/off Flex","Already imported (--resume)"
11069,"","samsung-a53-on-off-flex","Samsung A53 on/off Flex","Already imported (--resume)"
11068,"","samsung-a33-5g-on-off-flex","Samsung A33 5G on/off Flex","Already imported (--resume)"
11067,"","samsung-a52-on-off-flex","Samsung A52 on/off Flex","Already imported (--resume)"
11066,"","samsung-m40-on-off-flex","Samsung M40 on/off Flex","Already imported (--resume)"
11065,"","samsung-a04-on-off-flex","Samsung A04 on/off Flex","Already imported (--resume)"
11064,"","samsung-a34-5g-on-off-flex","Samsung A34 5g on/off Flex","Already imported (--resume)"
11063,"","samsung-a32-on-off-flex","Samsung A32 on/off Flex","Already imported (--resume)"
11062,"","samsung-a05-on-off-flex","Samsung A05 on/off Flex","Already imported (--resume)"
11061,"","samsung-a03s-on-off-flex","Samsung A03S on/off Flex","Already imported (--resume)"
11060,"","samsung-a01-on-off-flex","Samsung A01  on/off Flex","Already imported (--resume)"
11059,"","samsung-a03-core-on-off-flex","Samsung A03 Core on/off Flex","Already imported (--resume)"
11058,"","samsung-a20s-on-off-flex","Samsung A20S on/off Flex","Already imported (--resume)"
11057,"","samsung-a71-on-off-flex","Samsung A71 on/off Flex","Already imported (--resume)"
11056,"","samsung-a31-on-off-flex","Samsung A31 on/off Flex","Already imported (--resume)"
11054,"","vivo-y73-4g-on-off-flex","Vivo Y73 4G on/off Flex","Already imported (--resume)"
11053,"","vivo-v21e-5g-on-off-flex","Vivo V21E 5G on/off Flex","Already imported (--resume)"
11052,"","vivo-y28-new-on-off-flex","Vivo Y28 5G on/off Flex","Already imported (--resume)"
11051,"","vivo-y200-on-off-flex","Vivo Y200 on/off Flex","Already imported (--resume)"
11050,"","vivo-t2-pro-5g-on-off-flex","Vivo T2 Pro 5G on/off Flex","Already imported (--resume)"
11049,"","vivo-y73-5g-on-off-flex","Vivo Y73 5G on/off Flex","Already imported (--resume)"
11048,"","vivo-v17-pro-on-off-flex","Vivo V17 Pro on/off Flex","Already imported (--resume)"
11047,"","vivo-y75-5g-on-off-flex","Vivo Y75 5G on/off Flex","Already imported (--resume)"
11046,"","vivo-v20se-on-off-flex","Vivo V20SE on/off Flex","Already imported (--resume)"
11045,"","vivo-y03-on-off-flex","Vivo Y03 on/off Flex","Already imported (--resume)"
11044,"","vivo-v20-pro-on-off-flex","Vivo V20 Pro on/off Flex","Already imported (--resume)"
11043,"","vivo-y36-on-off-flex","Vivo Y36 on/off Flex","Already imported (--resume)"
11042,"","vivo-t3x-5g-on-off-flex","Vivo T3x 5G on/off Flex","Already imported (--resume)"
11041,"","vivo-y18-on-off-flex","Vivo Y18 on/off Flex","Already imported (--resume)"
11040,"","vivo-y100-on-off-flex","Vivo Y100 on/off Flex","Already imported (--resume)"
11039,"","vivo-t1x-on-off-flex","Vivo T1X on/off Flex","Already imported (--resume)"
11038,"","vivo-v23-on-off-flex","Vivo V23 on/off Flex","Already imported (--resume)"
11037,"","vivo-y27-on-off-flex","Vivo Y27 on/off Flex","Already imported (--resume)"
11036,"","vivo-t2x-5g-on-off-flex","Vivo T2X 5G on/off Flex","Already imported (--resume)"
11035,"","vivo-v23e-on-off-flex","Vivo V23E on/off Flex","Already imported (--resume)"
11034,"","vivo-y56-5g-on-off-flex","Vivo Y56 5G on/off Flex","Already imported (--resume)"
11031,"","mi-note-12-pro-on-off-flex","Mi Note 12 Pro+ on/off Flex","Already imported (--resume)"
11030,"","mi-13c-on-off-flex","Mi 13C on/off Flex","Already imported (--resume)"
11029,"","mi-12-5g-on-off-flex","Mi 12 5G on/off Flex","Already imported (--resume)"
11028,"","mi-12c-on-off-flex","Mi 12c on/off Flex","Already imported (--resume)"
11027,"","mi-11-prime-5g-on-off-flex","Mi 11 Prime 5G on/off Flex","Already imported (--resume)"
11017,"","oppo-k10-5g-on-off-flex","Oppo K10 5g on/off Flex","Already imported (--resume)"
11016,"","mi-note-13-pro-on-off-flex","Mi Note 13 Pro+ on/off Flex","Already imported (--resume)"
11015,"","mi-note-13-5g-on-off-flex","Mi Note 13 5G on/off Flex","Already imported (--resume)"
11011,"","mi-note-12-4g-on-off-flex","Mi Note 12 4g on/off Flex","Already imported (--resume)"
11012,"","mi-note-12-5g-on-off-flex","Mi Note 12 5G on/off Flex","Already imported (--resume)"
11013,"","mi-note-11-pro-on-off-flex","Mi Note 11 Pro on/off Flex","Already imported (--resume)"
11014,"","poco-m6-pro-on-off-flex","Poco M6 Pro on/off Flex","Already imported (--resume)"
11010,"","poco-m4-5g-on-off-flex","Poco M4 5g on/off Flex","Already imported (--resume)"
11009,"","poco-f1-on-off-flex","Poco F1 on/off Flex","Already imported (--resume)"
11008,"","poco-c50-on-off-flex","Poco C50 on/off Flex","Already imported (--resume)"
11007,"","poco-c65-on-off-flex","Poco C65 on/off Flex","Already imported (--resume)"
11004,"","one-nord-2t-on-off-flex","One+ Nord 2T on/off Flex","Already imported (--resume)"
11003,"","one-nord-on-off-flex","One+ Nord on/off Flex","Already imported (--resume)"
11002,"","one-7t-on-off-flex","One+ 7T on/off Flex","Already imported (--resume)"
11001,"","one-nord-n100-on-off-flex","One+ Nord N100 on/off Flex","Already imported (--resume)"
11000,"","one-11r-on-off-flex","One+ 11R on/off Flex","Already imported (--resume)"
10999,"","one-nord-2-on-off-flex","One+  Nord 2 on/off Flex","Already imported (--resume)"
10998,"","one-8t-on-off-flex","One+ 8T on/off Flex","Already imported (--resume)"
10997,"","one-nord-ce-on-off-flex","One+ Nord CE on/off Flex","Already imported (--resume)"
10996,"","one-7-on-off-flex","One+ 7 on/off Flex","Already imported (--resume)"
10995,"","one-6t-on-off-flex","One+ 6T on/off Flex","Already imported (--resume)"
10994,"","one-6-on-off-flex","One+ 6 on/off Flex","Already imported (--resume)"
10993,"","one-11-5g-on-off-flex","One+ 11 5g on/off Flex","Already imported (--resume)"
10992,"","one-nord-ce4-on-off-flex","One+ Nord CE4 on/off Flex","Already imported (--resume)"
10987,"","huwai-p30-lite-on-off-flex","Huwai P30 lite on/off Flex","Already imported (--resume)"
10986,"","huwai-p20-lite-on-off-flex","Huwai P20 Lite on/off Flex","Already imported (--resume)"
10985,"","honor-9n-on-off-flex-2","Honor 9 Lite on/off Flex","Already imported (--resume)"
10978,"","honor-7c-on-off-flex","Honor 7C on/off Flex","Already imported (--resume)"
10980,"","honor-7s-on-off-flex","Honor 7S on/off Flex","Already imported (--resume)"
10984,"","honor-7a-on-off-flex","Honor 7A on/off Flex","Already imported (--resume)"
10982,"","honor-7x-on-off-flex","Honor 7X on/off Flex","Already imported (--resume)"
10981,"","honor-8x-on-off-flex","Honor 8X on/off Flex","Already imported (--resume)"
10979,"","honor-9n-on-off-flex","Honor 9N on/off Flex","Already imported (--resume)"
10983,"","honor-6x-on-off-flex","Honor 6X on/off Flex","Already imported (--resume)"
10977,"","honor-10-lite-on-off-flex","Honor 10 Lite on/off Flex","Already imported (--resume)"
10976,"","itel-a49-on-off-flex","Itel A49 on/off Flex","Already imported (--resume)"
10974,"","itel-a23-on-off-flex","Itel A23 on/off Flex","Already imported (--resume)"
10975,"","itel-a23-pro-on-off-flex","Itel A23 pro on/off Flex","Already imported (--resume)"
10791,"","itel-vision-1-pro-on-off-flex","Itel Vision 1 Pro on/off Flex","Already imported (--resume)"
10790,"","itel-vision-1-on-off-flex","Itel Vision 1 on/off Flex","Already imported (--resume)"
10789,"","itel-vision-2s-on-off-flex","Itel Vision 2S on/off Flex","Already imported (--resume)"
10788,"","itel-vision-2-on-off-flex","Itel Vision 2 on/off Flex","Already imported (--resume)"
10787,"","itel-a48-on-off-flex","Itel A48 on/off Flex","Already imported (--resume)"
10786,"","vision-3-on-off-flex","Itel Vision 3 on/off Flex","Already imported (--resume)"
10785,"","itel-a25-on-off-flex","Itel A25 on/off Flex","Already imported (--resume)"
10784,"","itel-a26-on-off-flex","Itel A26 on/off Flex","Already imported (--resume)"
10549,"","vivo-y75-4g-midil-panel","Vivo Y75 4g Middle Panel","Already imported (--resume)"
10540,"","koocu-kc-599a-soldering-iron-bit-cleaner","Koocu KC-599A Soldering Iron Bit Cleaner","Already imported (--resume)"
10537,"","mechanic-ad-559-flex-paste","Mechanic AD-559 Flex Paste","Already imported (--resume)"
10525,"","mi-a2-l-c-d-ring","Mi A2 Old Middle L.C.D. Ring","Already imported (--resume)"
10526,"","infinix-hot-10s-back-panel","For Infinix Hot 10s Back Panel","Already imported (--resume)"
10518,"","realme-c25y-back-panel","For Realme C25Y Back Panel","Already imported (--resume)"
10517,"","oppo-a31-2020-back-panel","For Oppo A31 2020 Back Panel","Already imported (--resume)"
10516,"","mi-10-prime-midil-ring","For Mi 10 Prime Midil Ring","Already imported (--resume)"
10515,"","samsung-a53-back-panel","For Samsung A53 Back Panel","Already imported (--resume)"
10514,"","samsung-a32-4g-back-panel","For Samsung A32 4G Back Panel","Already imported (--resume)"
10511,"","samsung-a02s-sim-holder","Samsung A02S Sim Holder","Already imported (--resume)"
10510,"","one-nord-cc-flex-orignal","One + Nord cc Flex Orignal","Already imported (--resume)"
10505,"","jio-f220-sim-open-port","Jio F320 Sim Open Port","Already imported (--resume)"
10504,"","jio-f120-sim-port","Jio F120 Sim Port","Already imported (--resume)"
10503,"","jio-f90-sim-port","Jio F90 Sim Port","Already imported (--resume)"
10494,"","bl5c-battery-for-nokia","BL5C Battery For Nokia New Modals","Already imported (--resume)"
10007,"","vivo-v15-main-flex","Vivo V15 Main Flex","Already imported (--resume)"
10006,"","oppo-f15-pro-main-flex","Oppo F15 Pro Main Flex","Already imported (--resume)"
10005,"","oppo-a11k-main-flex","Oppo A11K Main Flex","Already imported (--resume)"
10004,"","oppo-a57-main-flex","Oppo A57 Main Flex","Already imported (--resume)"
10002,"","mi-a2-side-rubber-key","Mi A2 Side Rubber Key","Already imported (--resume)"
9845,"","samsung-m10-charging-flex-orignal","Samsung M10 Charging Flex Orignal","Already imported (--resume)"
9844,"","infinix-smart-hd-charging-flex-orignal","Infinix Smart HD Charging Flex Orignal","Already imported (--resume)"
9843,"","mi-note-8-charging-flex-orignal","Mi Note 8 Charging Flex Orignal","Already imported (--resume)"
9842,"","mi-note-8-pro-charging-flex-orignal","Mi Note 8 Pro Charging Flex Orignal","Already imported (--resume)"
9841,"","mi-a2-charging-flex-orignal","Mi A2 Charging Flex Orignal","Already imported (--resume)"
9826,"","tecno-bb4k-ringer-set","Tecno BB4K Ringer set","Already imported (--resume)"
9825,"","oppo-f17-ringer-set","Oppo F17 Ringer set","Already imported (--resume)"
9824,"","vivo-y75-5g-ringer-set","Vivo Y75 (5G) Ringer set","Already imported (--resume)"
9823,"","vivo-y50-ringer-set","Vivo Y50 Ringer set","Already imported (--resume)"
8795,"","vivo-y21-new-side-rubber-key","Vivo Y21 New Side Rubber Key","Already imported (--resume)"
8794,"","samung-j7-side-rubber-key","Samung J7 Side Rubber Key","Already imported (--resume)"
8770,"","android-battery-booster","Android Battery Booster","Already imported (--resume)"
8762,"","micro-iron-coper-bit","Micro Iron Coper bit","Already imported (--resume)"
8761,"","25w-iron-coper-bit","25W Iron Coper Bit","Already imported (--resume)"
8758,"","l-c-d-fish-opener","L.C.D. Fish Opener Set","Already imported (--resume)"
8751,"","mobile-phone-screw","Mobile Phone Screw","Already imported (--resume)"
8749,"","bhaeti-solder-wire-100-og","Bharti Solder Wire 100% Og","Already imported (--resume)"
8747,"","multimeter-wire","Multimeter Wire","Already imported (--resume)"
8745,"","koocu-desolder-wick","Koocu Desolder wick","Already imported (--resume)"
8725,"","infinix-hot-20-4g-charging-flex-orignal","Infinix Hot 20 4g Charging Flex Orignal","Already imported (--resume)"
8716,"","lava-a60-on-off-flex","Itel A60 on/off Flex","Already imported (--resume)"
8713,"","one-plus-ce-2-lite-charging-flex-orignal","One plus CE 2 Lite Charging Flex Orignal","Already imported (--resume)"
8712,"","mi-a1-new-charging-flex-orignal","Mi A1 new Charging Flex Orignal","Already imported (--resume)"
8704,"","infinix-hot-12-play-on-off-flex","Infinix Hot 12 Play on/off Flex","Already imported (--resume)"
8703,"","samsung-a04e-on-off-flex","Samsung A04E on/off Flex","Already imported (--resume)"
8702,"","infinix-note-11-on-off-flex","Infinix Note 11 on/off Flex","Already imported (--resume)"
8701,"","realme-8-5g-on-off-flex","Realme 8 5G on/off Flex","Already imported (--resume)"
8700,"","realme-2-on-off-flex","Realme 2 on/off Flex","Already imported (--resume)"
8698,"","vivo-v5-sim-holder","Vivo V5 Sim Holder","Already imported (--resume)"
8693,"","samsung-a50-sim-holder","Samsung A50 Sim Holder","Already imported (--resume)"
8692,"","vivo-v15-pro-sim-holder","Vivo V15 Pro Sim Holder","Already imported (--resume)"
8691,"","realme-9i-5g-sim-holder","Realme 9I 5g Sim Holder","Already imported (--resume)"
8690,"","mi-8-sim-holder","Mi 8 Sim Holder","Already imported (--resume)"
8688,"","vivo-v15-sim-holder","Vivo V15 Sim Holder","Already imported (--resume)"
8684,"","realme-c25-side-rubber-key","Realme C25 Side Rubber Key","Already imported (--resume)"
8685,"","mi-7-y3-side-rubber-key","Mi 7 / Y3 Side Rubber Key","Already imported (--resume)"
8446,"","mi-note-11-4g-ringer-set","Mi Note 11 4G Ringer set","Already imported (--resume)"
8445,"","mi-note-10-4g-ringer-set","Mi Note 10 4G Ringer set","Already imported (--resume)"
8444,"","mi-note-9-pro-ringer-set","Mi Note 9 Pro Ringer set","Already imported (--resume)"
8447,"","one-nord-ringer-set","One + Nord Ringer set","Already imported (--resume)"
8442,"","infinix-hot-12-play-ringer-set","Infinix Hot 12 Play Ringer set","Already imported (--resume)"
8441,"","infinix-hot-10-ringer-set","Infinix Hot 10 Ringer set","Already imported (--resume)"
8440,"","vivo-y33s-y33-new-ringer-set","Vivo Y33S / Y33 New Ringer set","Already imported (--resume)"
8439,"","vivo-y27-ringer-set","Vivo Y27 Ringer set","Already imported (--resume)"
8438,"","vivo-y22-ringer-set","Vivo y22 Ringer set","Already imported (--resume)"
8437,"","vivo-y35-ringer-set","Vivo Y35 Ringer set","Already imported (--resume)"
8436,"","vivo-v20-4g-ringer-set","Vivo V20 4g Ringer set","Already imported (--resume)"
8435,"","vivo-t1-5g-ringer-set","Vivo T1 5g Ringer set","Already imported (--resume)"
8434,"","tecno-spark-7-ringer-set","Tecno Spark 7 Ringer set","Already imported (--resume)"
8432,"","mi-10-prime-ringer-set","Mi 10 Prime Ringer set","Already imported (--resume)"
8431,"","realme-6-ringer-set","Realme 6 Ringer set","Already imported (--resume)"
8430,"","mi-note-12-5g-ringer-set","Mi Note 12 5g Ringer set","Already imported (--resume)"
8429,"","moto-g82-5g-ringer-set","Moto G82 5G Ringer set","Already imported (--resume)"
8428,"","moto-g8-power-lite-ringer-set","Moto G8 Power Lite Ringer set","Already imported (--resume)"
8427,"","oppo-f11-pro-ringer-set","Oppo F11 pro Ringer set","Already imported (--resume)"
8426,"","oppo-f9-ringer-set","Oppo F9 Ringer set","Already imported (--resume)"
8425,"","realme-c30-ringer-set","Realme C30 Ringer set","Already imported (--resume)"
8424,"","realme-c21y-ringer-set","Realme C21Y / C25Y Ringer set","Already imported (--resume)"
8423,"","realme-c3-realme-5-ringer-set","Realme C3/ Realme 5 Ringer set","Already imported (--resume)"
8422,"","oppo-a71-ringer-set","Oppo A71 Ringer set","Already imported (--resume)"
8421,"","samsung-a04s-ringer-set","Samsung A04S Ringer set","Already imported (--resume)"
8418,"","oppo-a57-ringer-set","Oppo A57 Ringer set","Already imported (--resume)"
8417,"","oppo-a57-new-ringer-set","Oppo A57 New Ringer set","Already imported (--resume)"
8416,"","oppo-a53-ringer-set","Oppo A53 Ringer set","Already imported (--resume)"
8415,"","oppo-a5s-ringer-set-2","Oppo A5S Ringer set","Already imported (--resume)"
8414,"","samsung-a04e-ringer-set","Samsung A04E Ringer set","Already imported (--resume)"
8413,"","samsung-a03s-ringer-set","Samsung A03S Ringer set","Already imported (--resume)"
8412,"","samsung-a02-ringer-set","Samsung A02 Ringer set","Already imported (--resume)"
8411,"","mi-10c-ringer-set","Mi 10C Ringer set","Already imported (--resume)"
8410,"","one-nord-ce-2-ringer-set","one + Nord CE 2 Ringer set","Already imported (--resume)"
8371,"","one-nord-2-ringer-set","One + Nord 2 Ringer set","Already imported (--resume)"
8409,"","one-7t-ringer-set","One + 7T Ringer set","Already imported (--resume)"
8369,"","one-6t-ringer-set","One + 6T Ringer set","Already imported (--resume)"
8212,"","rma-223-solder-flux-pest","RMA-223 Solder Flux Pest","Already imported (--resume)"
8207,"","oppo-a57-fingerprint-sensor","Oppo A57 Fingerprint Sensor","Already imported (--resume)"
8191,"","mi-note-5-pro-camera-glass","Mi Note 5 Pro Camera Glass","Already imported (--resume)"
8190,"","mi-poco-c55-camera-glass","Mi Poco C55 Camera Glass","Already imported (--resume)"
8189,"","vivo-y76-camera-glass","Vivo Y76 Camera Glass","Already imported (--resume)"
8188,"","mi-note-5-camera-glass","Mi Note 5 Camera Glass","Already imported (--resume)"
8081,"","8081","For Lava Bl-5C Battery","Already imported (--resume)"
8067,"","t4-tool-screw-driver","T4 tool screw driver","Already imported (--resume)"
8061,"","tecno-spark-10-charging-flex-orignal","Tecno Spark 10 Charging Flex Orignal","Already imported (--resume)"
8059,"","samsung-a13-4g-charging-flex-orignal","Samsung A13 (4g) Charging Flex Orignal","Already imported (--resume)"
8060,"","realme-3i-charging-flex-orignal","Realme 3i Charging Flex Orignal","Already imported (--resume)"
8062,"","samsung-f13-4g-charging-flex-orignal","Samsung F13 (4g) Charging Flex Orignal","Already imported (--resume)"
7990,"","oppo-a33-new-on-off-flex","Oppo A33 new on/off Flex","Already imported (--resume)"
7966,"","realme-c31-back-panel","For Realme C31 Back Panel","Already imported (--resume)"
7965,"","vivo-y50-back-panel","For Vivo Y50 Back Panel","Already imported (--resume)"
7727,"","jio-f90-battery","For Jio F90 Battery","Already imported (--resume)"
7726,"","lava-leb023-battery","For Lava LEB023 Battery","Already imported (--resume)"
7725,"","itel-bl-25bi-battery","For Itel Bl-25Bi Battery","Already imported (--resume)"
7724,"","samsung-x200-battery","For Samsung X200 Battery","Already imported (--resume)"
7721,"","itel-bl-5c-battery","For Itel Bl-5C Battery","Already imported (--resume)"
7414,"","vivo-y91-ear-speaker","Vivo Y91 Ear Speaker","Already imported (--resume)"
7327,"","mi-note-11-4g-charging-flex-orignal","Mi Note 11 4G Charging Flex Orignal","Already imported (--resume)"
7312,"","mi-k20-charging-flex-orignal","Mi K20 Charging Flex Orignal","Already imported (--resume)"
7311,"","realme-c11-2021-charging-flex-orignal","Realme C11 2021 Charging Flex Orignal","Already imported (--resume)"
7310,"","mi-pocp-m3-charging-flex-orignal","Mi Poco M3 Charging Flex Orignal","Already imported (--resume)"
7309,"","tecno-spark-go-2021-charging-flex-orignal","Tecno Spark go 2021 Charging Flex Orignal","Already imported (--resume)"
7308,"","realme-9-4g-charging-flex-orignal","Realme 9 4G Charging Flex Orignal","Already imported (--resume)"
7307,"","infinix-hot-11-2022-charging-flex-orignal","Infinix Hot 11 2022 Charging Flex Orignal","Already imported (--resume)"
6970,"","oppo-a53-realme-7i-spk-jali","Oppo A53 / Realme 7i Spk Jali","Already imported (--resume)"
6969,"","realme-c11-spk-jali","Realme C11 Spk Jali","Already imported (--resume)"
6968,"","realme-c2-a1k-spk-jali","Realme C2 \ A1K Spk Jali","Already imported (--resume)"
6762,"","samsung-a20-a30-fingerprint-sensor","Samsung A20 , A30  Fingerprint Sensor","Already imported (--resume)"
6761,"","vivo-y20-fingerprint-sensor","Vivo Y20  Fingerprint Sensor","Already imported (--resume)"
6760,"","samsung-a13-a02-fingerprint-sensor","Samsung A13 , A02  Fingerprint Sensor","Already imported (--resume)"
6758,"","vivo-y21-new-fingerprint-sensor","Vivo Y21 New Fingerprint Sensor","Already imported (--resume)"
6757,"","vivo-y51-new-fingerprint-sensor","Vivo Y51 New Fingerprint Sensor","Already imported (--resume)"
6756,"","mi-note-7-fingerprint-sensor","Mi Note 7 Fingerprint Sensor","Already imported (--resume)"
6755,"","mi-12-5g-fingerprint-sensor","Mi 12 5G Fingerprint Sensor","Already imported (--resume)"
6754,"","oppo-a57-new-fingerprint-sensor","Oppo A57 New Fingerprint Sensor","Already imported (--resume)"
6753,"","mi-note-9-pro-fingerprint-sensor","Mi Note 9 Pro Fingerprint Sensor","Already imported (--resume)"
6752,"","samsung-a12-a14-fingerprint-sensor","Samsung A12 ,A14 Fingerprint Sensor","Already imported (--resume)"
6751,"","realme-3-fingerprint-sensor","Realme 3 Fingerprint Sensor","Already imported (--resume)"
6750,"","oppo-a15-a16-fingerprint-sensor","Oppo A15 , A16 Fingerprint Sensor","Already imported (--resume)"
6749,"","mi-y1-fingerprint-sensor","Mi y1 Fingerprint Sensor","Already imported (--resume)"
6720,"","vivo-y91-y93-y95-fingerprint-sensor","Vivo Y91 , Y93 , Y95 Fingerprint Sensor","Already imported (--resume)"
6719,"","6719","Realme 2 Fingerprint Sensor","Already imported (--resume)"
6718,"","tecno-spark-8-fingerprint-sensor","Tecno Spark 8 Fingerprint Sensor","Already imported (--resume)"
6717,"","mi-note-5-pro-fingerprint-sensor","Mi Note 5 Pro Fingerprint Sensor","Already imported (--resume)"
6716,"","realme-8i-narzo-50-fingerprint-sensor","Realme 8i , Narzo 50 Fingerprint Sensor","Already imported (--resume)"
6715,"","realme-c12-c15-fingerprint-sensor","Realme C12 , C15 Fingerprint Sensor","Already imported (--resume)"
6714,"","mi-note-5-fingerprint-sensor","Mi Note 5 Fingerprint Sensor","Already imported (--resume)"
6713,"","samsung-m30-m21-fingerprint-sensor","Samsung M30 , M21 Fingerprint Sensor","Already imported (--resume)"
6712,"","oppo-f11-pro-fingerprint-sensor","Oppo F11 Pro Fingerprint Sensor","Already imported (--resume)"
6711,"","mi-y2-finger-fingerprint-sensor","Mi Y2 Finger Fingerprint Sensor","Already imported (--resume)"
6672,"","samsung-a30s-main-flex","Samsung A30s Main Flex","Already imported (--resume)"
6671,"","mi-note-3-main-flex","Mi Note 3 Main Flex","Already imported (--resume)"
6670,"","oppo-a12-main-flex","Oppo A12 Main Flex","Already imported (--resume)"
6669,"","vivo-y71-main-flex","Vivo Y71 Main Flex","Already imported (--resume)"
5856,"","kechoda-a26-l-c-d","For Kechoda A26 L.C.D.","Already imported (--resume)"
5855,"","kechoda-k115-14-pin-l-c-d","For Kechoda K115 14 Pin L.C.D.","Already imported (--resume)"
5854,"","cellcor-14-pin-1-8-l-c-d","For Cellcor 14 Pin 1.8 L.C.D.","Already imported (--resume)"
5853,"","cellcor-16-pin-1-8-l-c-d","For Cellcor 16 pin 1.8 L.C.D.","Already imported (--resume)"
5852,"","cellcor-16-pin-2-4-l-c-d","For Cellcor 16 Pin 2.4 L.C.D.","Already imported (--resume)"
5851,"","all-use-24-pin-2-4-l-c-d","All Use 24 Pin 2.4 L.C.D.","Already imported (--resume)"
5850,"","jio-bharat-20-pin-1-8-l-c-d","For Jio Bharat 20 pin 1.8 L.C.D.","Already imported (--resume)"
5849,"","nokia-16-pin-1-8-l-c-d","For Nokia 16 pin 1.8 L.C.D.","Already imported (--resume)"
5707,"","realme-9-5g-on-off-flex","Realme 9 5G on/off Flex","Already imported (--resume)"
5705,"","vivo-y75-4g-charging-flex-orignal","Vivo Y75 (4G) Charging Flex Orignal","Already imported (--resume)"
5704,"","oppo-a57-charging-flex-orignal","Oppo A57 Charging Flex Orignal","Already imported (--resume)"
5703,"","oppo-a3s-charging-flex-orignal","Oppo A3s Charging Flex Orignal","Already imported (--resume)"
5522,"","tecno-in3-charging-flex","Tecno In3 Charging Flex","Already imported (--resume)"
5530,"","itel-a41-charging-flex","Itel A41 Charging Flex","Already imported (--resume)"
5516,"","honor-8x-charging-flex","Honor 8X Charging Flex","Already imported (--resume)"
5507,"","realme-8-pro-charging-flex","Realme 8 Pro Charging Flex","Already imported (--resume)"
5505,"","oppo-f5-charging-flex","Oppo F5 Charging Flex","Already imported (--resume)"
5467,"","oppo-f15-charging-flex","Oppo F15 Charging Flex","Already imported (--resume)"
5434,"","samsung-a20s-m14-og-cc-flex","Samsung A20s (M14) Charging Flex Orignal","Already imported (--resume)"
5433,"","tecno-spark-7t-og-cc-flex","Tecno Spark 7T Charging Flex Orignal","Already imported (--resume)"
4768,"","tecno-pop-6-pro-orignal-charging-flex","Tecno Pop 6 Pro Orignal Charging Flex","Already imported (--resume)"
4767,"","tecno-pop-7-pro-orignal-charging-flex","Tecno Pop 7 Pro Orignal Charging Flex","Already imported (--resume)"
4766,"","tecno-spark-8t-orignal-charging-flex","Tecno Spark 8T Orignal Charging Flex","Already imported (--resume)"
4765,"","samsung-a04s-orignal-charging-flex","Samsung A04s Orignal Charging Flex","Already imported (--resume)"
4764,"","samsung-a71-orignal-charging-flex","Samsung A71 Orignal Charging Flex","Already imported (--resume)"
4763,"","oppo-f198-orignal-charging-flex","Oppo F19 Pro Orignal Charging Flex","Already imported (--resume)"
4762,"","oppo-f19-orignal-charging-flex-2","Oppo F19 Orignal Charging Flex","Already imported (--resume)"
4761,"","oppo-f17-pro-orignal-charging-flex","Oppo F17 Pro Orignal Charging Flex","Already imported (--resume)"
4760,"","samsung-a10-orignal-charging-flex","Samsung A10 Orignal Charging Flex","Already imported (--resume)"
4759,"","realme-c25-orignal-charging-flex","Realme C25 Orignal Charging Flex","Already imported (--resume)"
4754,"","vivo-y35-orignal-charging-flex","Vivo Y35 Orignal Charging Flex","Already imported (--resume)"
4758,"","realme-7i-orignal-charging-flex","Realme 7i Orignal Charging Flex","Already imported (--resume)"
4757,"","samsung-m51-orignal-charging-flex","Samsung M51 Orignal Charging Flex","Already imported (--resume)"
4756,"","samsung-a02-orignal-charging-flex","Samsung A02 Orignal Charging Flex","Already imported (--resume)"
4755,"","vivo-y16-orignal-charging-flex","Vivo Y16 Orignal Charging Flex","Already imported (--resume)"
4749,"","oppo-a55-orignal-charging-flex","Oppo A55 Orignal Charging Flex","Already imported (--resume)"
4748,"","realme-narzo-n53-orignal-charging-flex","Realme Narzo N53 Orignal Charging Flex","Already imported (--resume)"
4747,"","samsung-a10s-orignal-charging-flex","Samsung A10s Orignal Charging Flex","Already imported (--resume)"
4746,"","oppo-a33-new-orignal-charging-flex","Oppo A33 New Orignal Charging Flex","Already imported (--resume)"
4745,"","samsung-a11-orignal-charging-flex","Samsung A11 Orignal Charging Flex","Already imported (--resume)"
4753,"","vivo-v21-5g-orignal-charging-flex","Vivo V21 5G Orignal Charging Flex","Already imported (--resume)"
4751,"","oppo-f7-orignal-charging-flex","Oppo F7 Orignal Charging Flex","Already imported (--resume)"
4742,"","realme-c30-orignal-charging-flex","Realme C30 Orignal Charging Flex","Already imported (--resume)"
4741,"","samsung-a04-orignal-charging-flex","Samsung A04 Orignal Charging Flex","Already imported (--resume)"
4740,"","samsung-a01-core-orignal-charging-flex","Samsung A01 Core Orignal Charging Flex","Already imported (--resume)"
4739,"","vivo-y15s-orignal-charging-flex","Vivo Y15S Orignal Charging Flex","Already imported (--resume)"
4738,"","oppo-a31-2020-orignal-charging-flex","Oppo A31 2020 Orignal Charging Flex","Already imported (--resume)"
4737,"","one-nord-2-orignal-charging-flex","One + Nord 2 Orignal Charging Flex","Already imported (--resume)"
4736,"","oppo-a17-orignal-charging-flex","Oppo A17 Orignal Charging Flex","Already imported (--resume)"
4735,"","vivo-v11-pro-orignal-charging-flex","Vivo V11 Pro Orignal Charging Flex","Already imported (--resume)"
4687,"","vivo-y75-5g-orignal-charging-flex","Vivo Y75 5G Orignal Charging Flex","Already imported (--resume)"
4686,"","oppo-a52-orignal-charging-flex","Oppo A52 Orignal Charging Flex","Already imported (--resume)"
4685,"","samsung-a21s-orignal-charging-flex","Samsung A21s Orignal Charging Flex","Already imported (--resume)"
4684,"","oppo-a71-orignal-charging-flex","Oppo A71 Orignal Charging Flex","Already imported (--resume)"
4683,"","samsung-a13-5g-orignal-charging-flex","Samsung A13 5G Orignal Charging Flex","Already imported (--resume)"
4688,"","samsung-a33-5g-orignal-charging-flex","Samsung A33 5G Orignal Charging Flex","Already imported (--resume)"
4681,"","samsung-a51-orignal-charging-flex","Samsung A51 Orignal Charging Flex","Already imported (--resume)"
4679,"","vivo-y51l-orignal-charging-flex","Vivo Y51l Orignal Charging Flex","Already imported (--resume)"
4678,"","tecno-kg5-orignal-charging-flex","Tecno KG5 Orignal Charging Flex","Already imported (--resume)"
4677,"","realme-8-5g-orignal-charging-flex","Realme 8 5g Orignal Charging Flex","Already imported (--resume)"
4676,"","oppo-a33-orignal-charging-flex","Oppo A33 Orignal Charging Flex","Already imported (--resume)"
4675,"","oppo-f17-orignal-charging-flex","Oppo F17 Orignal Charging Flex","Already imported (--resume)"
4674,"","samaung-f62-orignal-charging-flex","Samaung F62 Orignal Charging Flex","Already imported (--resume)"
4673,"","realme-narzo-30a-orignal-charging-flex","Realme Narzo 30A Orignal Charging Flex","Already imported (--resume)"
4672,"","mi-poco-f1-orignal-charging-flex","Mi Poco F1 Orignal Charging Flex","Already imported (--resume)"
4643,"","samsung-a32-4g-orignal-charging-flex","Samsung A32 4g Orignal Charging Flex","Already imported (--resume)"
4642,"","samsung-a14-5g-orignal-charging-flex","Samsung A14 5g Orignal Charging Flex","Already imported (--resume)"
4641,"","samsung-m01-orignal-charging-flex","Samsung M01 Orignal Charging Flex","Already imported (--resume)"
4640,"","samsung-a70-orignal-charging-flex","Samsung A70 Orignal Charging Flex","Already imported (--resume)"
4638,"","infinix-hot-10-play-orignal-charging-flex","Infinix Hot 10 Play Orignal Charging Flex","Already imported (--resume)"
4636,"","tecno-spark-go-2023-orignal-charging-flex","Tecno Spark Go 2023 Orignal Charging Flex","Already imported (--resume)"
4637,"","moto-e7-power-orignal-charging-flex","Moto E7 Power Orignal Charging Flex","Already imported (--resume)"
4635,"","inifinix-hot-10-orignal-charging-flex","Inifinix Hot 10 Orignal Charging Flex","Already imported (--resume)"
4634,"","infinix-hot-11-orignal-charging-flex","Infinix Hot 11 Orignal Charging Flex","Already imported (--resume)"
4633,"","inifinix-hot-20-5g-orignal-charging-flex","Inifinix Hot 20 5g Orignal Charging Flex","Already imported (--resume)"
4632,"","infinix-smart-7-orignal-charging-flex","Infinix Smart 7 Orignal Charging Flex","Already imported (--resume)"
4631,"","tecno-spark-8-orignal-charging-flex","Tecno Spark 8 Orignal Charging Flex","Already imported (--resume)"
4630,"","jio-next-orignal-charging-flex","Jio Next Orignal Charging Flex","Already imported (--resume)"
4629,"","lava-z3-orignal-charging-flex","Lava Z3 Orignal Charging Flex","Already imported (--resume)"
4628,"","one-plus-nord-ce2-orignal-charging-flex","One Plus Nord CE2 Orignal Charging Flex","Already imported (--resume)"
4627,"","infinix-hot-20-play-orignal-charging-flex","Infinix Hot 20 Play Orignal Charging Flex","Already imported (--resume)"
4626,"","realme-2-pro-orignal-charging-flex","Realme 2 pro Orignal Charging Flex","Already imported (--resume)"
4624,"","oppo-a57-new-orignal-charging-flex","Oppo A57 New Orignal Charging Flex","Already imported (--resume)"
4623,"","realme-8-4g-orignal-charging-flex","Realme 8 4g Orignal Charging Flex","Already imported (--resume)"
4639,"","samsung-a22-5g-orignal-charging-flex","Samsung A22 5g Orignal Charging Flex","Already imported (--resume)"
4580,"","oppo-f5-orignal-charging-flex","Oppo F5 Orignal Charging Flex","Already imported (--resume)"
4579,"","realme-c35-orignal-charging-flex","Realme C35 Orignal Charging Flex","Already imported (--resume)"
4578,"","realme-9i-orignal-charging-flex","Realme 9i Orignal Charging Flex","Already imported (--resume)"
4577,"","realme-8i-orignal-charging-flex","Realme 8i Orignal Charging Flex","Already imported (--resume)"
4576,"","realme-c20-orignal-charging-flex","Realme C20 Orignal Charging Flex","Already imported (--resume)"
4575,"","vivo-y51-new-orignal-charging-flex","Vivo Y51 New Orignal Charging Flex","Already imported (--resume)"
4574,"","vivo-v20-orignal-charging-flex","Vivo V20 Orignal Charging Flex","Already imported (--resume)"
4573,"","vivo-t1-5g-orignal-charging-flex","Vivo T1 5G Orignal Charging Flex","Already imported (--resume)"
4572,"","vivo-y73-orignal-charging-flex","Vivo Y73 Orignal Charging Flex","Already imported (--resume)"
4571,"","vivo-y02-orignal-charging-flex","Vivo Y02 Orignal Charging Flex","Already imported (--resume)"
4570,"","vivo-v17-orignal-charging-flex","Vivo V17 Orignal Charging Flex","Already imported (--resume)"
4569,"","vivo-v21-4g-orignal-charging-flex","Vivo V21 4g Orignal Charging Flex","Already imported (--resume)"
4568,"","mi-y2-orignal-charging-flex","Mi Y2 Orignal Charging Flex","Already imported (--resume)"
4567,"","realme-narzo-50a-orignal-charging-flex","Realme Narzo 50A Orignal Charging Flex","Already imported (--resume)"
4566,"","mi-note-10-pro-orignal-charging-flex","Mi Note 10 Pro Orignal Charging Flex","Already imported (--resume)"
4565,"","mi-note-12-orignal-charging-flex","Mi Note 12 Orignal Charging Flex","Already imported (--resume)"
4564,"","mi-note-9-orignal-charging-flex","Mi Note 9 Orignal Charging Flex","Already imported (--resume)"
4563,"","redmi-12c-orignal-charging-flex","Redmi 12c Orignal Charging Flex","Already imported (--resume)"
4562,"","mi-9-prime-orignal-charging-flex","Mi 9 prime Orignal Charging Flex","Already imported (--resume)"
4561,"","mi-note-10-4g-orignal-charging-flex","Mi Note 10 4g Orignal Charging Flex","Already imported (--resume)"
4526,"","itel-jio-charging-conector","Itel Jio Charging Conector","Already imported (--resume)"
4525,"","realme-6-charging-conector","Realme 6 Charging Conector","Already imported (--resume)"
4433,"","samsung-a30-camera-glass-2","Samsung A30 Camera Glass","Already imported (--resume)"
4414,"","vivo-y21-new-charging-conector","Vivo Y21 New Charging Conector","Already imported (--resume)"
4120,"","mi-note-4-side-rubber-key","Mi Note 4 Side Rubber Key","Already imported (--resume)"
4358,"","oppo-a37-charging-conector","Oppo A37 Charging Conector","Already imported (--resume)"
4143,"","mi-9a-side-rubber-key","Mi 9A Side Rubber Key","Already imported (--resume)"
4144,"","honor-9n-side-rubber-key","Honor 9N Side Rubber Key","Already imported (--resume)"
4142,"","realme-5-side-rubber-key","Realme 5 Side Rubber Key","Already imported (--resume)"
4137,"","mi-7a-side-rubber-key","Mi 7A Side Rubber Key","Already imported (--resume)"
4124,"","realme-3-pro-side-rubber-key","Realme 3 Pro Side Rubber Key","Already imported (--resume)"
4135,"","oppo-a12-side-rubber-key","Oppo A12 Side Rubber Key","Already imported (--resume)"
4133,"","realme-c1-side-rubber-key","Realme C1 Side Rubber Key","Already imported (--resume)"
4131,"","samsung-g530-side-rubber-key","Samsung G530 Side Rubber Key","Already imported (--resume)"
4119,"","vivo-y71-side-rubber-key","Vivo Y71 Side Rubber Key","Already imported (--resume)"
4118,"","vivo-y51-side-rubber-key","Vivo Y51 old Side Rubber Key","Already imported (--resume)"
4117,"","vivo-y55-side-rubber-key","Vivo Y55 Side Rubber Key","Already imported (--resume)"
4116,"","realme-7i-side-rubber-key","Realme 7i Side Rubber Key","Already imported (--resume)"
4145,"","oppo-a16","Oppo A16 Side Rubber Key","Already imported (--resume)"
4115,"","realme-8i-side-rubber-key","Realme 8i Side Rubber Key","Already imported (--resume)"
4114,"","vivo-y21l-side-rubber-key","Vivo Y21L Side Rubber Key","Already imported (--resume)"
4113,"","honer-9-lite-side-rubber-key","Honer 9 lite Side Rubber Key","Already imported (--resume)"
4112,"","mi-note-9-pro-side-rubber-key","Mi Note 9 Pro Side Rubber Key","Already imported (--resume)"
4111,"","mi-note-8-side-rubber-key","Mi Note 8 Side Rubber Key","Already imported (--resume)"
4110,"","mi-note-7-side-rubber-key","Mi Note 7 Side Rubber Key","Already imported (--resume)"
4109,"","mi-note-8-pro-side-rubber-key","Mi Note 8 pro Side Rubber Key","Already imported (--resume)"
4108,"","mi-8a-side-rubber-key","Mi 8A Side Rubber Key","Already imported (--resume)"
4107,"","mi-y1-side-rubber-key","Mi Y1 Side Rubber Key","Already imported (--resume)"
4106,"","mi-8-side-rubber-key","Mi 8 Side Rubber Key","Already imported (--resume)"
4091,"","mi-5-side-rubber-key","Mi 5 Side Rubber Key","Already imported (--resume)"
4092,"","mi-5a-side-rubber-key","Mi 5A Side Rubber Key","Already imported (--resume)"
4094,"","vivo-y12-side-rubber-key","Vivo Y12 Side Rubber Key","Already imported (--resume)"
4096,"","vivo-y53-side-rubber-key","Vivo Y53 Side Rubber Key","Already imported (--resume)"
4093,"","vivo-y91-side-rubber-key","Vivo Y91 Side Rubber Key","Already imported (--resume)"
4095,"","vivo-v5-side-rubber-key","Vivo V5 Side Rubber Key","Already imported (--resume)"
4097,"","vivo-y69-side-rubber-key","Vivo Y69 Side Rubber Key","Already imported (--resume)"
4098,"","vivo-y66-side-rubber-key","Vivo Y66 Side Rubber Key","Already imported (--resume)"
4099,"","vivo-y16-side-rubber-key","Vivo Y16 Side Rubber Key","Already imported (--resume)"
4088,"","vivo-y81-side-rubber-key","Vivo Y81 Side Rubber Key","Already imported (--resume)"
4089,"","vivo-y19-side-rubber-key","Vivo Y19 Side Rubber Key","Already imported (--resume)"
4087,"","vivo-y83-pro-side-rubber-key","Vivo Y83 pro Side Rubber Key","Already imported (--resume)"
4086,"","oppo-a1k-side-rubber-key","Oppo A1k Side Rubber Key","Already imported (--resume)"
4085,"","oppo-a5-2020-side-rubber-key","Oppo A5 2020 Side Rubber Key","Already imported (--resume)"
4090,"","oppo-f1s-side-rubber-key","Oppo F1s Side Rubber Key","Already imported (--resume)"
4084,"","oppo-a37-side-rubber-key","Oppo A37 Side Rubber Key","Already imported (--resume)"
4083,"","oppo-a33-side-rubber-key","Oppo A33 Old Side Rubber Key","Already imported (--resume)"
4082,"","realme-c21y-side-rubber-key","Realme C21y Side Rubber Key","Already imported (--resume)"
4080,"","realme-c35-side-rubber-key","Realme C35 Side Rubber Key","Already imported (--resume)"
4057,"","infinix-hot-9-play-on-off-flex","Infinix Hot 9 Play On/Off Flex","Already imported (--resume)"
4056,"","infinix-hot-11s-on-off-flex","Infinix Hot 11s On/Off Flex","Already imported (--resume)"
4055,"","infinix-hot-11-on-off-flex","Infinix Hot 11 On/Off Flex","Already imported (--resume)"
4054,"","vivo-y30-on-off-flex-2","Vivo Y30 On/Off Flex","Already imported (--resume)"
4053,"","vivo-v9-on-off-flex","Vivo V9 On/Off Flex","Already imported (--resume)"
4051,"","vivo-y33s-on-off-flex","Vivo Y33s On/Off Flex","Already imported (--resume)"
4050,"","vivo-v11-on-off-flex","Vivo V11 On/Off Flex","Already imported (--resume)"
4049,"","realme-c30-on-off-flex","Realme C30 On/Off Flex","Already imported (--resume)"
4048,"","realme-8i-on-off-flex","Realme 8I On/Off Flex","Already imported (--resume)"
4047,"","realme-c25-on-off-flex","Realme C25 On/Off Flex","Already imported (--resume)"
4046,"","oppo-f1s-on-off-flex","Oppo F1S On/Off Flex","Already imported (--resume)"
4045,"","realme-c11-on-off-flex","Realme C11 On/Off Flex","Already imported (--resume)"
4044,"","oppo-f11-on-off-flex","Oppo F11 On/Off Flex","Already imported (--resume)"
4043,"","oppo-a16-on-off-flex","Oppo A16 On/Off Flex","Already imported (--resume)"
4042,"","oppo-f19-pro-on-off-flex","oppo F19 Pro On/Off Flex","Already imported (--resume)"
4041,"","realme-c20-on-off-flex","Realme C20 On/Off Flex","Already imported (--resume)"
4040,"","realme-9-on-off-flex","Realme 9 On/Off Flex","Already imported (--resume)"
4013,"","oppo-a57-new-on-off-flex","Oppo A57 New On/Off Flex","Already imported (--resume)"
4012,"","oppo-a52-on-off-flex","Oppo A52 On/Off Flex","Already imported (--resume)"
4011,"","mi-note-11-on-off-flex","Mi Note 11 On/Off Flex","Already imported (--resume)"
4010,"","mi-9c-on-off-flex","Mi 9C On/Off Flex","Already imported (--resume)"
4009,"","mi-a1-new-on-off-flex","Mi A1 New On/Off Flex","Already imported (--resume)"
4008,"","narzo-30a-on-off-flex","Realme Narzo 30A On/Off Flex","Already imported (--resume)"
4007,"","narzo-20a-on-off-flex","Realme Narzo 20A On/Off Flex","Already imported (--resume)"
4006,"","narzo-20-on-off-flex","Realme Narzo 20 On/Off Flex","Already imported (--resume)"
3955,"","samsung-j210-ringer","Samsung J210 Ringer","Already imported (--resume)"
3953,"","samsung-1200-battery-connector","Samsung 1200 Battery Connector","Already imported (--resume)"
3950,"","samsung-b310-ear-speaker","Samsung B310 Ear Speaker","Already imported (--resume)"
3947,"","mi-5a-ear-speaker","Mi 5A Ear Speaker","Already imported (--resume)"
3945,"","jio-ear-speaker","Jio Ear Speaker","Already imported (--resume)"
3943,"","4-pin-swich","4 Pin Switch Big","Already imported (--resume)"
3941,"","2-pin-swich","2 Pin Switch Big","Already imported (--resume)"
3939,"","samsung-b310-mic-refresh","Samsung B310 Mic Refresh","Already imported (--resume)"
3848,"","oppo-f17-pro-oca-touch-glass","Oppo F17 Pro Oca Touch Glass","Already imported (--resume)"
3838,"","realme-1-oppo-f5-oca-touch-glass","Realme 1 / Oppo F5 Oca Touch Glass","Already imported (--resume)"
3837,"","oppo-f3-oca-touch-glass","Oppo F3 Oca Touch Glass","Already imported (--resume)"
3834,"","infinix-hot-11s-oca-touch-glass","Infinix Hot 11s Oca Touch Glass","Already imported (--resume)"
3833,"","infinix-hot-12-pro-oca-touch-glass","Infinix Hot 12 Pro Oca Touch Glass","Already imported (--resume)"
3827,"","realme-c11-orignal-charging-flex","Realme C11 Orignal Charging Flex","Already imported (--resume)"
3826,"","oppo-a53-orignal-charging-flex","Oppo A53 Orignal Charging Flex","Already imported (--resume)"
3825,"","mi-y3-redmi-7-orignal-charging-flex","MI Y3/Redmi 7 Orignal Charging Flex","Already imported (--resume)"
3824,"","mi-note-6-pro-orignal-charging-flex","Mi Note 6 Pro Orignal Charging Flex","Already imported (--resume)"
3823,"","mi-7a-orignal-charging-flex","Mi 7A Orignal Charging Flex","Already imported (--resume)"
3821,"","vivo-y95-charging-flex-orignal","Vivo Y95 Charging Flex Orignal","Already imported (--resume)"
3787,"","nokia-105-l-c-d-fresh","For Nokia 105 L.C.D. (Fresh)","Already imported (--resume)"
3785,"","samsung-guru-1200-l-c-d-fresh","For Samsung Guru 1200 L.C.D. (Fresh)","Already imported (--resume)"
3755,"","infinix-hot-8-ringer-set","Infinix Hot 8 Ringer set","Already imported (--resume)"
3754,"","vivo-y19-ringer-set","Vivo Y19 Ringer set","Already imported (--resume)"
3753,"","tecno-ke5-ringer-set","Tecno KE5 Ringer set","Already imported (--resume)"
3744,"","infinix-hot-10s-ringer-set","Infinix Hot 10S Ringer set","Already imported (--resume)"
3743,"","realme-3-pro-ringer-set","Realme 3 pro Ringer set","Already imported (--resume)"
3742,"","vivo-y30-ringer-set","Vivo Y30 Ringer set","Already imported (--resume)"
3751,"","oppo-a54-ringer-set","Oppo A54 Ringer set","Already imported (--resume)"
3750,"","realme-c20-ringer-set","Realme C20 Ringer set","Already imported (--resume)"
3749,"","realme-c35-ringer-set","Realme C35 Ringer set","Already imported (--resume)"
3748,"","infinix-hot-9-ringer-set","Infinix Hot 9 Ringer set","Already imported (--resume)"
3724,"","oppo-a3s-ringer-set","Oppo A3S Ringer set","Already imported (--resume)"
3721,"","infinix-smart-4-ringer-set","Infinix Smart 4+ Ringer set","Already imported (--resume)"
3720,"","mi-7-ringer-set","Mi 7 Ringer set","Already imported (--resume)"
3719,"","oppo-a52-ringer-set","Oppo A52 Ringer set","Already imported (--resume)"
3718,"","mi-note-8-ringer-set","Mi Note 8 Ringer set","Already imported (--resume)"
3717,"","vivo-s1-ringer-set","Vivo S1 Ringer set","Already imported (--resume)"
3716,"","mi-a1-new-ringer-set","Mi A1 New Ringer set","Already imported (--resume)"
3715,"","realme-c11-ringer-set","Realme C11 Ringer set","Already imported (--resume)"
3714,"","realme-c25-ringer-set","Realme C25 Ringer set","Already imported (--resume)"
3713,"","oppo-f1s-orignal-charging-flex","Oppo F1S Orignal Charging Flex","Already imported (--resume)"
3712,"","oppo-f9-pro-orignal-charging-flex","Oppo F9 pro Orignal Charging Flex","Already imported (--resume)"
3711,"","infinix-hot-10s-orignal-charging-flex","Infinix Hot 10s Orignal Charging Flex","Already imported (--resume)"
3710,"","samsung-a03-orignal-charging-flex","Samsung A03 Orignal Charging Flex","Already imported (--resume)"
3709,"","vivo-y30-orignal-charging-flex","Vivo Y30 Orignal Charging Flex","Already imported (--resume)"
3708,"","oppo-a5s-orignal-charging-flex","Oppo A5S Orignal Charging Flex","Already imported (--resume)"
3707,"","oppo-a5-2020-orignal-charging-flex","Oppo A5 (2020) Orignal Charging Flex","Already imported (--resume)"
3706,"","vivo-y50-orignal-charging-flex","Vivo Y50 Orignal Charging Flex","Already imported (--resume)"
3682,"","oppo-a54-orignal-charging-flex","Oppo A54 Orignal Charging Flex","Already imported (--resume)"
3681,"","oppo-a16-orignal-charging-flex","Oppo A16 Orignal Charging Flex","Already imported (--resume)"
3680,"","vivo-v11-orignal-charging-flex","Vivo V11 Orignal Charging Flex","Already imported (--resume)"
3705,"","infinix-hot-12-play-orignal-charging-flex","Infinix Hot 12 Play Orignal Charging Flex","Already imported (--resume)"
3678,"","vivo-y81i-orignal-charging-flex","Vivo Y81I Orignal Charging Flex","Already imported (--resume)"
3677,"","vivo-y19-orignal-charging-flex","Vivo Y19 Orignal Charging Flex","Already imported (--resume)"
3676,"","vivo-v9-orignal-charging-flex","Vivo V9 Orignal Charging Flex","Already imported (--resume)"
3675,"","samsung-a12-orignal-charging-flex","Samsung A12 Orignal Charging Flex","Already imported (--resume)"
3674,"","realme-2-orignal-charging-flex","Realme 2 Orignal Charging Flex","Already imported (--resume)"
3673,"","vivo-v15-pro-orignal-charging-flex","Vivo V15 Pro Orignal Charging Flex","Already imported (--resume)"
3667,"","mi-9a-camera-glass","Mi 9A Camera Glass","Already imported (--resume)"
3666,"","mi-note-8-camera-glass","Mi Note 8 Camera Glass","Already imported (--resume)"
3665,"","realme-c55-camera-glass","Realme C55 Camera Glass","Already imported (--resume)"
3664,"","realme-2-camera-glass","Realme 2 Camera Glass","Already imported (--resume)"
3645,"","mi-note-4-sim-holder","Mi Note 4 Sim Holder","Already imported (--resume)"
3644,"","mi-y1-sim-holder","Mi Y1 Sim Holder","Already imported (--resume)"
3643,"","mi-7a-sim-holder","Mi 7A Sim Holder","Already imported (--resume)"
3642,"","realme-xt-sim-holder","Realme Xt Sim Holder","Already imported (--resume)"
3641,"","samsung-a03s-sim-holder","Samsung A03S Sim Holder","Already imported (--resume)"
3640,"","mi-note-7-pro-sim-holder","Mi Note 7 Pro Sim Holder","Already imported (--resume)"
3631,"","vivo-v7-on-off-flex-2","Vivo V7+ On/Off Flex","Already imported (--resume)"
3630,"","vivo-v7-on-off-flex","Vivo V7 On/Off Flex","Already imported (--resume)"
3628,"","vivo-y66-on-off-flex","Vivo Y66 On/Off Flex","Already imported (--resume)"
3627,"","vivo-v15-on-off-flex","Vivo V15 On/Off Flex","Already imported (--resume)"
3626,"","vivo-y69-on-off-flex","Vivo Y69 On/Off Flex","Already imported (--resume)"
3625,"","samsung-a02-on-off-flex","Samsung A02 On/Off Flex","Already imported (--resume)"
3624,"","mi-note-8-pro-on-off-flex","Mi Note 8 Pro On/Off Flex","Already imported (--resume)"
3550,"","vivo-y02-on-off-flex","Vivo Y02 On/Off Flex","Already imported (--resume)"
3547,"","mi-k20-on-off-flex","Mi K20 On/Off Flex","Already imported (--resume)"
3548,"","mi-note-10t-on-off-flex","Mi Note 10T On/Off Flex","Already imported (--resume)"
3549,"","mi-note-6-on-off-flex","Mi Note 6 On/Off Flex","Already imported (--resume)"
3551,"","oppo-a53-on-off-flex","Oppo A53 On/Off Flex","Already imported (--resume)"
3552,"","oppo-a5s-on-off-flex","Oppo A5s On/Off Flex","Already imported (--resume)"
3553,"","oppo-a15-on-off-flex","Oppo A15 On/Off Flex","Already imported (--resume)"
3554,"","oppo-a5-2020-on-off-flex","Oppo A5 2020 On/Off Flex","Already imported (--resume)"
3555,"","oppo-f11-pro-on-off-flex","Oppo F11 pro On/Off Flex","Already imported (--resume)"
3556,"","oppo-f7-on-off-flex","Oppo F7 On/Off Flex","Already imported (--resume)"
3546,"","mi-10-prime-on-off-flex","Mi 10 Prime On/Off Flex","Already imported (--resume)"
3545,"","mi-9-power-on-off-flex","Mi 9 Power On/Off Flex","Already imported (--resume)"
3544,"","mi-6-pro-on-off-flex","Mi 6 Pro On/Off Flex","Already imported (--resume)"
3543,"","mi-a2-on-off-flex","Mi A2 On/Off Flex","Already imported (--resume)"
3542,"","mi-a3-on-off-flex","Mi A3 On/Off Flex","Already imported (--resume)"
3541,"","mi-10a-on-off-flex","Mi 10A On/Off Flex","Already imported (--resume)"
3540,"","infinix-hot-10-on-off-flex","Infinix Hot 10 On/Off Flex","Already imported (--resume)"
3539,"","infinix-hot-10s-on-off-flex","Infinix Hot 10s On/Off Flex","Already imported (--resume)"
3538,"","infinix-hot-10-play-on-off-flex","Infinix Hot 10 Play On/Off Flex","Already imported (--resume)"
3537,"","tecno-6-air-on-off-flex","Tecno 6 Air On/Off Flex","Already imported (--resume)"
3529,"","infinix-hot-9-on-off-flex","Infinix Hot 9 On/Off Flex","Already imported (--resume)"
3532,"","realme-9-pro-on-off-flex","Realme 9 Pro On/Off Flex","Already imported (--resume)"
3534,"","vivo-v15-pro-on-off-flex","Vivo V15 Pro On/Off Flex","Already imported (--resume)"
3533,"","samsung-a10-on-off-flex","Samsung A10 On/Off Flex","Already imported (--resume)"
3531,"","vivo-t1-5g-on-off-flex","Vivo T1 5g On/Off Flex","Already imported (--resume)"
3530,"","tecno-spark-7-pro-on-off-flex","Tecno Spark 7 Pro On/Off Flex","Already imported (--resume)"
3528,"","vivo-y75-on-off-flex","Vivo Y75 On/Off Flex","Already imported (--resume)"
3527,"","tecno-kc1-on-off-flex","Tecno KC1 On/Off Flex","Already imported (--resume)"
3521,"","realme-7i-on-off-flex","Realme 7i On/Off Flex","Already imported (--resume)"
3524,"","mi-9a-on-off-flex","Mi 9A On/Off Flex","Already imported (--resume)"
3523,"","mi-note-10-pro-on-off-flex","mi Note 10 Pro On/Off Flex","Already imported (--resume)"
3522,"","mi-note-9-on-off-flex","Mi Note 9 On/Off Flex","Already imported (--resume)"
3520,"","realme-6-on-off-flex","Realme 6 On/Off Flex","Already imported (--resume)"
3519,"","vivo-y21-2020-on-off-flex","Vivo Y21 2020 On/Off Flex","Already imported (--resume)"
3517,"","vivo-s1-pro-on-off-flex","Vivo S1 Pro On/Off Flex","Already imported (--resume)"
3515,"","vivo-y16-on-off-flex","Vivo Y16 On/Off Flex","Already imported (--resume)"
3516,"","realme-8-4g-on-off-flex","Realme 8 4G On/Off Flex","Already imported (--resume)"
3514,"","vivo-v11-pro-on-off-flex","Vivo V11 Pro On/Off Flex","Already imported (--resume)"
3455,"","tecno-kb2-on-off-flex","Tecno Kb2 On/off Flex","Already imported (--resume)"
3456,"","realme-c25y-on-off-flex","Realme C25Y On/off Flex","Already imported (--resume)"
3457,"","realme-c21y-on-off-flex","Realme C21y On/off Flex","Already imported (--resume)"
3458,"","oppo-f5-on-off-flex","Oppo F5 On/off Flex","Already imported (--resume)"
3459,"","oppo-f3-on-off-flex","Oppo F3 On/off Flex","Already imported (--resume)"
3460,"","vivo-s1-on-off-flex","Vivo S1 On/off Flex","Already imported (--resume)"
3463,"","vivo-y50-on-off-flex","Vivo Y50 On/off Flex","Already imported (--resume)"
3462,"","vivo-y31-new-on-off-flex","Vivo Y31 New On/off Flex","Already imported (--resume)"
3464,"","vivo-z1-pro-on-off-flex","Vivo Z1 Pro On/off Flex","Already imported (--resume)"
3444,"","infinix-smart-5-og-cc-flex","Infinix Smart 5 Og CC Flex","Already imported (--resume)"
3443,"","mi-note-9-pro-og-cc-flex","Mi Note 9 Pro Og CC Flex","Already imported (--resume)"
3451,"","itel-a48-og-cc-flex","Itel A48 Og CC Flex","Already imported (--resume)"
3441,"","realme-c25y-og-cc-flex","Realme C25Y Og CC Flex","Already imported (--resume)"
3440,"","vivo-y21-2020-og-cc-flex","Vivo Y21 2020 Og CC Flex","Already imported (--resume)"
3431,"","vivo-y21-2020-camera-glass","Vivo Y21 2020 Camera Glass","Already imported (--resume)"
3435,"","vivo-y73-camera-glass","Vivo Y73 Camera Glass","Already imported (--resume)"
3436,"","vivo-y20-camera-glass","Vivo Y20 Camera Glass","Already imported (--resume)"
3434,"","vivo-y33s-camera-glass","Vivo Y33s Camera Glass","Already imported (--resume)"
3433,"","vivo-v15-pro-camera-glass","Vivo V15 pro Camera Glass","Already imported (--resume)"
3430,"","vivo-y51-2020-camera-glass","Vivo Y51 2020 Camera Glass","Already imported (--resume)"
3432,"","vivo-v17-pro-camera-glass","Vivo V17 Pro Camera Glass","Already imported (--resume)"
3429,"","vivo-y30-camera-glass","Vivo Y30 Camera Glass","Already imported (--resume)"
3428,"","vivo-y91-camera-glass","Vivo Y91 Camera Glass","Already imported (--resume)"
3427,"","vivo-y71-camera-glass","Vivo Y71 Camera Glass","Already imported (--resume)"
3426,"","vivo-y12-camera-glass","Vivo Y12 Camera Glass","Already imported (--resume)"
3425,"","vivo-y90-camera-glass","Vivo Y90 Camera Glass","Already imported (--resume)"
3424,"","vivo-s1-camera-glass","Vivo S1 Camera Glass","Already imported (--resume)"
3423,"","vivo-s1-pro-camera-glass","Vivo S1 Pro Camera Glass","Already imported (--resume)"
3422,"","vivo-v11-pro-camera-glass","Vivo V11 Pro Camera Glass","Already imported (--resume)"
3418,"","vivo-y95-camera-glass","Vivo Y95 Camera Glass","Already imported (--resume)"
3417,"","vivo-z1-pro-camera-glass","Vivo Z1 Pro Camera Glass","Already imported (--resume)"
3421,"","vivo-y55-camera-glass","Vivo Y55 Camera Glass","Already imported (--resume)"
3420,"","samsung-a12-camera-glass","Samsung A12 Camera Glass","Already imported (--resume)"
3419,"","samsung-m30-camera-glass","Samsung M30 Camera Glass","Already imported (--resume)"
3413,"","samsung-m20-camera-glass","Samsung M20 Camera Glass","Already imported (--resume)"
3412,"","samsung-a30s-camera-glass","Samsung A30s Camera Glass","Already imported (--resume)"
3410,"","samsung-a20s-camera-glass","Samsung A20s Camera Glass","Already imported (--resume)"
3409,"","samsung-a51-camera-glass","Samsung A51 Camera Glass","Already imported (--resume)"
3408,"","samsung-a11-m11-camera-glass","Samsung A11/M11 Camera Glass","Already imported (--resume)"
3407,"","samsung-a10-camera-glass","Samsung A10 Camera Glass","Already imported (--resume)"
3405,"","samsung-j4-j6-camera-glass","Samsung J4+/J6+ Camera Glass","Already imported (--resume)"
3404,"","samsung-j7-prime-camera-glass","Samsung J7 Prime Camera Glass","Already imported (--resume)"
3403,"","samsung-j8-camera-glass","Samsung J8 Camera Glass","Already imported (--resume)"
3402,"","mi-9-power-camera-glass","Mi 9 Power Camera Glass","Already imported (--resume)"
3401,"","oppo-a15-camera-glass","Oppo A15 Camera Glass","Already imported (--resume)"
3400,"","oppo-a1k-camera-glass","Oppo A1K Camera Glass","Already imported (--resume)"
3398,"","oppo-a12-camera-glass","Oppo A12 Camera Glass","Already imported (--resume)"
3397,"","oppo-a3s-camera-glass","Oppo A3s Camera Glass","Already imported (--resume)"
3396,"","oppo-a37-camera-glass","Oppo A37 Camera Glass","Already imported (--resume)"
3395,"","oppo-a5-camera-glass","Oppo A5 Camera Glass","Already imported (--resume)"
3394,"","oppo-f11-pro-camera-glass","Oppo F11 pro Camera Glass","Already imported (--resume)"
3391,"","oppo-a5-2020-camera-glass","Oppo A5 (2020) Camera Glass","Already imported (--resume)"
3389,"","oppo-f7-camera-glass","Oppo F7 Camera Glass","Already imported (--resume)"
3386,"","mi-8a-camera-glass","Mi 8A Camera Glass","Already imported (--resume)"
3383,"","mi-6a-camera-glass","Mi 6A Camera Glass","Already imported (--resume)"
3379,"","mi-note-8pro-camera-glass","Mi Note 8 pro Camera Glass","Already imported (--resume)"
3378,"","mi-note-9-camera-glass","Mi Note 9 Camera Glass","Already imported (--resume)"
3375,"","mi-note-7pro-camera-glass","Mi Note 7 pro Camera Glass","Already imported (--resume)"
3374,"","mi-note-6pro-camera-glass","Mi Note 6 pro Camera Glass","Already imported (--resume)"
3369,"","mi-note-9pro-camera-glass","Mi Note 9 pro Camera Glass","Already imported (--resume)"
3368,"","mi-9c-camera-glass","Mi 9C Camera Glass","Already imported (--resume)"
3367,"","mi-note-10-camera-glass","Mi Note 10 Camera Glass","Already imported (--resume)"
3366,"","mi-note-10pro-camera-glass","Mi Note 10 pro Camera Glass","Already imported (--resume)"
3365,"","mi-note-11-camera-glass","Mi Note 11 Camera Glass","Already imported (--resume)"
3364,"","realme-3-pro-camera-glass","Realme 3 Pro Camera Glass","Already imported (--resume)"
3363,"","realme-2-pro-camera-glass","Realme 2 Pro Camera Glass","Already imported (--resume)"
3362,"","realme-c1-camera-glass","Realme C1 Camera Glass","Already imported (--resume)"
3361,"","realme-c11-camera-glass","Realme C11 Camera Glass","Already imported (--resume)"
3360,"","realme-c12-camera-glass","Realme C12 Camera Glass","Already imported (--resume)"
3294,"","realme-c20-camera-glass","Realme C20 Camera Glass","Already imported (--resume)"
3293,"","realme-6-camera-glass","Realme 6 Camera Glass","Already imported (--resume)"
3291,"","realme-5-camera-glass","Realme 5 Camera Glass","Already imported (--resume)"
3290,"","realme-5-pro-camera-glass","Realme 5 Pro Camera Glass","Already imported (--resume)"
3288,"","realme-3-camera-glass","Realme 3 Camera Glass","Already imported (--resume)"
3259,"","realme-xt-oca-touch-glass","Realme XT Oca Touch Glass","Already imported (--resume)"
3250,"","mi-a2-oca-touch-glass","Mi A2 Oca Touch Glass","Already imported (--resume)"
3232,"","samsung-m20-oca-touch-glass","Samsung M20 OCA Touch Glass","Already imported (--resume)"
3230,"","samsung-j4-oca-touch-glass","Samsung J4+ OCA Touch Glass","Already imported (--resume)"
3229,"","vivo-s1-oca-touch-glass","Vivo S1 OCA Touch Glass","Already imported (--resume)"
3228,"","vivo-v15-oca-touch-glass","Vivo V15 OCA Touch Glass","Already imported (--resume)"
3193,"","infinix-hot-11-oca-touch-glass","Infinix Hot 11 OCA Touch Glass","Already imported (--resume)"
3182,"","vivo-y31-2020-cc-flex","Vivo Y31 2020 Cc Flex","Already imported (--resume)"
3181,"","vivo-v15-pro-cc-flex","Vivo V15 pro Cc Flex","Already imported (--resume)"
3178,"","realme-1-cc-flex","Realme 1 Cc Flex","Already imported (--resume)"
3174,"","oppo-f17-pro-cc-flex","Oppo F17 Pro Cc Flex","Already imported (--resume)"
3107,"","lava-z61-charging-flex","Lava Z61 Charging Flex","Already imported (--resume)"
3100,"","oppo-a16-back-panel","For Oppo A16 Back Panel","Already imported (--resume)"
3099,"","vivo-s1-pro-back-panel","For Vivo S1 Pro Back Panel","Already imported (--resume)"
3097,"","infinix-hot-9-back-panel","For Infinix Hot 9 Back Panel","Already imported (--resume)"
3096,"","oppo-reno-2z-back-panel","For Oppo Reno 2Z Back panel","Already imported (--resume)"
3095,"","tecno-bb4k-back-panel","For Tecno BB4K Back Panel","Already imported (--resume)"
3094,"","tecno-6-air-back-panel","For Tecno 6 Air Back panel","Already imported (--resume)"
3093,"","honor-8x-back-panel","For Honor 8X back panel","Already imported (--resume)"
3092,"","tecno-ke5-back-panel","For Tecno Ke5 Back panel","Already imported (--resume)"
3091,"","infinix-samart-4-back-panel","For Infinix Samart 4+ back panel","Already imported (--resume)"
3090,"","samsung-m11-back-panel","For Samsung M11 Back panel","Already imported (--resume)"
3089,"","samsung-a50-back-panel","For Samsung A50 Back panel","Already imported (--resume)"
3088,"","samsung-a20-back-panel","For Samsung A20 Back Panel","Already imported (--resume)"
3085,"","samsung-a03-back-panel","For Samsung A03 Back Panel","Already imported (--resume)"
3084,"","samsung-a10-back-panel","For Samsung A10 Back panel","Already imported (--resume)"
3083,"","samsung-a10s-back-panel","For Samsung A10s Back Panel","Already imported (--resume)"
3082,"","samsung-m20-back-panel","For Samsung M20 Back Panel","Already imported (--resume)"
3081,"","samsung-a03s-back-panel","For Samsung A03s Back Panel","Already imported (--resume)"
3080,"","samsung-a12-back-panel","For Samsung A12 Back Panel","Already imported (--resume)"
3079,"","vivo-v15-pro-back-panel","For Vivo V15 Pro Back Panel","Already imported (--resume)"
3078,"","vivo-v17-back-panel","For Vivo V17 Back Panel","Already imported (--resume)"
3077,"","vivo-v17-pro-back-panel","For Vivo V17 Pro Back Panel","Already imported (--resume)"
3076,"","vivo-y19-back-panel","For Vivo Y19 Back Panel","Already imported (--resume)"
3075,"","vivo-y51-new-back-panel","For Vivo Y51 New Back Panel","Already imported (--resume)"
3074,"","vivo-v20-back-panel","For Vivo V20 (5G) Back Panel &#8211; BLACK","Already imported (--resume)"
3073,"","vivo-y93-back-panel","For Vivo Y93 Back Panel","Already imported (--resume)"
3063,"","vivo-y71-back-panel","For Vivo Y71 Back Panel","Already imported (--resume)"
3062,"","vivo-y20-ring-ring-back-panel","For Vivo Y20 Ring Back Panel","Already imported (--resume)"
3061,"","vivo-y11-back-panel","For Vivo Y11 Back Panel","Already imported (--resume)"
3060,"","vivo-t1-5g-back-panel","For Vivo T1 5G Back Panel","Already imported (--resume)"
3059,"","vivo-t1-4g-back-panel","For Vivo T1 4G Back Panel","Already imported (--resume)"
3058,"","vivo-v11-pro-back-panel","For Vivo v11 Pro Back Panel","Already imported (--resume)"
3055,"","oppo-a53-ring-back-panel","For Oppo A53 Ring Back Panel","Already imported (--resume)"
3051,"","honor-nova-3i-back-panel","For Honor Nova 3I Back Panel","Already imported (--resume)"
3050,"","realme-c35-back-panel","For Realme C35 Back Panel","Already imported (--resume)"
3049,"","realme-c33-back-panel","For Realme C33 Back Panel","Already imported (--resume)"
3048,"","realme-c30-back-panel","For Realme C30 Back Panel","Already imported (--resume)"
3047,"","oppo-a5-2020-back-panel","For Oppo A5 (2020) Back Panel","Already imported (--resume)"
3046,"","oppo-a31-back-panel","For Oppo A31 Back Panel","Already imported (--resume)"
3044,"","realme-2-pro-ring-back-panel","For Realme 2 pro Ring Back Panel","Already imported (--resume)"
3043,"","realme-5-pro-back-panel","For Realme 5 Pro Back Panel","Already imported (--resume)"
3042,"","realme-6-back-panel","For Realme 6 Back Panel","Already imported (--resume)"
3041,"","oppo-f3-back-panel","For Oppo F3 Back Panel","Already imported (--resume)"
3040,"","realme-c20-back-panel","For Realme C20 Back Panel","Already imported (--resume)"
3039,"","realme-x-back-panel","For Realme X Back Panel","Already imported (--resume)"
3038,"","oppo-a5s-ring-back-panel","For Oppo A5s Ring Back Panel","Already imported (--resume)"
3037,"","oppo-f9-back-panel-2","For Oppo F9 Back Panel","Already imported (--resume)"
3036,"","oppo-a15-back-panel","For Oppo A15 Back Panel","Already imported (--resume)"
3035,"","oppo-a53-back-panel","For Oppo A53 Back Panel","Already imported (--resume)"
2974,"","realme-7-back-panel","For Realme 7 Back Panel","Already imported (--resume)"
2973,"","mi-note-10-pro-back-panel","For Mi Note 10 pro Back Panel","Already imported (--resume)"
2972,"","mi-3s-prime-back-panel","For Mi 3s Prime Back Panel","Already imported (--resume)"
2971,"","mi-note-10-back-panel","For Mi Note 10 Back Panel","Already imported (--resume)"
2970,"","mi-k20-back-panel","For Mi K20 Back Panel","Already imported (--resume)"
2968,"","mi-y3-back-panel","For Mi Y3 Back Panel","Already imported (--resume)"
2967,"","mi-9-power-back-panel","For Mi 9 Power Back Panel","Already imported (--resume)"
2966,"","mi-note-3-back-panel","For Mi Note 3 Back Panel","Already imported (--resume)"
2965,"","mi-9-prime-back-panel","For Mi 9 Prime Back Panel","Already imported (--resume)"
2964,"","oppo-narzo-20a-midil-panel","Oppo Narzo 20A Middle Panel","Already imported (--resume)"
2963,"","infinix-hot-9-midil-panel","Infinix Hot 9 Middle Panel","Already imported (--resume)"
2958,"","samsung-a20-midil-panel","Samsung A20 Middle Panel","Already imported (--resume)"
2957,"","tecno-spark-7-midil-panel","Tecno Spark 7 Middle Panel","Already imported (--resume)"
2956,"","infinix-hot-10-play-midil-panel","Infinix Hot 10 Play Middle Panel","Already imported (--resume)"
2955,"","tecno-kg-6-midil-panel","Tecno KG6 Middle Panel","Already imported (--resume)"
2954,"","mi-note-10-5g-midil-panel","Mi Note 10 5G Middle Panel","Already imported (--resume)"
2936,"","mi-note-9-midil-panel","MI Note 9 Middle Panel","Already imported (--resume)"
2935,"","redmi-10-prime-midil-panel","Mi 10 prime Middle Panel Big Sim Tray","Already imported (--resume)"
2934,"","redmi-8-midil-panel","Mi 8 Middle Panel","Already imported (--resume)"
2933,"","mi-6-pro-midil-panel","Mi 6 Pro Middle Panel","Already imported (--resume)"
2932,"","mi-5-midil-panel","Mi 5 Middle Panel","Already imported (--resume)"
2931,"","mi-7-redmi-y3-midil-panel","Mi 7 / Redmi Y3 Middle Panel","Already imported (--resume)"
2930,"","mi-a2-midil-panel","Mi A2 New Middle Panel","Already imported (--resume)"
2929,"","mi-9-power-midil-panel","Mi 9 power Middle Panel","Already imported (--resume)"
2928,"","realme-7i-midil-panel","Realme 7I Middle Panel","Already imported (--resume)"
2927,"","oppo-a54-midil-panel","Oppo A54 Middle Panel","Already imported (--resume)"
2916,"95","oppo-a57-new-midil-panel","Oppo A57 New Middle Panel","Already imported (--resume)"
2915,"","oppo-a16-midil-panel","Oppo A16 Middle Panel","Already imported (--resume)"
2913,"","vivo-v15-pro-midil-panel","Vivo V15 pro Middle Panel","Already imported (--resume)"
2912,"","vivo-s1-midil-panel","Vivo S1 Middle Panel","Already imported (--resume)"
2911,"","vivo-z1-pro-midil-panel","Vivo Z1 pro Middle Panel","Already imported (--resume)"
2910,"","vivo-f11-pro-midil-panel","Oppo F11 Pro Middle Panel","Already imported (--resume)"
2909,"","vivo-y73-midil-panel","Vivo Y73 Middle Panel","Already imported (--resume)"
2908,"","vivo-y93-midil-panel","Vivo Y93 Middle Panel","Already imported (--resume)"
2907,"","vivo-t1-5g-midil-panel","Vivo T1 5G Middle Panel","Already imported (--resume)"
2874,"","vivo-y51-new-y31-new-on-off-flex","Vivo Y51 New On/Off Flex","Already imported (--resume)"
2873,"","vivo-y20-on-off-flex","Vivo Y20 On/Off Flex","Already imported (--resume)"
2872,"","vivo-y19-on-off-flex","Vivo Y19 On/Off Flex","Already imported (--resume)"
2871,"","tecno-ke-5-spark-go-on-off-flex","Tecno KE 5 / Spark Go On/Off Flex","Already imported (--resume)"
2870,"","tecno-bb4k-spark-go-on-off-flex","Tecno BB4K / Spark Go + On/Off Flex","Already imported (--resume)"
2869,"","samsung-j7-prime-on-off-flex","Samsung J7 Prime On/Off Flex","Already imported (--resume)"
2867,"","realme-8-pro-on-off-flex","Realme 8 Pro On/Off Flex","Already imported (--resume)"
2866,"","oppo-a83-on-off-flex","Oppo A83 On/Off Flex","Already imported (--resume)"
2865,"","oppo-a57-on-off-flex","Oppo A57 On/Off Flex","Already imported (--resume)"
2864,"","mi-note-9-pro-on-off-flex","Mi Note 9 Pro On/Off Flex","Already imported (--resume)"
2863,"","mi-note-8-on-off-flex","Mi Note 8 On/Off Flex","Already imported (--resume)"
2839,"","mi-note-7-on-off-flex","Mi Note 7 On/Off Flex","Already imported (--resume)"
2838,"","mi-note-5-pro-on-off-flex","Mi Note 5 Pro On/Off Flex","Already imported (--resume)"
2837,"","mi-note-10-on-off-flex","Mi Note 10 On/Off Flex","Already imported (--resume)"
2836,"","mi-9-prime-on-off-flex","Mi 9 Prime On/Off Flex","Already imported (--resume)"
2835,"","mi-7a-on-off-flex","Mi 7A On/Off Flex","Already imported (--resume)"
2834,"","mi-4i-on-off-flex","Mi 4i On/Off Flex","Already imported (--resume)"
2833,"","lava-z60-on-off-flex","Lava Z60 On/Off Flex","Already imported (--resume)"
2832,"","infinix-smart-4-on-off-flex","Infinix Smart 4+ On/Off Flex","Already imported (--resume)"
2831,"","infinix-hot-8-on-off-flex-2","Infinix Hot 8 On/Off Flex","Already imported (--resume)"
2819,"","mi-note-5-orignal-charging-flex","Mi Note 5 Orignal Charging Flex","Already imported (--resume)"
2818,"","vivo-y71-orignal-charging-flex","Vivo Y71 Orignal Charging Flex","Already imported (--resume)"
2817,"","vivo-y20-orignal-charging-flex","Vivo Y20 Orignal Charging Flex","Already imported (--resume)"
2814,"","samsung-m31-orignal-charging-flex","Samsung M31 Orignal Charging Flex","Already imported (--resume)"
2804,"","oppo-a12-orignal-charging-flex","Oppo A12 Orignal Charging Flex","Already imported (--resume)"
2803,"","oppo-a15-orignal-charging-flex","Oppo A15 Orignal Charging Flex","Already imported (--resume)"
2802,"","oppo-a37-orignal-charging-flex","Oppo A37 Orignal Charging FLex","Already imported (--resume)"
2801,"","realme-3-orignal-charging-flex","Realme 3 Orignal Charging Flex","Already imported (--resume)"
2800,"","realme-5-orignal-charging-flex","Realme 5 Orignal Charging Flex","Already imported (--resume)"
2799,"","samsung-a03s-orignal-charging-flex","Samsung A03s Orignal Charging Flex","Already imported (--resume)"
2798,"","samsung-a22-4g-orignal-charging-flex","Samsung A22 4G Orignal Charging Flex","Already imported (--resume)"
2779,"","samsung-m30s-orignal-charging-flex","Samsung M30s Orignal Charging flex","Already imported (--resume)"
2778,"","honor-7s-orignal-charging-flex","Honor 7S Orignal Charging Flex","Already imported (--resume)"
2775,"","itel-vision-1-orignal-charging-flex","ITel Vision 1 Orignal Charging Flex","Already imported (--resume)"
2774,"","mi-5a-orignal-charging-flex","Mi 5A Orignal Charging Flex","Already imported (--resume)"
2772,"","mi-6a-orignal-charging-flex","Mi 6A Orignal Charging Flex","Already imported (--resume)"
2771,"","mi-8a-orignal-charging-flex","Mi 8A Orignal Charging Flex","Already imported (--resume)"
2770,"","nokia-5-1-orignal-charging-flex","Nokia 5.1+ Orignal Charging Flex","Already imported (--resume)"
2769,"","nokia-6-1-orignal-charging-flex","Nokia 6.1+ Orignal Charging Flex","Already imported (--resume)"
2768,"","jio-f320-ringer","Jio F320 Ringer","Already imported (--resume)"
2760,"","vivo-y21-new-ringer-set","Vivo Y21 New Ringer Set","Already imported (--resume)"
2759,"","realme-5-ringer-set","Realme 5 Ringer set","Already imported (--resume)"
2758,"","mi-y2-ringer-set","Mi Y2 Ringer Set","Already imported (--resume)"
2757,"","mi-note-6-pro-ringer-set","Mi Note 6 Pro Ringer set","Already imported (--resume)"
2756,"","mi-note-5-pro-ringer-set","Mi Note 5 Pro Ringer set","Already imported (--resume)"
2755,"","mi-a2-ringer-box","MI A2 Ringer Box","Already imported (--resume)"
2731,"","honor-y5-2020-touch","Honor Y5 (2020) Touch","Already imported (--resume)"
2730,"","comio-c2-touch","Comio C2 Touch","Already imported (--resume)"
2723,"","vivo-s1-main-flex","Vivo S1 Main Flex","Already imported (--resume)"
2722,"","realme-8-5g-main-flex","Realme 8 (5G) Main Flex","Already imported (--resume)"
2720,"","mi-8a-main-flex","Mi 8A Main Flex","Already imported (--resume)"
2713,"","vivo-y69-sim-holder","Vivo Y69 Sim Holder","Already imported (--resume)"
2712,"","tecno-6-air-sim-holder","Tecno 6 Air Sim Holder","Already imported (--resume)"
2711,"","mi-note-9-sim-holder","Mi Note 9 Sim Holder","Already imported (--resume)"
2710,"","mi-note-6-sim-holder","Mi Note 6 Sim Holder","Already imported (--resume)"
2709,"","infinix-hot-9-sim-holder","Infinix Hot 9 Sim Holder","Already imported (--resume)"
2705,"","tecno-spark-7-oca-glass","Tecno spark 7 Oca Glass","Already imported (--resume)"
2704,"","sumsung-m11-oca-glass","Sumsung M11 Oca Glass","Already imported (--resume)"
2703,"","samsung-j6-oca-glass","Samsung J6 Oca Glass","Already imported (--resume)"
2605,"","mi-note-7-spk-jaly","Mi Note 7 Spk Jaly","Already imported (--resume)"
2603,"","vivo-y12-spk-jaly","Vivo Y12 Spk jaly","Already imported (--resume)"
2601,"","vivo-y20-spk-jaly","Vivo y20 spk jaly","Already imported (--resume)"
2598,"","universol-spk-jaly","universol spk jaly","Already imported (--resume)"
2586,"","vivo-s1-pro-main-flex","Vivo s1 pro Main Flex","Already imported (--resume)"
2582,"","vivo-s1-pro-orignal-charging-flex","Vivo S1 Pro Orignal Charging Flex","Already imported (--resume)"
2572,"","itel-a23-pro-touch","Itel A23 Pro Touch","Already imported (--resume)"
2557,"","itel-37-pin-l-c-d-fresh","For Itel 37 pin L.C.D. Fresh","Already imported (--resume)"
2502,"","redmi-8a-spk-jali","Redmi 8A Spk Jali","Already imported (--resume)"
2497,"","vivo-y91-spk-jali","Vivo Y91 Spk Jali","Already imported (--resume)"
2496,"","redmi-9a-spk-jali","Redmi 9A spk jali","Already imported (--resume)"
2495,"","oppo-a37-spk-jali","Oppo A37 Spk Jali","Already imported (--resume)"
2492,"","oppo-a5s-spk-jali","Oppo A5S Spk jali","Already imported (--resume)"
2318,"","chaina-memory-tray","Chaina Memory Tray","Already imported (--resume)"
2267,"","mi-9-sim-holder","Mi 9 Sim Holder","Already imported (--resume)"
2260,"","samaung-a21s-oca-touch-glass","Samaung A21S Oca Touch Glass","Already imported (--resume)"
2259,"","samsung-j8-oca-touch-glass","Samsung J8 Oca Touch Glass","Already imported (--resume)"
2243,"","samsung-a2-core-oca-touch-glass","Samsung A2 Core Oca Touch Glass","Already imported (--resume)"
2237,"","samsung-a20s-oca-touch-glass","Samsung A20s Oca Touch Glass","Already imported (--resume)"
2234,"","samsung-j5-prime-oca-touch-glass","Samsung J5 prime Oca Touch Glass","Already imported (--resume)"
2207,"","mi-9a-charging-conector","Mi 9A Charging Conector","Already imported (--resume)"
2182,"","mobile-p-c-b-holder","Mobile P.C.B. Holder","Already imported (--resume)"
2180,"","maxx-iron-pen","Maxx Iron pen","Already imported (--resume)"
2169,"","l-c-d-cutting-wire","L.C.D. Cutting Wire","Already imported (--resume)"
2167,"","knife-cuter","Knife Cuter","Already imported (--resume)"
2165,"","jumper-wire","Jumper Wire","Already imported (--resume)"
2161,"","8w-solding-iron","8W Solding Iron","Already imported (--resume)"
1202,"","samsung-b310-display","For Samsung B310 Display","Already imported (--resume)"
2101,"","tecno-bb4k-midil-panel","Tecno BB4K Middle panel","Already imported (--resume)"
2100,"","tecno-ke5-midil-panel","Tecno KE5 Middle panel","Already imported (--resume)"
2099,"","samsung-j7-prime-midil-panel","Samsung J7 Prime Middle panel","Already imported (--resume)"
2098,"","tecno-spark-5-pro-midil-panel","Tecno Spark 5 pro Middle panel","Already imported (--resume)"
2097,"","vivo-y50-y30-midil-panel","Vivo Y50/Y30 Middle panel","Already imported (--resume)"
2096,"","vivo-y55-midil-panel","Vivo Y55 Middle panel","Already imported (--resume)"
2095,"","vivo-y21-2020-midil-panel","Vivo Y21 2020 Middle panel","Already imported (--resume)"
2094,"","vivo-y69-midil-panel","Vivo Y69 Middle panel","Already imported (--resume)"
2093,"","realme-c21y-midil-panel","Realme C21Y Middle panel","Already imported (--resume)"
2092,"","oppo-f1s-midil-panel","Oppo F1S Middle panel","Already imported (--resume)"
2091,"","redmi-7i-midil-panel","Realme 7 Middle panel","Already imported (--resume)"
2090,"","realme-c25-midil-panel","Realme C25 Middle panel","Already imported (--resume)"
2089,"","realme-c35-midil-panel","Realme C35 Middle panel","Already imported (--resume)"
2065,"","oppo-a5-2020-middil-panel","Oppo A5 2020 Middle panel","Already imported (--resume)"
2078,"","oppo-a15-middil-panel","Oppo A15 Middle panel","Already imported (--resume)"
2077,"","oppo-a52-middil-panel","OPPO A52 Middle panel","Already imported (--resume)"
2076,"","oppo-f7-middil-panel","OPPO F7 Middle panel","Already imported (--resume)"
2075,"","realme-5-pro-middil-panel","Realme 5 Pro Middle panel","Already imported (--resume)"
2074,"","realme-3-pro-middil-panel","Realme 3 Pro Middle panel","Already imported (--resume)"
2073,"","oppo-a5s-middil-panel","OPPO A5S Middle panel","Already imported (--resume)"
2072,"","oppo-f3-middil-panel","OPPO F3 Middle panel","Already imported (--resume)"
2071,"","mi-go-middil-panel","MI GO Middle panel","Already imported (--resume)"
2069,"","mi-note-10-middil-panel","MI Note 10 4G Middle panel","Already imported (--resume)"
2053,"","mi-9-prime-middil-panel","MI 9 Prime Middil panel","Already imported (--resume)"
2051,"","mi-note-10-pro-middil-panel","MI Note 10 pro Middle panel","Already imported (--resume)"
2041,"","infinix-hot-8-back-panel","For Infinix Hot 8 Back Panel","Already imported (--resume)"
2040,"","honer-8-lite-back-panel","For Honer 8 Lite Back Panel","Already imported (--resume)"
2039,"","infinix-hot-8-play-back-panel","For Infinix Hot 10 Play Back Panel","Already imported (--resume)"
2038,"","nokia-5-1-back-panel","For Nokia 5.1+ Back Panel","Already imported (--resume)"
2035,"","vivo-y21-2020-back-panel","For Vivo Y21 (2020) Back Panel","Already imported (--resume)"
2034,"","vivo-v15-back-panel","For Vivo V15 Back Panel","Already imported (--resume)"
2028,"","vivo-s1-back-panel","For Vivo S1  Back panel","Already imported (--resume)"
2027,"","vivo-y83-pro","For Vivo Y83 pro  Back panel","Already imported (--resume)"
2026,"","vivo-y20-back-panel","For Vivo Y20  Back panel","Already imported (--resume)"
2024,"","vivo-y91i-back-panel","For Vivo Y91i Back Panel","Already imported (--resume)"
2016,"","realme-7i-back-panel","For Realme 7i Back Panel","Already imported (--resume)"
2015,"","oppo-f7-back-panel","For Oppo F7 Back Panel","Already imported (--resume)"
2014,"","realme-c3-back-panel","For Realme C3 Back Panel","Already imported (--resume)"
2013,"","realme-c12-back-panel","For Realme C12 Back Panel","Already imported (--resume)"
2003,"","oppo-a5s-back-panel","For Oppo A5s Back Panel","Already imported (--resume)"
2002,"","realme-2-pro-back-panel","For Realme 2 Pro Back Panel","Already imported (--resume)"
2001,"","mi-note-4-back-panel","For Mi Note 4 Back Panel","Already imported (--resume)"
2000,"","mi-a3-back-panel","For Mi A3 Back Panel","Already imported (--resume)"
1999,"","mi-note-6-pro-back-panel","For Mi Note 6 pro Back Panel","Already imported (--resume)"
1998,"","mi-7-back-panel","For Mi 7 Back Panel","Already imported (--resume)"
1997,"","mi-8-back-panel","For Mi 8 Back Panel","Already imported (--resume)"
1996,"","mi-8a-dual-back-panel","For Mi 8A Dual Back Panel","Already imported (--resume)"
1995,"","mi-y1-back-panel","For Mi Y1 Back Panel","Already imported (--resume)"
1994,"","mi-note-9-back-panel","For Mi Note 9 Back Panel","Already imported (--resume)"
1577,"","mi-note-6-pro-oca-touch-glass","Mi NOTE 6 Pro OCA Touch glass","Already imported (--resume)"
1579,"","vivo-v11-pro-oca-touch-glass","Vivo V11 Pro OCA Touch glass","Already imported (--resume)"
1582,"","samsung-a10s-oca-touch-glass","Samsung A10s OCA Touch glass","Already imported (--resume)"
1587,"","vivo-y71-oca-touch-glass","Vivo Y71 Oca Touch Glass","Already imported (--resume)"
1560,"","vivo-v9-oca-touch-glass","Vivo V9 Oca Touch Glass","Already imported (--resume)"
1491,"","infinix-hot-8-oca-touch-glass","Infinix Hot 8 Oca Touch Glass","Already imported (--resume)"
1479,"","moto-one-power-oca-touch-glass","Moto One Power Oca Touch Glass","Already imported (--resume)"
1477,"","vivo-y53-midil-panel","Vivo Y53 Middle panel","Already imported (--resume)"
1476,"","vivo-y71-midil-panel","Vivo Y71 Middle panel","Already imported (--resume)"
1475,"","vivo-y81-midil-panel","Vivo Y81 Middle panel","Already imported (--resume)"
1474,"","vivo-y83-midil-panel","Vivo Y83 Middle panel","Already imported (--resume)"
1473,"","vivo-y91-midil-panel","Vivo Y91 Midil panel","Already imported (--resume)"
1472,"","realme-c12-midil-panel","Realme C12 Middle panel","Already imported (--resume)"
1471,"","realme-c15-midil-panel","Realme C15 Middle panel","Already imported (--resume)"
1470,"","realme-c2-midil-panel","Realme C2 Midil panel","Already imported (--resume)"
1469,"","realme-c20-midil-panel","Realme C20 Middle panel","Already imported (--resume)"
1468,"","tecno-spark-6-air-midil-panel","Tecno Spark 6 Air Middle panel","Already imported (--resume)"
1467,"","vivo-v11-midil-panel","Vivo V11 Middle panel","Already imported (--resume)"
1466,"","vivo-v11-pro-midil-panel","Vivo V11 Pro Middle panel","Already imported (--resume)"
1465,"","vivo-v5-midil-panel","Vivo V5 Middle panel","Already imported (--resume)"
1464,"","vivo-v9-midil-panel","Vivo V9 Midil panel","Already imported (--resume)"
1463,"","mi-y1-midil-panel","Mi Y1 Middle panel","Already imported (--resume)"
1462,"","vivo-y12-midil-panel","Vivo Y12 Midil panel","Already imported (--resume)"
1461,"","vivo-y19-midil-panel","Vivo Y19 Middle panel","Already imported (--resume)"
1460,"","mi-y2-midil-panel","Mi Y2 Middle panel","Already imported (--resume)"
1459,"","vivo-y20-midil-panel","Vivo Y20 Middle panel","Already imported (--resume)"
1458,"","vivo-y51-midil-panel","Vivo Y51 Middle panel","Already imported (--resume)"
1457,"","mi-9a-midil-panel","Mi 9A Middle panel","Already imported (--resume)"
1456,"","mi-a1-midil-panel","Mi A1 Middle panel","Already imported (--resume)"
1455,"","mi-note-3-midil-panel","Mi Note 3 Middle panel","Already imported (--resume)"
1454,"","mi-note-4-midil-panel","Mi Note 4 Middle panel","Already imported (--resume)"
1453,"","mi-note-5-midil-panel","Mi Note 5 Middle panel","Already imported (--resume)"
1452,"","mi-note-5-pro-midil-panel","Mi Note 5 Pro Middle panel","Already imported (--resume)"
1451,"","mi-note-6-pro-midil-panel","Mi Note 6 Pro Middle panel","Already imported (--resume)"
1450,"","mi-note-7-midil-panel","Mi Note 7 Middle panel","Already imported (--resume)"
1449,"","realme-2-midil-panel","Realme 2 Middle panel","Already imported (--resume)"
1448,"","realme-2-pro-midil-panel","Realme 2 Pro Middle panel","Already imported (--resume)"
1447,"","realme-3-midil-panel","Realme 3 Middle panel","Already imported (--resume)"
1446,"","realme-5-midil-panel","Realme 5 Middle panel","Already imported (--resume)"
1445,"","realme-6-midil-panel","Realme 6 Midil panel","Already imported (--resume)"
1442,"","realme-c11-midil-panel","Realme C11 Middle panel","Already imported (--resume)"
1368,"","mi-8a-midil-panel","Mi 8A Middle panel","Already imported (--resume)"
1369,"","mi-7a-midil-panel","Mi 7A Middle panel","Already imported (--resume)"
1371,"","infinix-hot-8-midil-panel","Infinix Hot 8 Middle panel","Already imported (--resume)"
1372,"","oppo-a83-midil-panel","Oppo A83 Middle panel","Already imported (--resume)"
1373,"","oppo-a71-midil-panel","Oppo A71 Middle panel","Already imported (--resume)"
1374,"","oppo-a57-midil-panel","Oppo A57 Middle panel","Already imported (--resume)"
1375,"","oppo-a3s-midil-panel","Oppo A3S Middle panel","Already imported (--resume)"
1376,"","oppo-a37-midil-panel","Oppo A37 Middle panel","Already imported (--resume)"
1377,"","samsung-a10-midil-panel","Samsung A10 Middle panel","Already imported (--resume)"
1378,"","mi-6a-midil-panel","Mi 6A Middle panel","Already imported (--resume)"
1379,"","mi-5a-midil-panel","Mi 5A Middle panel","Already imported (--resume)"
1380,"","mi-4x-midil-panel","Mi 4X Middle panel","Already imported (--resume)"
1381,"","mi-4a-midil-panel","Mi 4A Middle panel","Already imported (--resume)"
1382,"","mi-3s-prime-midil-panel","Mi 3s Prime Middle panel","Already imported (--resume)"
1367,"","realme-c2-charging-flex-orignal","Realme C2 Charging Flex Orignal","Already imported (--resume)"
1365,"","mi-4x-charging-flex-orignal","Mi 4X Charging Flex Orignal","Already imported (--resume)"
1364,"","mi-note-3-charging-flex-orignal","Mi Note 3 Charging Flex Orignal","Already imported (--resume)"
1363,"","infinix-hot-9-orignal-charging-flex","Infinix Hot 9 Orignal Charging Flex","Already imported (--resume)"
1362,"","tecno-ke5-orignal-charging-flex","Tecno KE5 Orignal Charging Flex","Already imported (--resume)"
1361,"","infinix-hot-8-orignal-charging-flex","Infinix Hot 8 Orignal Charging Flex","Already imported (--resume)"
1360,"","mi-note-4-orignal-charging-flex","Mi Note 4 Orignal Charging Flex","Already imported (--resume)"
1359,"","tecno-6-air-orignal-charging-flex","Tecno 6 Air Orignal Charging Flex","Already imported (--resume)"
1349,"","samsung-a20-charging-flex-orignal","Samsung A20 Charging Flex Orignal","Already imported (--resume)"
1350,"","samsung-a50s-charging-flex-orignal","Samsung A50S Charging Flex Orignal","Already imported (--resume)"
1351,"","samsung-m20-charging-flex-orignal","Samsung M20 Charging Flex Orignal","Already imported (--resume)"
1352,"","vivo-y91-y95-charging-flex-orignal","Vivo Y91 Charging Flex Orignal","Already imported (--resume)"
1353,"","vivo-y83-charging-flex-orignal","Vivo Y83 Charging Flex Orignal","Already imported (--resume)"
1354,"","samsung-a20s-charging-flex-orignal","Samsung A20s (M12) Charging Flex Orignal","Already imported (--resume)"
1355,"","mi-note-5-pro-charging-flex-orignal","Mi Note 5 Pro Charging Flex Orignal","Already imported (--resume)"
1356,"","mi-a1-charging-flex-orignal","Mi A1 Charging Flex Orignal","Already imported (--resume)"
1357,"","samsung-a01-charging-flex-orignal","Samsung A01 Charging Flex Orignal","Already imported (--resume)"
1358,"","mi-note-7-pro-charging-flex-orignal","Mi Note 7 Pro Charging Flex Orignal","Already imported (--resume)"
1333,"","oppo-a71-back-panel","For Oppo A71 Back Panel","Already imported (--resume)"
1334,"","oppo-a83-back-panel","For Oppo A83 Back Panel","Already imported (--resume)"
1335,"","oppo-a57-back-panel","For Oppo A57 Back Panel","Already imported (--resume)"
1336,"","mi-note-8-back-panel-2","For Mi Note 8 Back Panel","Already imported (--resume)"
1337,"","realme-xt-back-panel","For Realme XT Back Panel","Already imported (--resume)"
1338,"","mi-note-9-pro-back-panel","For Mi Note 9 Pro Back Panel","Already imported (--resume)"
1339,"","mi-note-8-pro-back-panel","For Mi Note 8 Pro Back Panel","Already imported (--resume)"
1340,"","vivo-y51-full-body","For Vivo Y51 Full Body","Already imported (--resume)"
1341,"","vivo-y81-back-panel","For Vivo Y81 Back Panel","Already imported (--resume)"
1342,"","vivo-y83-back-panel","For Vivo Y83 Back Panel","Already imported (--resume)"
1343,"","oppo-a3s-back-panel","For Oppo A3s Back Panel","Already imported (--resume)"
1344,"","mi-5-back-panel","For Mi 5 Back Panel","Already imported (--resume)"
1345,"","mi-6-pro-back-panel","For Mi 6 Pro Back Panel","Already imported (--resume)"
1346,"","mi-7a-back-panel","For Mi 7A Back Panel","Already imported (--resume)"
1312,"","vivo-y95-back-panel","For Vivo Y95 Back Panel","Already imported (--resume)"
1313,"","vivo-y91-back-panel","For Vivo Y91 Back Panel","Already imported (--resume)"
1314,"","mi-4a-back-panel","For Mi 4A Back Panel","Already imported (--resume)"
1315,"","vivo-y66-back-panel","For Vivo Y66 Back Panel","Already imported (--resume)"
1316,"","vivo-y69-back-panel","For Vivo Y69 Back Panel","Already imported (--resume)"
1317,"","vivo-y55-back-panel","For Vivo Y55 Back panel","Already imported (--resume)"
1318,"","vivo-y53-back-panel","For Vivo Y53 Back panel","Already imported (--resume)"
1320,"","vivo-y12-back-panel","For Vivo Y12 Back panel","Already imported (--resume)"
1321,"","vivo-y21-back-panel","For Vivo Y21 Back panel","Already imported (--resume)"
1322,"","vivo-v5-back-panel","For Vivo V5 Back panel","Already imported (--resume)"
1323,"","realme-5-back-panel","For Realme 5 Back panel","Already imported (--resume)"
1324,"","realme-c2-back-panel","For Realme C2 Back panel","Already imported (--resume)"
1325,"","realme-c15-back-panel","For Realme C15 Back panel","Already imported (--resume)"
1326,"","realme-c11-back-panel","For Realme C11 Back panel","Already imported (--resume)"
1327,"","realme-3-back-panel","For Realme 3 Back panel","Already imported (--resume)"
1328,"","realme-2-back-panel","For Realme 2 Back panel","Already imported (--resume)"
1329,"","oppo-a37-back-panel","For Oppo A37 Back panel","Already imported (--resume)"
1237,"","mi-y2-back-panel","For Mi Y2 Back panel","Already imported (--resume)"
1234,"","mi-note-5-pro-back-panel","For Mi Note 5 Pro Back panel","Already imported (--resume)"
1235,"","mi-note-5-back-panel","For Mi Note 5 Back panel","Already imported (--resume)"
1236,"","nokia-6-1-back-panel","For Nokia 6.1+ Back panel","Already imported (--resume)"
1239,"","mi-note-7-back-panel","For Mi Note 7 Back panel","Already imported (--resume)"
1240,"","mi-9a-back-panel","For Mi 9A Back panel","Already imported (--resume)"
1241,"","mi-4x-back-panel","For Mi 4X Back panel","Already imported (--resume)"
1242,"","honor-9n-back-panel","For Honor 9N Back panel","Already imported (--resume)"
1243,"","honor-9-lite-back-panel","For Honor 9 Lite Back panel","Already imported (--resume)"
1244,"","honor-10-lite-back-panel","For Honor 10 Lite Back panel","Already imported (--resume)"
1245,"","oppo-a1k-back-panel","For Oppo A1K Back panel","Already imported (--resume)"
1246,"","mi-8a-back-panel","For Mi 8A Back panel","Already imported (--resume)"
1247,"","mi-6a-back-panel","For Mi 6A Back panel","Already imported (--resume)"
1248,"","mi-5a-back-panel","For Mi 5A Back panel","Already imported (--resume)"
1206,"","mi-9a-charging-flex-orignal","Mi 9A Charging Flex Orignal","Already imported (--resume)"
1207,"","mi-9-power-charging-flex-orignal","Mi 9 POWER Charging Flex Orignal","Already imported (--resume)"
1208,"","realme-xt-charging-flex-orignal","Realme XT Charging Flex Orignal","Already imported (--resume)"
1209,"","vivo-y53-charging-flex-orignal","Vivo Y53 Charging Flex Orignal","Already imported (--resume)"
1210,"","samsung-a30-charging-flex-orignal","Samsung A30 Charging Flex Orignal","Already imported (--resume)"
1211,"","vivo-y55-charging-flex-orignal","Vivo Y55 Charging Flex Orignal","Already imported (--resume)"
1212,"","vivo-y11-charging-flex-orignal","Vivo Y11 Charging Flex Orignal","Already imported (--resume)"
1213,"","vivo-y12-charging-flex-orignal","Vivo Y12 Charging Flex Orignal","Already imported (--resume)"
1214,"","vivo-v5-charging-flex-orignal","Vivo V5 Charging Flex Orignal","Already imported (--resume)"
1215,"","mi-4a-charging-flex-orignal","Mi 4A Charging Flex Orignal","Already imported (--resume)"
1216,"","mi-y1-charging-flex-orignal","Mi Y1 Charging Flex Orignal","Already imported (--resume)"
1217,"","mi-6-pro-charging-flex-orignal","Mi 6 PRO Charging Flex Orignal","Already imported (--resume)"
1218,"","samsung-m30-charging-flex-orignal","Samsung M30 Charging Flex Orignal","Already imported (--resume)"
1219,"","samsung-a50-charging-flex-orignal","Samsung A50 Charging Flex Orignal","Already imported (--resume)"
1200,"","oca-matchine","OCA Matchine","Already imported (--resume)"
1198,"","realme-5-on-off-flex","Realme 5 on/off Flex","Already imported (--resume)"
1197,"","mi-note-4-on-off-flex","Mi Note 4 on/off Flex","Already imported (--resume)"
1196,"","vivk-y55-on-off-flex","Vivo Y55 on/off Flex","Already imported (--resume)"
1195,"","mi-go-on-off-flex","Mi Go on/off Flex","Already imported (--resume)"
1194,"","oppo-a3s-on-off-flex","Oppo A3S on/off Flex","Already imported (--resume)"
1193,"","samsung-a50-on-off-flex","Samsung A50 on/off Flex","Already imported (--resume)"
1192,"","nokia-5-1-on-off-flex","Nokia 5.1+ on/off Flex","Already imported (--resume)"
1191,"","mi-y1-on-off-flex","Mi Y1 on/off Flex","Already imported (--resume)"
1190,"","realme-5-pro-on-off-flex","Realme 5 pro on/off Flex","Already imported (--resume)"
1189,"","mi-y3-on-off-flex","Mi Y3 on/off Flex","Already imported (--resume)"
1188,"","oppo-a1k-on-off-flex-2","Vivo Y91 on/off Flex","Already imported (--resume)"
1138,"","oppo-a1k-on-off-flex","Oppo A1k on/off Flex","Already imported (--resume)"
1139,"","vivo-y12-on-off-flex","Vivo Y12 on/off Flex","Already imported (--resume)"
1140,"","mi-note-5-on-off-flex","Mi Note 5 on/off Flex","Already imported (--resume)"
1141,"","lenovo-a7000-on-off-flex","Lenovo A7000 on/off Flex","Already imported (--resume)"
1142,"","vivo-y21l-on-off-flex","Vivo Y21L on/off Flex","Already imported (--resume)"
1143,"","vivo-y53-on-off-flex","Vivo Y53 on/off Flex","Already imported (--resume)"
1144,"","nokia-6-1-on-off-flex","Nokia 6.1+ on/off Flex","Already imported (--resume)"
1145,"","nokia-5-on-off-flex","Nokia 5 on/off Flex","Already imported (--resume)"
1146,"","mi-8a-on-off-flex","Mi 8A on/off Flex","Already imported (--resume)"
1147,"","vivo-v5-on-off-flex","Vivo V5 on/off Flex","Already imported (--resume)"
1148,"","vivo-y81-on-off-flex","Vivo Y81 on/off Flex","Already imported (--resume)"
1149,"","oppo-a71-on-off-flex","Oppo A71 on/off Flex","Already imported (--resume)"
1150,"","vivo-y51-on-off-flex","Vivo Y51 on/off Flex","Already imported (--resume)"
1126,"","vivo-universol-ringer","Vivo universal Ringer","Already imported (--resume)"
1127,"","mi-4a-ringer","Mi 4A Ringer","Already imported (--resume)"
1128,"","mi-5a-ringer","MI 5A Ringer","Already imported (--resume)"
1129,"","jio-ringer","Jio F90 Ringer","Already imported (--resume)"
1130,"","samsung-1200-ringer","Samsung 1200 Ringer","Already imported (--resume)"
1131,"","nokia-105-ringer","Nokia 105 Ringer","Already imported (--resume)"
1132,"","nokia-3110-ringer","Nokia 3110 Ringer","Already imported (--resume)"
1133,"","vivo-y12-ringer-set","Vivo Y12 Ringer set","Already imported (--resume)"
1134,"","vivo-y91-ringer-set","Vivo Y91 Ringer set","Already imported (--resume)"
1135,"","vivo-y81-ringer-set","Vivo Y81 Ringer set","Already imported (--resume)"
1136,"","vivo-y71-ringer-set","Vivo Y71 Ringer set","Already imported (--resume)"
1114,"","vivo-y55ringer-set","Vivo Y55Ringer set","Already imported (--resume)"
1115,"","vivo-y53-ringer-set","Vivo Y53 Ringer set","Already imported (--resume)"
1116,"","vivo-y51-ringer-set","Vivo Y51 Ringer set","Already imported (--resume)"
1117,"","vivo-y20-ringer-set","Vivo Y20 Ringer set","Already imported (--resume)"
1118,"","realme-c2-ringer-set","Realme C2 Ringer set","Already imported (--resume)"
1119,"","oppo-a5s-ringer-set","Oppo A5S Ringer set","Already imported (--resume)"
1120,"","oppo-a37-ringer-set","Oppo A37 Ringer set","Already imported (--resume)"
1121,"","oppo-a33-ringer-set","Oppo A33 Ringer set","Already imported (--resume)"
1122,"","nokia-6-1-ringer-set","Nokia 6.1+ Ringer set","Already imported (--resume)"
1123,"","nokia-5-1-ringer-set","Nokia 5.1+ Ringer set","Already imported (--resume)"
1124,"","mi-y1-ringer-set","Mi y1 Ringer set","Already imported (--resume)"
1125,"","mi-note-7-ringer-set","Mi Note 7 Ringer set","Already imported (--resume)"
1071,"","mi-note-6-ringer-set","Mi Note 6 Ringer set","Already imported (--resume)"
1076,"","mi-note-5-ringer-set","Mi Note 5 Ringer set","Already imported (--resume)"
1075,"","mi-note-4-ringer-set","Mi Note 4 Ringer set","Already imported (--resume)"
1070,"","mi-a1-ringer-set","Mi A1 Ringer set","Already imported (--resume)"
1069,"","mi-9-prime-ringer-set","Mi 9 Prime Ringer set","Already imported (--resume)"
1068,"","mi-9-power-ringer-set","Mi 9 Power Ringer set","Already imported (--resume)"
1074,"","mi-8a-ringer-set","Mi 8A Ringer set","Already imported (--resume)"
1073,"","mi-7a-ringer-set","Mi 7A Ringer set","Already imported (--resume)"
1072,"","mi-6a-ringer-set","Mi 6A Ringer set","Already imported (--resume)"
1067,"","mi-5a-ringer-set","Mi 5A Ringer set","Already imported (--resume)"
1066,"","mi-4x-ringer-set","Mi 4x Ringer set","Already imported (--resume)"
1065,"","oppo-a33-2020-ringer-set","Oppo A33 2020 Ringer set","Already imported (--resume)"
1038,"","oppo-a33-on-off-flex","Oppo A33 on/off Flex","Already imported (--resume)"
1039,"","vivo-y83-on-off-flex","Vivo Y83 on/off Flex","Already imported (--resume)"
1040,"","samsung-j7-max-on-off-flex","Samsung J7 max on/off Flex","Already imported (--resume)"
1041,"","mi-y2-on-off-flex","Mi Y2 on/off Flex","Already imported (--resume)"
1042,"","oppo-a37-on-off-flex","Oppo A37 on/off Flex","Already imported (--resume)"
1043,"","realme-3-on-off-flex","Realme 3 / Realme 3 pro on/off Flex","Already imported (--resume)"
1044,"","mi-5-on-off-flex","Mi 5 on/off Flex","Already imported (--resume)"
1046,"","vivo-y71-on-off-flex","Vivo Y71 on/off Flex","Already imported (--resume)"
1047,"","mi-a1-on-off-flex","Mi A1 on/off Flex","Already imported (--resume)"
1048,"","mi-6a-on-off-flex","Mi 6a on/off Flex","Already imported (--resume)"
1049,"","mi-note-3-side-flex","Mi Note 3 on off flex","Already imported (--resume)"
1050,"","mi-5a-side-flex","Mi 5A on off flex","Already imported (--resume)"
1051,"","lenovo-a6000-side-flex","Lenovo A6000 on off flex","Already imported (--resume)"
1033,"","jio-4-pin-mic","Jio 4 pin mic","Already imported (--resume)"
1032,"","samsung-j2-mic","Samsung j2 mic","Already imported (--resume)"
1031,"","jio-5-pin-mic","jio 5 pin mic","Already imported (--resume)"
1030,"","universol-mic","universol mic","Already imported (--resume)"
1015,"","vivo-y51-2020-main-flex","Vivo Y51 (2020) Main Flex","Already imported (--resume)"
1016,"","oppo-a15-main-flex","OPPO A15 Main Flex","Already imported (--resume)"
1017,"","realme-c1-main-flex","Realme c1 Main Flex","Already imported (--resume)"
1018,"","realme-7i-main-flex","Realme 7I Main Flex","Already imported (--resume)"
1019,"","oppo-a5-2020-main-flex","OPPO A5 (2020) Main Flex","Already imported (--resume)"
1020,"","vivo-y12-y15-main-flex","Vivo Y12/Y15 Main Flex","Already imported (--resume)"
1021,"","oppo-a54-main-flex","OPPO A54 Main Flex","Already imported (--resume)"
1022,"","realme-c11-main-flex","Realme C11 Main Flex","Already imported (--resume)"
1023,"","realme-8-main-flex","Realme 8 (4g) Main Flex","Already imported (--resume)"
1024,"","oppo-a52-main-flex","OPPO A52 Main Flex","Already imported (--resume)"
1025,"","realme-c2-main-flex","Realme C2 Main Flex","Already imported (--resume)"
1026,"","realme-c25-main-flex","Realme C25 Main Flex","Already imported (--resume)"
1027,"","vivo-v11-main-flex","Vivo V11 Main Flex","Already imported (--resume)"
1028,"","oppo-a31-2020-main-flex","OPPO A31 (2020) Main Flex","Already imported (--resume)"
1029,"","realme-xt-main-flex","Realme XT Main Flex","Already imported (--resume)"
1014,"","oppo-f3-main-flex","OPPO F3 Main Flex","Already imported (--resume)"
1013,"","oppo-a5s-main-flex","OPPO A5S Main Flex","Already imported (--resume)"
1011,"","realme-5-main-flex","Realme 5 Main Flex","Already imported (--resume)"
1010,"","mi-note-5-main-flex","Mi Note 5 Main Flex","Already imported (--resume)"
1009,"","realme-3-main-flex","Realme 3 Main Flex","Already imported (--resume)"
1008,"","vivo-v5-main-flex","Vivo V5 Main Flex","Already imported (--resume)"
1007,"","vivo-y69-main-flex","Vivo Y69 Main Flex","Already imported (--resume)"
1006,"","mi-note-4-main-flex","Mi Note 4 Main Flex","Already imported (--resume)"
1005,"","vivo-y91-y95-main-flex","Vivo Y91/Y95 Main Flex","Already imported (--resume)"
1003,"","realme-3-pro-main-flex","Realme 3 Pro Main Flex","Already imported (--resume)"
1002,"","vivo-y81-y83-main-flex","Vivo Y81/Y83 Main Flex","Already imported (--resume)"
1001,"","vivo-y20-main-flex","Vivo Y20 Main Flex","Already imported (--resume)"
1000,"","vivo-y21-2020-main-flex","Vivo Y21 (2020) Main Flex","Already imported (--resume)"
993,"","samsung-m20-main-flex","Samsung M20 Main Flex","Already imported (--resume)"
984,"","mi-4a-main-flex","Mi 4A Main Flex","Already imported (--resume)"
985,"","samsung-a50s-main-flex","Samsung A50S Main Flex","Already imported (--resume)"
986,"","mi-9-prime-main-flex","Mi 9 Prime Main Flex","Already imported (--resume)"
987,"","mi-note-5-pro-main-flex","Mi Note 5 Pro Main Flex","Already imported (--resume)"
988,"","mi-a3-main-flex","Mi A3 Main Flex","Already imported (--resume)"
989,"","mi-6a-main-flex","Mi 6A Main Flex","Already imported (--resume)"
990,"","mi-note-7-main-flex","Mi Note 7 Main Flex","Already imported (--resume)"
991,"","mi-a1-main-flex","Mi A1 Main Flex","Already imported (--resume)"
992,"","redme-7-y3-main-flex","Redme 7 / Y3 Main Flex","Already imported (--resume)"
994,"","samsung-a20-main-flex","Samsung A20 Main Flex","Already imported (--resume)"
995,"","mi-3s-prime-main-flex","Mi 3S Prime Main Flex","Already imported (--resume)"
996,"","samsung-a30-main-flex","Samsung A30 Main Flex","Already imported (--resume)"
997,"","samsung-a10s-main-flex","Samsung A10S Main Flex","Already imported (--resume)"
999,"","mi-note-9-main-flex","Mi Note 9 Main Flex","Already imported (--resume)"
908,"","samsung-m30-main-flex","Samsung M30 Main Flex","Already imported (--resume)"
909,"","mi-5a-main-flex","Mi 5A Main Flex","Already imported (--resume)"
910,"","mi-y2-main-flex","Mi Y2 Main Flex","Already imported (--resume)"
911,"","mi-4x-main-flex","Mi 4X Main Flex","Already imported (--resume)"
912,"","samsung-m30s-main-flex","Samsung M30S Main Flex","Already imported (--resume)"
913,"","samsung-a20s-main-flex","Samsung A20S Main Flex","Already imported (--resume)"
914,"","mi-9-main-flex","Mi 9 Main Flex","Already imported (--resume)"
915,"","samsung-a50-main-flex","Samsung A50 Main Flex","Already imported (--resume)"
916,"","mi-a2-main-flex","Mi A2 Main Flex","Already imported (--resume)"
917,"","mi-5-main-flex","Mi 5 Main Flex","Already imported (--resume)"
918,"","samsung-a31-main-flex","Samsung A31 Main Flex","Already imported (--resume)"
919,"","samsung-m31-main-flex","Samsung M31 Main Flex","Already imported (--resume)"
920,"","samsung-m10-main-flex","Samsung M10 Main Flex","Already imported (--resume)"
921,"","redmi-10-main-flex","Redmi 10 Main Flex","Already imported (--resume)"
922,"","mi-note-6-pro-main-flex","Mi Note 6 Pro Main Flex","Already imported (--resume)"
907,"","realme-c2-sim-holder","Realme C2 Sim Holder","Already imported (--resume)"
906,"","realme-3-sim-holder","Realme 3 Sim Holder","Already imported (--resume)"
905,"","vivo-y12-sim-holder","Vivo Y12 Sim Holder","Already imported (--resume)"
904,"","mi-4x-sim-holder","Mi 4x Sim Holder","Already imported (--resume)"
903,"","vivo-y53-sim-holder","Vivo Y53 Sim Holder","Already imported (--resume)"
902,"","vivo-y71-sim-holder","Vivo Y71 Sim Holder","Already imported (--resume)"
901,"","vivo-y20-sim-holder","Vivo Y20 Sim Holder","Already imported (--resume)"
898,"","samsung-a30-sim-holder","Samsung A30 Sim Holder","Already imported (--resume)"
897,"","oppo-a12-sim-holder","Oppo A12 Sim Holder","Already imported (--resume)"
896,"","realme-5-sim-holder","Realme 5 Sim Holder","Already imported (--resume)"
895,"","samsung-m20-sim-holder","Samsung M20 Sim Holder","Already imported (--resume)"
894,"","vivo-y91-sim-holder","Vivo Y91 Sim Holder","Already imported (--resume)"
893,"","vivo-y83-sim-holder","Vivo Y83 Sim Holder","Already imported (--resume)"
892,"","realme-c25-sim-holder","Realme C25 Sim Holder","Already imported (--resume)"
875,"","mi-y2-sim-holder","Mi Y2 Sim Holder","Already imported (--resume)"
876,"","mi-6a-sim-holder","Mi 6A Sim Holder","Already imported (--resume)"
879,"","oppo-a83-sim-holder","Oppo A83 Sim Holder","Already imported (--resume)"
880,"","mi-5-sim-holder","Mi 5 Sim Holder","Already imported (--resume)"
881,"","oppo-a57-sim-holder","Oppo A57 Sim Holder","Already imported (--resume)"
882,"","vivo-y30-sim-holder","Vivo Y30 Sim Holder","Already imported (--resume)"
883,"","mi-8a-sim-holder","Mi 8A Sim Holder","Already imported (--resume)"
884,"","realme-3-pro-sim-holder","Realme 3 Pro Sim Holder","Already imported (--resume)"
885,"","mi-5a-sim-holder","Mi 5A Sim Holder","Already imported (--resume)"
886,"","mi-note-5-sim-holder","Mi Note 5 Sim Holder","Already imported (--resume)"
887,"","mi-9a-sim-holder","Mi 9A Sim Holder","Already imported (--resume)"
888,"","realme-c11-sim-holder","Realme C11 Sim Holder","Already imported (--resume)"
889,"","mi-7-y3-sim-holder","Mi 7 / Y3 Sim Holder","Already imported (--resume)"
846,"","mi-note-9-pro-sim-holder","Mi Note 9 Pro Sim Holder","Already imported (--resume)"
817,"","wtr-2965-ic","WTR 2965 IC","Already imported (--resume)"
811,"","vivo-y53-charging-conector","Vivo Y53 Charging Conector","Already imported (--resume)"
810,"","honor-7x-charging-conector","Honor 7X Charging Conector","Already imported (--resume)"
809,"","samsung-m600-charging-conector","Samsung M600 Charging Conector","Already imported (--resume)"
808,"","mi-6a-charging-conector","Mi 6A Charging Conector","Already imported (--resume)"
807,"","vivo-v5-charging-conector","Vivo V5 Charging Conector","Already imported (--resume)"
806,"","oppo-a1k-charging-conector","Oppo A1k Charging Conector","Already imported (--resume)"
805,"","realme-2-charging-conector","Realme 2 Charging Conector","Already imported (--resume)"
804,"","samsung-a20-charging-conector","Samsung A20 16 Pin Charging Conector","Already imported (--resume)"
803,"","oppo-a3s-charging-conector","Oppo A3S Charging Conector","Already imported (--resume)"
802,"","nokia-6-1-charging-conector","Nokia 6.1+ Charging Conector","Already imported (--resume)"
801,"","mi-note-7-charging-conector","Mi note 7 Charging Conector","Already imported (--resume)"
800,"","a110-charging-conector","A110 Charging conector","Already imported (--resume)"
775,"","t2-mini-charging-conector","T2 Mini Charging Conector","Already imported (--resume)"
774,"","k9-mini-charging-conector","K9 Mini Charging Conector","Already imported (--resume)"
773,"","nokia-105-charging-conector","Nokia 105 Charging Conector","Already imported (--resume)"
772,"","lava-z60-charging-conector","Lava Z60 Charging Conector","Already imported (--resume)"
771,"","2305-charging-conector","2305 Charging Conector","Already imported (--resume)"
770,"","mi-5a-charging-conector","MI 5A Charging Conector","Already imported (--resume)"
769,"","a850-charging-conector","A850 Charging Conector","Already imported (--resume)"
768,"","vivo-y91-charging-conector","Vivo Y91 Charging Conector","Already imported (--resume)"
767,"","samsung-j1-charging-conector","Samsung J1 Charging Conector","Already imported (--resume)"
766,"","samsung-b310-charging-conector","Samsung B310 Charging Conector","Already imported (--resume)"
765,"","samsung-j2-charging-conector","Samsung J2 Charging Conector","Already imported (--resume)"
764,"","mi-y1-charging-conector","Mi Y1 Charging Conector","Already imported (--resume)"
732,"","vivo-y55-touch","Vivo Y55 Touch","Already imported (--resume)"
731,"","vivo-y66-touch","Vivo Y66 Touch","Already imported (--resume)"
730,"","vivo-y69-touch","Vivo Y69 Touch","Already imported (--resume)"
717,"","vivo-y53-touch","Vivo Y53 Touch","Already imported (--resume)"
719,"","vivo-y51-touch","Vivo Y51 Touch","Already imported (--resume)"
696,"","vivo-v5-touch","Vivo V5 Touch","Already imported (--resume)"
698,"","tecno-kc-1-touch","Tecno KC 1 Touch","Already imported (--resume)"
699,"","tecno-in-1-touch","Tecno In 1 Touch","Already imported (--resume)"
700,"","tecno-in-2-touch","Tecno In 2 Touch","Already imported (--resume)"
702,"","samsung-on-5-touch","Samsung On 5 Touch","Already imported (--resume)"
704,"","samsung-j8-touch","Samsung J8 Touch","Already imported (--resume)"
705,"","samsung-j710-touch","Samsung J710 Touch","Already imported (--resume)"
706,"","samsung-j7-touch","Samsung J7 Touch","Already imported (--resume)"
707,"","samsung-j7-pro-touch","Samsung J7 pro Touch","Already imported (--resume)"
676,"","samsung-j6-touch","Samsung J6 Touch","Already imported (--resume)"
678,"","samsung-g530-touch","Samsung G530 Touch","Already imported (--resume)"
679,"","samsung-g532-touch","Samsung G532 Touch","Already imported (--resume)"
680,"","samsung-j210-touch","Samsung J210 Touch","Already imported (--resume)"
681,"","samsung-j7-max-touch","Samsung J7 max Touch","Already imported (--resume)"
682,"","oppo-f1s-touch","Oppo F1s Touch","Already imported (--resume)"
683,"","samsung-j2-touch","Samsung J2 Touch","Already imported (--resume)"
686,"","oppo-a57-touch","Oppo A57 Touch","Already imported (--resume)"
687,"","oppo-a37-touch","Oppo A37 Touch","Already imported (--resume)"
688,"","oppo-a33-touch","Oppo A33 Touch","Already imported (--resume)"
663,"","mi-y3-touch","Mi Y3 Touch","Already imported (--resume)"
641,"","mi-note-3-touch","Mi Note 3 Touch","Already imported (--resume)"
639,"","mi-y1-touch","Mi Y1 Touch","Already imported (--resume)"
613,"","mi-5a-touch","Mi 5a Touch","Already imported (--resume)"
614,"","mi-4a-touch","Mi 4a Touch","Already imported (--resume)"
615,"","mi-4i-touch","Mi 4i Touch","Already imported (--resume)"
617,"","mi-3s-prime-touch","Mi 3s Prime Touch","Already imported (--resume)"
620,"","lava-z50-touch","Lava Z50 Touch","Already imported (--resume)"
625,"","itel-a48-touch","Itel A48 Touch","Already imported (--resume)"
467,"","samsung-j250-touch","Samsung J250 Touch","Already imported (--resume)"
471,"","honor-7c-touch","Honor 7c Touch","Already imported (--resume)"
472,"","samsung-j4-touch","Samsung J4 Touch","Already imported (--resume)"
476,"","samsung-on-7-touch","Samsung On 7 Touch","Already imported (--resume)"
478,"","honor-9n-touch","Honor 9N Touch","Already imported (--resume)"
479,"","honor-7a-touch","Honor 7A Touch","Already imported (--resume)"
480,"","honor-9-lite-touch","Honor 9 lite Touch","Already imported (--resume)"
444,"","nokia-6-1-charging-flex-2","Nokia 6.1+ Charging Flex","Already imported (--resume)"
349,"","mi-a3-charging-flex","Mi A3 Charging Flex","Already imported (--resume)"
434,"","nokia-7-charging-flex","Nokia 7 Charging Flex","Already imported (--resume)"
435,"","vivo-y21l-charging-flex","Vivo Y21L Charging Flex","Already imported (--resume)"
436,"","oppo-f1s-charging-flex","Oppo F1S Charging Flex","Already imported (--resume)"
438,"","tecno-hot-9-charging-flex","Tecno HOT 9 Charging Flex","Already imported (--resume)"
439,"","mi-a1-charging-flex","Mi A1 Charging Flex","Already imported (--resume)"
418,"","tecno-kc1-charging-flex","Tecno KC1 Charging Flex","Already imported (--resume)"
419,"","nokia-2-2-charging-flex","Nokia 2.2 Charging Flex","Already imported (--resume)"
423,"","mi-y3-charging-flex","Mi Y3 Charging Flex","Already imported (--resume)"
424,"","vivo-v5-charging-flex","Vivo V5 Charging Flex","Already imported (--resume)"
428,"","nokia-3-1-charging-flex-2","Nokia 3.1 Charging Flex","Already imported (--resume)"
397,"","nokia-5-1-charging-flex-2","Nokia 5.1+ Charging Flex","Already imported (--resume)"
398,"","nokia-3-1-charging-flex","Nokia 3.1+ Charging Flex","Already imported (--resume)"
400,"","nokia-6-charging-flex","Nokia 6 Charging Flex","Already imported (--resume)"
402,"","samsung-a30-charging-flex","Samsung A30 Charging Flex","Already imported (--resume)"
406,"","nokia-2-charging-flex","Nokia 2 Charging Flex","Already imported (--resume)"
408,"","nokia-2-1-charging-flex","Nokia 2.1 Charging Flex","Already imported (--resume)"
409,"","tecno-in-1-charging-flex","Tecno In 1 Charging Flex","Already imported (--resume)"
412,"","honor-7c-charging-flex","Honor 7C Charging Flex","Already imported (--resume)"
370,"","iphone-6s-charging-flex","Iphone 6S Charging Flex","Already imported (--resume)"
371,"","nokia-3-charging-flex","Nokia 3 Charging Flex","Already imported (--resume)"
376,"","nokia-5-1-charging-flex","Nokia 5.1 Charging Flex","Already imported (--resume)"
377,"","honor-7s-charging-flex","Honor 7S Charging Flex","Already imported (--resume)"
379,"","mi-go-charging-flex","Mi Go Charging Flex","Already imported (--resume)"
383,"","oppo-a57-charging-flex","Oppo A57 Charging Flex","Already imported (--resume)"
348,"","itel-vision-1-charging-flex","Itel Vision 1 Charging Flex","Already imported (--resume)"
350,"","oppo-a33-charging-flex","Oppo A33 Charging Flex","Already imported (--resume)"
356,"","realme-5-pro-charging-flex","Realme 5 Pro Charging Flex","Already imported (--resume)"
357,"","oppo-f7-charging-flex","Oppo F7 Charging Flex","Already imported (--resume)"
360,"","oppo-a37-charging-flex","Oppo A37 Charging Flex","Already imported (--resume)"
328,"","oppo-f3-charging-flex","Oppo F3 Charging Flex","Already imported (--resume)"
331,"","realme-2-pro-charging-flex","Realme 2 Pro Charging Flex","Already imported (--resume)"
340,"","vivo-y66-charging-flex","Vivo Y66 Charging Flex","Already imported (--resume)"
318,"","vivo-y55-charging-flex","Vivo Y55 Charging Flex","Already imported (--resume)"
320,"","vivo-y51-charging-flex","Vivo Y51 Charging Flex","Already imported (--resume)"
322,"","vivo-y69-charging-flex","Vivo Y69 Charging Flex","Already imported (--resume)"
324,"","mi-note-3-charging-flex","Mi Note 3 Charging Flex","Already imported (--resume)"
188,"","mi-y1-charging-flex","Mi Y1 Charging Flex","Already imported (--resume)"
190,"","mi-note-4-charging-flex","Mi Note 4 Charging Flex","Already imported (--resume)"
191,"","mi-4x-charging-flex","Mi 4x Charging Flex","Already imported (--resume)"
198,"","mi-6-pro-charging-flex","Mi 6 Pro Charging Flex","Already imported (--resume)"
200,"","mi-4a-charging-flex","Mi 4A Charging Flex","Already imported (--resume)"
170,"","24-pin-big-2-8-size-l-c-d-refresh","24 PIN BIG (2.8 Size) L.C.D.","Already imported (--resume)"
167,"","k9-l-c-d-refresh","For K9 L.C.D","Already imported (--resume)"
166,"","jio-f220-l-c-d-refresh","For Jio F220 L.C.D Fresh","Already imported (--resume)"
164,"","jio-f90-l-c-d-refresh","For Jio F90 L.C.D Refresh","Already imported (--resume)"
163,"","24-pin-universol-2-4-size-l-c-d-refresh","24 PIN Universol (2.4 size) L.C.D","Already imported (--resume)"
162,"","jio-15-pin-l-c-d-refresh","For Jio 15 Pin 2.4 size L.C.D.","Already imported (--resume)"
161,"","itel-16-pin-1-8-size-l-c-d-refresh","For Itel 16 pin (1.8 size) L.C.D.","Already imported (--resume)"
159,"","lava-17-pin-1-8-size-l-c-d-refresh","For Lava 17 pin (1.8 size) L.C.D Refresh","Already imported (--resume)"
156,"","lava-15-pin-l-c-d-refresh","For Lava 15 Pin L.C.D. 1.8 Size","Already imported (--resume)"
142,"","20-pin-universal-1-8","20 PIN UNIVERSAL 1.8 Size","Already imported (--resume)"
128,"","mi-6a-charging-flex","Vivo Y83 Charging Flex","Already imported (--resume)"