source_id,sku,slug,title,category,brand,retail_price,sale_price,stock_qty,image_count,wholesale_tiers
128,"AT-WC-128","mi-6a-charging-flex","Vivo Y83 Charging Flex","Charging Flex","Vivo",55,,50,2,2
142,"AT-WC-142","20-pin-universal-1-8","20 PIN UNIVERSAL 1.8 Size","Keypad LCD","OnePlus",70,,50,2,2
156,"AT-WC-156","lava-15-pin-l-c-d-refresh","For Lava 15 Pin L.C.D. 1.8 Size","Keypad LCD","Lava",70,,50,1,2
159,"AT-WC-159","lava-17-pin-1-8-size-l-c-d-refresh","For Lava 17 pin (1.8 size) L.C.D Refresh","Keypad LCD","Lava",65,,50,1,2
161,"AT-WC-161","itel-16-pin-1-8-size-l-c-d-refresh","For Itel 16 pin (1.8 size) L.C.D.","Keypad LCD","Itel",70,,50,1,2
162,"AT-WC-162","jio-15-pin-l-c-d-refresh","For Jio 15 Pin 2.4 size L.C.D.","Keypad LCD","Unbranded",105,,50,1,2
163,"AT-WC-163","24-pin-universol-2-4-size-l-c-d-refresh","24 PIN Universol (2.4 size) L.C.D","Keypad LCD","Unbranded",100,,50,1,2
164,"AT-WC-164","jio-f90-l-c-d-refresh","For Jio F90 L.C.D Refresh","Keypad LCD","Unbranded",90,,50,1,2
166,"AT-WC-166","jio-f220-l-c-d-refresh","For Jio F220 L.C.D Fresh","Keypad LCD","Unbranded",114,,50,1,2
167,"AT-WC-167","k9-l-c-d-refresh","For K9 L.C.D","Keypad LCD","Unbranded",100,,50,1,2
170,"AT-WC-170","24-pin-big-2-8-size-l-c-d-refresh","24 PIN BIG (2.8 Size) L.C.D.","Keypad LCD","Unbranded",120,,50,1,2
188,"AT-WC-188","mi-y1-charging-flex","Mi Y1 Charging Flex","Charging Flex","Xiaomi",40,,50,1,2
190,"AT-WC-190","mi-note-4-charging-flex","Mi Note 4 Charging Flex","Charging Flex","Xiaomi",45,,50,1,2
191,"AT-WC-191","mi-4x-charging-flex","Mi 4x Charging Flex","Charging Flex","Xiaomi",32,,50,1,2
198,"AT-WC-198","mi-6-pro-charging-flex","Mi 6 Pro Charging Flex","Charging Flex","Xiaomi",60,,50,1,2
200,"AT-WC-200","mi-4a-charging-flex","Mi 4A Charging Flex","Charging Flex","Xiaomi",30,,50,2,2
318,"AT-WC-318","vivo-y55-charging-flex","Vivo Y55 Charging Flex","Charging Flex","Vivo",65,,50,1,2
320,"AT-WC-320","vivo-y51-charging-flex","Vivo Y51 Charging Flex","Charging Flex","Vivo",65,,50,1,2
322,"AT-WC-322","vivo-y69-charging-flex","Vivo Y69 Charging Flex","Charging Flex","Vivo",65,,50,1,2
324,"AT-WC-324","mi-note-3-charging-flex","Mi Note 3 Charging Flex","Charging Flex","Xiaomi",38,,50,1,2
328,"AT-WC-328","oppo-f3-charging-flex","Oppo F3 Charging Flex","Charging Flex","Oppo",60,,50,1,2
331,"AT-WC-331","realme-2-pro-charging-flex","Realme 2 Pro Charging Flex","Charging Flex","Realme",65,,50,1,2
340,"AT-WC-340","vivo-y66-charging-flex","Vivo Y66 Charging Flex","Charging Flex","Vivo",65,,50,1,2
348,"AT-WC-348","itel-vision-1-charging-flex","Itel Vision 1 Charging Flex","Charging Flex","Itel",65,,50,1,2
349,"AT-WC-349","mi-a3-charging-flex","Mi A3 Charging Flex","Charging Flex","Xiaomi",55,,50,1,2
350,"AT-WC-350","oppo-a33-charging-flex","Oppo A33 Charging Flex","Charging Flex","Oppo",75,65,50,1,0
356,"AT-WC-356","realme-5-pro-charging-flex","Realme 5 Pro Charging Flex","Charging Flex","Realme",85,,50,1,2
357,"AT-WC-357","oppo-f7-charging-flex","Oppo F7 Charging Flex","Charging Flex","Oppo",60,,50,1,2
360,"AT-WC-360","oppo-a37-charging-flex","Oppo A37 Charging Flex","Charging Flex","Oppo",65,,50,1,2
370,"AT-WC-370","iphone-6s-charging-flex","Iphone 6S Charging Flex","Charging Flex","Apple",110,,50,1,2
371,"AT-WC-371","nokia-3-charging-flex","Nokia 3 Charging Flex","Charging Flex","Nokia",65,,50,1,2
376,"AT-WC-376","nokia-5-1-charging-flex","Nokia 5.1 Charging Flex","Charging Flex","Nokia",65,,50,1,2
377,"AT-WC-377","honor-7s-charging-flex","Honor 7S Charging Flex","Charging Flex","Unbranded",65,,50,1,2
379,"AT-WC-379","mi-go-charging-flex","Mi Go Charging Flex","Charging Flex","Xiaomi",35,,50,1,2
383,"AT-WC-383","oppo-a57-charging-flex","Oppo A57 Charging Flex","Charging Flex","Oppo",60,,50,1,2
397,"AT-WC-397","nokia-5-1-charging-flex-2","Nokia 5.1+ Charging Flex","Charging Flex","Nokia",65,,50,1,2
398,"AT-WC-398","nokia-3-1-charging-flex","Nokia 3.1+ Charging Flex","Charging Flex","Nokia",100,60,50,1,0
400,"AT-WC-400","nokia-6-charging-flex","Nokia 6 Charging Flex","Charging Flex","Nokia",65,,50,1,2
402,"AT-WC-402","samsung-a30-charging-flex","Samsung A30 Charging Flex","Charging Flex","Samsung",55,,50,1,2
406,"AT-WC-406","nokia-2-charging-flex","Nokia 2 Charging Flex","Charging Flex","Nokia",45,,50,1,2
408,"AT-WC-408","nokia-2-1-charging-flex","Nokia 2.1 Charging Flex","Charging Flex","Nokia",65,,50,1,2
409,"AT-WC-409","tecno-in-1-charging-flex","Tecno In 1 Charging Flex","Charging Flex","Tecno",65,,50,1,2
412,"AT-WC-412","honor-7c-charging-flex","Honor 7C Charging Flex","Charging Flex","Unbranded",70,,50,2,2
418,"AT-WC-418","tecno-kc1-charging-flex","Tecno KC1 Charging Flex","Charging Flex","Tecno",55,,50,1,2
419,"AT-WC-419","nokia-2-2-charging-flex","Nokia 2.2 Charging Flex","Charging Flex","Nokia",65,,50,1,2
423,"AT-WC-423","mi-y3-charging-flex","Mi Y3 Charging Flex","Charging Flex","Xiaomi",35,,50,1,2
424,"AT-WC-424","vivo-v5-charging-flex","Vivo V5 Charging Flex","Charging Flex","Vivo",60,,50,1,2
428,"AT-WC-428","nokia-3-1-charging-flex-2","Nokia 3.1 Charging Flex","Charging Flex","Nokia",65,,50,1,2
434,"AT-WC-434","nokia-7-charging-flex","Nokia 7 Charging Flex","Charging Flex","Nokia",70,,50,1,2
435,"AT-WC-435","vivo-y21l-charging-flex","Vivo Y21L Charging Flex","Charging Flex","Vivo",65,,50,1,2
436,"AT-WC-436","oppo-f1s-charging-flex","Oppo F1S Charging Flex","Charging Flex","Oppo",45,,50,1,2
438,"AT-WC-438","tecno-hot-9-charging-flex","Tecno HOT 9 Charging Flex","Charging Flex","Tecno",55,,50,1,2
439,"AT-WC-439","mi-a1-charging-flex","Mi A1 Charging Flex","Charging Flex","Xiaomi",65,,50,1,2
444,"AT-WC-444","nokia-6-1-charging-flex-2","Nokia 6.1+ Charging Flex","Charging Flex","Nokia",60,,50,1,2
467,"AT-WC-467","samsung-j250-touch","Samsung J250 Touch","Touch Pad","Samsung",95,,50,1,0
471,"AT-WC-471","honor-7c-touch","Honor 7c Touch","Touch Pad","Unbranded",125,,50,1,0
472,"AT-WC-472","samsung-j4-touch","Samsung J4 Touch","Touch Pad","Samsung",140,,50,1,0
476,"AT-WC-476","samsung-on-7-touch","Samsung On 7 Touch","Touch Pad","Samsung",120,,50,1,0
478,"AT-WC-478","honor-9n-touch","Honor 9N Touch","Touch Pad","Unbranded",120,,50,1,0
479,"AT-WC-479","honor-7a-touch","Honor 7A Touch","Touch Pad","Unbranded",130,,50,1,0
480,"AT-WC-480","honor-9-lite-touch","Honor 9 lite Touch","Touch Pad","Unbranded",110,,50,1,0
613,"AT-WC-613","mi-5a-touch","Mi 5a Touch","Touch Pad","Xiaomi",85,,50,1,0
614,"AT-WC-614","mi-4a-touch","Mi 4a Touch","Touch Pad","Xiaomi",80,,50,1,0
615,"AT-WC-615","mi-4i-touch","Mi 4i Touch","Touch Pad","Xiaomi",145,,50,1,0
617,"AT-WC-617","mi-3s-prime-touch","Mi 3s Prime Touch","Touch Pad","Xiaomi",80,,50,1,0
620,"AT-WC-620","lava-z50-touch","Lava Z50 Touch","Touch Pad","Lava",100,,50,1,0
625,"AT-WC-625","itel-a48-touch","Itel A48 Touch","Touch Pad","Itel",130,,50,1,0
639,"AT-WC-639","mi-y1-touch","Mi Y1 Touch","Touch Pad","Xiaomi",85,,50,1,0
641,"AT-WC-641","mi-note-3-touch","Mi Note 3 Touch","Touch Pad","Xiaomi",85,,50,1,0
663,"AT-WC-663","mi-y3-touch","Mi Y3 Touch","Touch Pad","Xiaomi",95,,50,1,0
676,"AT-WC-676","samsung-j6-touch","Samsung J6 Touch","Touch Pad","Samsung",120,,50,1,0
678,"AT-WC-678","samsung-g530-touch","Samsung G530 Touch","Touch Pad","Samsung",90,,50,1,0
679,"AT-WC-679","samsung-g532-touch","Samsung G532 Touch","Touch Pad","Samsung",90,,50,1,0
680,"AT-WC-680","samsung-j210-touch","Samsung J210 Touch","Touch Pad","Samsung",85,,50,1,0
681,"AT-WC-681","samsung-j7-max-touch","Samsung J7 max Touch","Touch Pad","Samsung",150,,50,1,0
682,"AT-WC-682","oppo-f1s-touch","Oppo F1s Touch","Touch Pad","Oppo",75,,50,1,0
683,"AT-WC-683","samsung-j2-touch","Samsung J2 Touch","Touch Pad","Samsung",80,,50,1,0
686,"AT-WC-686","oppo-a57-touch","Oppo A57 Touch","Touch Pad","Oppo",65,,50,1,0
687,"AT-WC-687","oppo-a37-touch","Oppo A37 Touch","Touch Pad","Oppo",65,,50,1,0
688,"AT-WC-688","oppo-a33-touch","Oppo A33 Touch","Touch Pad","Oppo",75,,50,1,0
696,"AT-WC-696","vivo-v5-touch","Vivo V5 Touch","Touch Pad","Vivo",90,,50,1,0
698,"AT-WC-698","tecno-kc-1-touch","Tecno KC 1 Touch","Touch Pad","Tecno",125,,50,1,0
699,"AT-WC-699","tecno-in-1-touch","Tecno In 1 Touch","Touch Pad","Tecno",120,,50,1,0
700,"AT-WC-700","tecno-in-2-touch","Tecno In 2 Touch","Touch Pad","Tecno",120,,50,1,0
702,"AT-WC-702","samsung-on-5-touch","Samsung On 5 Touch","Touch Pad","Samsung",110,,50,1,0
704,"AT-WC-704","samsung-j8-touch","Samsung J8 Touch","Touch Pad","Samsung",130,,50,1,0
705,"AT-WC-705","samsung-j710-touch","Samsung J710 Touch","Touch Pad","Samsung",140,,50,1,0
706,"AT-WC-706","samsung-j7-touch","Samsung J7 Touch","Touch Pad","Samsung",90,,50,1,0
707,"AT-WC-707","samsung-j7-pro-touch","Samsung J7 pro Touch","Touch Pad","Samsung",120,,50,1,0
717,"AT-WC-717","vivo-y53-touch","Vivo Y53 Touch","Touch Pad","Vivo",65,,50,1,0
719,"AT-WC-719","vivo-y51-touch","Vivo Y51 Touch","Touch Pad","Vivo",80,,50,1,0
730,"AT-WC-730","vivo-y69-touch","Vivo Y69 Touch","Touch Pad","Vivo",85,,50,2,0
731,"AT-WC-731","vivo-y66-touch","Vivo Y66 Touch","Touch Pad","Vivo",90,,50,1,0
732,"AT-WC-732","vivo-y55-touch","Vivo Y55 Touch","Touch Pad","Vivo",85,,50,1,0
764,"AT-WC-764","mi-y1-charging-conector","Mi Y1 Charging Conector","Charging Connectors","Xiaomi",2.8,,50,1,2
765,"AT-WC-765","samsung-j2-charging-conector","Samsung J2 Charging Conector","Charging Connectors","Samsung",2.5,,50,1,2
766,"AT-WC-766","samsung-b310-charging-conector","Samsung B310 Charging Conector","Charging Connectors","Samsung",2.5,,50,1,2
767,"AT-WC-767","samsung-j1-charging-conector","Samsung J1 Charging Conector","Charging Connectors","Samsung",2.5,,50,1,2
768,"AT-WC-768","vivo-y91-charging-conector","Vivo Y91 Charging Conector","Charging Connectors","Vivo",2.3,,50,1,2
769,"AT-WC-769","a850-charging-conector","A850 Charging Conector","Charging Connectors","Unbranded",1.8,,50,1,2
770,"AT-WC-770","mi-5a-charging-conector","MI 5A Charging Conector","Charging Connectors","Xiaomi",1.8,,50,1,2
771,"AT-WC-771","2305-charging-conector","2305 Charging Conector","Charging Connectors","Unbranded",2.8,,50,1,2
772,"AT-WC-772","lava-z60-charging-conector","Lava Z60 Charging Conector","Charging Connectors","Lava",1.8,,50,1,2
773,"AT-WC-773","nokia-105-charging-conector","Nokia 105 Charging Conector","Charging Connectors","Nokia",1.2,,50,1,2
774,"AT-WC-774","k9-mini-charging-conector","K9 Mini Charging Conector","Charging Connectors","Unbranded",0.9,,50,1,2
775,"AT-WC-775","t2-mini-charging-conector","T2 Mini Charging Conector","Charging Connectors","Unbranded",0.9,,50,1,2
800,"AT-WC-800","a110-charging-conector","A110 Charging conector","Charging Connectors","Unbranded",1.1,,50,1,2
801,"AT-WC-801","mi-note-7-charging-conector","Mi note 7 Charging Conector","Charging Connectors","Xiaomi",10,,50,1,2
802,"AT-WC-802","nokia-6-1-charging-conector","Nokia 6.1+ Charging Conector","Charging Connectors","Nokia",12,,50,1,2
803,"AT-WC-803","oppo-a3s-charging-conector","Oppo A3S Charging Conector","Charging Connectors","Oppo",8,,50,1,2
804,"AT-WC-804","samsung-a20-charging-conector","Samsung A20 16 Pin Charging Conector","Charging Connectors","Samsung",7,,50,1,2
805,"AT-WC-805","realme-2-charging-conector","Realme 2 Charging Conector","Charging Connectors","Realme",4.8,,50,1,2
806,"AT-WC-806","oppo-a1k-charging-conector","Oppo A1k Charging Conector","Charging Connectors","Oppo",4.2,,50,1,2
807,"AT-WC-807","vivo-v5-charging-conector","Vivo V5 Charging Conector","Charging Connectors","Vivo",3.5,,50,1,2
808,"AT-WC-808","mi-6a-charging-conector","Mi 6A Charging Conector","Charging Connectors","Xiaomi",6.5,,50,1,2
809,"AT-WC-809","samsung-m600-charging-conector","Samsung M600 Charging Conector","Charging Connectors","Samsung",7,,50,1,2
810,"AT-WC-810","honor-7x-charging-conector","Honor 7X Charging Conector","Charging Connectors","Unbranded",4.5,,50,1,2
811,"AT-WC-811","vivo-y53-charging-conector","Vivo Y53 Charging Conector","Charging Connectors","Vivo",2.8,,50,1,2
817,"AT-WC-817","wtr-2965-ic","WTR 2965 IC","Other Products","Unbranded",50,,50,1,0
846,"AT-WC-846","mi-note-9-pro-sim-holder","Mi Note 9 Pro Sim Holder","Sim Holder","Xiaomi",25,,50,1,2
875,"AT-WC-875","mi-y2-sim-holder","Mi Y2 Sim Holder","Sim Holder","Xiaomi",25,,50,1,2
876,"AT-WC-876","mi-6a-sim-holder","Mi 6A Sim Holder","Sim Holder","Xiaomi",30,,50,1,2
879,"AT-WC-879","oppo-a83-sim-holder","Oppo A83 Sim Holder","Sim Holder","Oppo",30,,50,1,2
880,"AT-WC-880","mi-5-sim-holder","Mi 5 Sim Holder","Sim Holder","Xiaomi",25,,50,1,2
881,"AT-WC-881","oppo-a57-sim-holder","Oppo A57 Sim Holder","Sim Holder","Oppo",30,,50,1,2
882,"AT-WC-882","vivo-y30-sim-holder","Vivo Y30 Sim Holder","Sim Holder","Vivo",30,,50,1,2
883,"AT-WC-883","mi-8a-sim-holder","Mi 8A Sim Holder","Sim Holder","Xiaomi",25,,50,1,2
884,"AT-WC-884","realme-3-pro-sim-holder","Realme 3 Pro Sim Holder","Sim Holder","Realme",25,,50,1,2
885,"AT-WC-885","mi-5a-sim-holder","Mi 5A Sim Holder","Sim Holder","Xiaomi",30,,50,1,2
886,"AT-WC-886","mi-note-5-sim-holder","Mi Note 5 Sim Holder","Sim Holder","Xiaomi",25,,50,1,2
887,"AT-WC-887","mi-9a-sim-holder","Mi 9A Sim Holder","Sim Holder","Xiaomi",25,,50,1,2
888,"AT-WC-888","realme-c11-sim-holder","Realme C11 Sim Holder","Sim Holder","Realme",25,,50,1,2
889,"AT-WC-889","mi-7-y3-sim-holder","Mi 7 / Y3 Sim Holder","Sim Holder","Xiaomi",25,,50,1,2
892,"AT-WC-892","realme-c25-sim-holder","Realme C25 Sim Holder","Sim Holder","Realme",25,,50,1,2
893,"AT-WC-893","vivo-y83-sim-holder","Vivo Y83 Sim Holder","Sim Holder","Vivo",25,,50,1,2
894,"AT-WC-894","vivo-y91-sim-holder","Vivo Y91 Sim Holder","Sim Holder","Vivo",25,,50,1,2
895,"AT-WC-895","samsung-m20-sim-holder","Samsung M20 Sim Holder","Sim Holder","Samsung",30,,50,1,2
896,"AT-WC-896","realme-5-sim-holder","Realme 5 Sim Holder","Sim Holder","Realme",25,,50,1,2
897,"AT-WC-897","oppo-a12-sim-holder","Oppo A12 Sim Holder","Sim Holder","Oppo",30,,50,1,2
898,"AT-WC-898","samsung-a30-sim-holder","Samsung A30 Sim Holder","Sim Holder","Samsung",25,,50,1,2
901,"AT-WC-901","vivo-y20-sim-holder","Vivo Y20 Sim Holder","Sim Holder","Vivo",25,,50,1,2
902,"AT-WC-902","vivo-y71-sim-holder","Vivo Y71 Sim Holder","Sim Holder","Vivo",30,,50,1,2
903,"AT-WC-903","vivo-y53-sim-holder","Vivo Y53 Sim Holder","Sim Holder","Vivo",30,,50,1,2
904,"AT-WC-904","mi-4x-sim-holder","Mi 4x Sim Holder","Sim Holder","Xiaomi",30,,50,1,2
905,"AT-WC-905","vivo-y12-sim-holder","Vivo Y12 Sim Holder","Sim Holder","Vivo",25,,50,1,2
906,"AT-WC-906","realme-3-sim-holder","Realme 3 Sim Holder","Sim Holder","Realme",25,,50,1,2
907,"AT-WC-907","realme-c2-sim-holder","Realme C2 Sim Holder","Sim Holder","Realme",25,,50,1,2
908,"AT-WC-908","samsung-m30-main-flex","Samsung M30 Main Flex","Main Flex","Samsung",40,,50,1,0
909,"AT-WC-909","mi-5a-main-flex","Mi 5A Main Flex","Main Flex","Xiaomi",40,,50,1,0
910,"AT-WC-910","mi-y2-main-flex","Mi Y2 Main Flex","Main Flex","Xiaomi",45,,50,1,0
911,"AT-WC-911","mi-4x-main-flex","Mi 4X Main Flex","Main Flex","Xiaomi",40,,50,1,0
912,"AT-WC-912","samsung-m30s-main-flex","Samsung M30S Main Flex","Main Flex","Samsung",45,,50,1,0
913,"AT-WC-913","samsung-a20s-main-flex","Samsung A20S Main Flex","Main Flex","Samsung",40,,50,1,0
914,"AT-WC-914","mi-9-main-flex","Mi 9 Main Flex","Main Flex","Xiaomi",60,,50,1,0
915,"AT-WC-915","samsung-a50-main-flex","Samsung A50 Main Flex","Main Flex","Samsung",45,,50,1,0
916,"AT-WC-916","mi-a2-main-flex","Mi A2 Main Flex","Main Flex","Xiaomi",45,,50,1,0
917,"AT-WC-917","mi-5-main-flex","Mi 5 Main Flex","Main Flex","Xiaomi",40,,50,1,0
918,"AT-WC-918","samsung-a31-main-flex","Samsung A31 Main Flex","Main Flex","Samsung",55,,50,1,0
919,"AT-WC-919","samsung-m31-main-flex","Samsung M31 Main Flex","Main Flex","Samsung",50,,50,1,0
920,"AT-WC-920","samsung-m10-main-flex","Samsung M10 Main Flex","Main Flex","Samsung",55,,50,1,0
921,"AT-WC-921","redmi-10-main-flex","Redmi 10 Main Flex","Main Flex","Xiaomi",50,,50,1,0
922,"AT-WC-922","mi-note-6-pro-main-flex","Mi Note 6 Pro Main Flex","Main Flex","Xiaomi",45,,50,1,0
984,"AT-WC-984","mi-4a-main-flex","Mi 4A Main Flex","Main Flex","Xiaomi",40,,50,1,0
985,"AT-WC-985","samsung-a50s-main-flex","Samsung A50S Main Flex","Main Flex","Samsung",40,,50,1,0
986,"AT-WC-986","mi-9-prime-main-flex","Mi 9 Prime Main Flex","Main Flex","Xiaomi",50,,50,1,0
987,"AT-WC-987","mi-note-5-pro-main-flex","Mi Note 5 Pro Main Flex","Main Flex","Xiaomi",50,,50,1,0
988,"AT-WC-988","mi-a3-main-flex","Mi A3 Main Flex","Main Flex","Xiaomi",50,,50,1,0
989,"AT-WC-989","mi-6a-main-flex","Mi 6A Main Flex","Main Flex","Xiaomi",40,,50,1,0
990,"AT-WC-990","mi-note-7-main-flex","Mi Note 7 Main Flex","Main Flex","Xiaomi",40,,50,1,0
991,"AT-WC-991","mi-a1-main-flex","Mi A1 Main Flex","Main Flex","Xiaomi",60,,50,1,0
992,"AT-WC-992","redme-7-y3-main-flex","Redme 7 / Y3 Main Flex","Main Flex","Unbranded",45,,50,1,0
993,"AT-WC-993","samsung-m20-main-flex","Samsung M20 Main Flex","Main Flex","Samsung",45,,50,1,0
994,"AT-WC-994","samsung-a20-main-flex","Samsung A20 Main Flex","Main Flex","Samsung",40,,50,1,0
995,"AT-WC-995","mi-3s-prime-main-flex","Mi 3S Prime Main Flex","Main Flex","Xiaomi",45,,50,1,0
996,"AT-WC-996","samsung-a30-main-flex","Samsung A30 Main Flex","Main Flex","Samsung",45,,50,1,0
997,"AT-WC-997","samsung-a10s-main-flex","Samsung A10S Main Flex","Main Flex","Samsung",50,,50,1,0
999,"AT-WC-999","mi-note-9-main-flex","Mi Note 9 Main Flex","Main Flex","Xiaomi",45,,50,1,0
1000,"AT-WC-1000","vivo-y21-2020-main-flex","Vivo Y21 (2020) Main Flex","Main Flex","Vivo",60,,50,1,0
1001,"AT-WC-1001","vivo-y20-main-flex","Vivo Y20 Main Flex","Main Flex","Vivo",55,,50,1,0
1002,"AT-WC-1002","vivo-y81-y83-main-flex","Vivo Y81/Y83 Main Flex","Main Flex","Vivo",40,,50,1,0
1003,"AT-WC-1003","realme-3-pro-main-flex","Realme 3 Pro Main Flex","Main Flex","Realme",55,,50,1,0
1005,"AT-WC-1005","vivo-y91-y95-main-flex","Vivo Y91/Y95 Main Flex","Main Flex","Vivo",40,,50,1,0
1006,"AT-WC-1006","mi-note-4-main-flex","Mi Note 4 Main Flex","Main Flex","Xiaomi",40,,50,1,0
1007,"AT-WC-1007","vivo-y69-main-flex","Vivo Y69 Main Flex","Main Flex","Vivo",45,,50,1,0
1008,"AT-WC-1008","vivo-v5-main-flex","Vivo V5 Main Flex","Main Flex","Vivo",35,,50,1,0
1009,"AT-WC-1009","realme-3-main-flex","Realme 3 Main Flex","Main Flex","Realme",55,,50,1,0
1010,"AT-WC-1010","mi-note-5-main-flex","Mi Note 5 Main Flex","Main Flex","Xiaomi",40,,50,1,0
1011,"AT-WC-1011","realme-5-main-flex","Realme 5 Main Flex","Main Flex","Realme",40,,50,1,0
1013,"AT-WC-1013","oppo-a5s-main-flex","OPPO A5S Main Flex","Main Flex","Oppo",60,,50,1,0
1014,"AT-WC-1014","oppo-f3-main-flex","OPPO F3 Main Flex","Main Flex","Oppo",40,,50,1,0
1015,"AT-WC-1015","vivo-y51-2020-main-flex","Vivo Y51 (2020) Main Flex","Main Flex","Vivo",65,,50,1,0
1016,"AT-WC-1016","oppo-a15-main-flex","OPPO A15 Main Flex","Main Flex","Oppo",45,,50,1,0
1017,"AT-WC-1017","realme-c1-main-flex","Realme c1 Main Flex","Main Flex","Realme",55,,50,1,0
1018,"AT-WC-1018","realme-7i-main-flex","Realme 7I Main Flex","Main Flex","Realme",55,,50,1,0
1019,"AT-WC-1019","oppo-a5-2020-main-flex","OPPO A5 (2020) Main Flex","Main Flex","Oppo",35,,50,1,0
1020,"AT-WC-1020","vivo-y12-y15-main-flex","Vivo Y12/Y15 Main Flex","Main Flex","Vivo",45,,50,1,0
1021,"AT-WC-1021","oppo-a54-main-flex","OPPO A54 Main Flex","Main Flex","Oppo",55,,50,1,0
1022,"AT-WC-1022","realme-c11-main-flex","Realme C11 Main Flex","Main Flex","Realme",45,,50,1,0
1023,"AT-WC-1023","realme-8-main-flex","Realme 8 (4g) Main Flex","Main Flex","Realme",55,,50,1,0
1024,"AT-WC-1024","oppo-a52-main-flex","OPPO A52 Main Flex","Main Flex","Oppo",55,,50,1,0
1025,"AT-WC-1025","realme-c2-main-flex","Realme C2 Main Flex","Main Flex","Realme",55,,50,1,0
1026,"AT-WC-1026","realme-c25-main-flex","Realme C25 Main Flex","Main Flex","Realme",50,,50,1,0
1027,"AT-WC-1027","vivo-v11-main-flex","Vivo V11 Main Flex","Main Flex","Vivo",55,,50,1,0
1028,"AT-WC-1028","oppo-a31-2020-main-flex","OPPO A31 (2020) Main Flex","Main Flex","Oppo",60,,50,1,0
1029,"AT-WC-1029","realme-xt-main-flex","Realme XT Main Flex","Main Flex","Realme",55,,50,1,0
1030,"AT-WC-1030","universol-mic","universol mic","Microphone","Unbranded",2.1,,50,1,2
1031,"AT-WC-1031","jio-5-pin-mic","jio 5 pin mic","Microphone","Unbranded",12,,50,1,2
1032,"AT-WC-1032","samsung-j2-mic","Samsung j2 mic","Microphone","Samsung",10,,50,1,2
1033,"AT-WC-1033","jio-4-pin-mic","Jio 4 pin mic","Microphone","Unbranded",11,,50,1,2
1038,"AT-WC-1038","oppo-a33-on-off-flex","Oppo A33 on/off Flex","Other Products","Oppo",12,,50,1,2
1039,"AT-WC-1039","vivo-y83-on-off-flex","Vivo Y83 on/off Flex","Other Products","Vivo",24,,50,1,2
1040,"AT-WC-1040","samsung-j7-max-on-off-flex","Samsung J7 max on/off Flex","Other Products","Samsung",22,,50,0,2
1041,"AT-WC-1041","mi-y2-on-off-flex","Mi Y2 on/off Flex","Other Products","Xiaomi",18,,50,1,2
1042,"AT-WC-1042","oppo-a37-on-off-flex","Oppo A37 on/off Flex","Other Products","Oppo",16,,50,1,2
1043,"AT-WC-1043","realme-3-on-off-flex","Realme 3 / Realme 3 pro on/off Flex","Other Products","Realme",18,,50,1,2
1044,"AT-WC-1044","mi-5-on-off-flex","Mi 5 on/off Flex","Other Products","Xiaomi",18,,50,1,2
1046,"AT-WC-1046","vivo-y71-on-off-flex","Vivo Y71 on/off Flex","Other Products","Vivo",22,,50,1,2
1047,"AT-WC-1047","mi-a1-on-off-flex","Mi A1 on/off Flex","Other Products","Xiaomi",16,,50,1,2
1048,"AT-WC-1048","mi-6a-on-off-flex","Mi 6a on/off Flex","Other Products","Xiaomi",18,,50,1,2
1049,"AT-WC-1049","mi-note-3-side-flex","Mi Note 3 on off flex","Other Products","Xiaomi",16,,50,1,2
1050,"AT-WC-1050","mi-5a-side-flex","Mi 5A on off flex","Other Products","Xiaomi",12,,50,1,2
1051,"AT-WC-1051","lenovo-a6000-side-flex","Lenovo A6000 on off flex","Other Products","Unbranded",18,,50,1,0
1065,"AT-WC-1065","oppo-a33-2020-ringer-set","Oppo A33 2020 Ringer set","Speaker","Oppo",50,,50,1,0
1066,"AT-WC-1066","mi-4x-ringer-set","Mi 4x Ringer set","Speaker","Xiaomi",70,,50,1,0
1067,"AT-WC-1067","mi-5a-ringer-set","Mi 5A Ringer set","Speaker","Xiaomi",50,,50,1,0
1068,"AT-WC-1068","mi-9-power-ringer-set","Mi 9 Power Ringer set","Speaker","Xiaomi",60,,50,1,0
1069,"AT-WC-1069","mi-9-prime-ringer-set","Mi 9 Prime Ringer set","Speaker","Xiaomi",60,,50,1,0
1070,"AT-WC-1070","mi-a1-ringer-set","Mi A1 Ringer set","Speaker","Xiaomi",50,,50,1,0
1071,"AT-WC-1071","mi-note-6-ringer-set","Mi Note 6 Ringer set","Speaker","Xiaomi",50,,50,1,0
1072,"AT-WC-1072","mi-6a-ringer-set","Mi 6A Ringer set","Speaker","Xiaomi",60,,50,1,0
1073,"AT-WC-1073","mi-7a-ringer-set","Mi 7A Ringer set","Speaker","Xiaomi",50,,50,1,0
1074,"AT-WC-1074","mi-8a-ringer-set","Mi 8A Ringer set","Speaker","Xiaomi",100,,50,1,0
1075,"AT-WC-1075","mi-note-4-ringer-set","Mi Note 4 Ringer set","Speaker","Xiaomi",50,,50,1,0
1076,"AT-WC-1076","mi-note-5-ringer-set","Mi Note 5 Ringer set","Speaker","Xiaomi",100,,50,1,0
1114,"AT-WC-1114","vivo-y55ringer-set","Vivo Y55Ringer set","Speaker","Vivo",50,,50,1,0
1115,"AT-WC-1115","vivo-y53-ringer-set","Vivo Y53 Ringer set","Speaker","Vivo",50,,50,1,0
1116,"AT-WC-1116","vivo-y51-ringer-set","Vivo Y51 Ringer set","Speaker","Vivo",50,,50,1,0
1117,"AT-WC-1117","vivo-y20-ringer-set","Vivo Y20 Ringer set","Speaker","Vivo",60,,50,1,0
1118,"AT-WC-1118","realme-c2-ringer-set","Realme C2 Ringer set","Speaker","Realme",50,,50,1,0
1119,"AT-WC-1119","oppo-a5s-ringer-set","Oppo A5S Ringer set","Speaker","Oppo",50,,50,1,0
1120,"AT-WC-1120","oppo-a37-ringer-set","Oppo A37 Ringer set","Speaker","Oppo",50,,50,1,0
1121,"AT-WC-1121","oppo-a33-ringer-set","Oppo A33 Ringer set","Speaker","Oppo",50,,50,1,0
1122,"AT-WC-1122","nokia-6-1-ringer-set","Nokia 6.1+ Ringer set","Speaker","Nokia",50,,50,1,0
1123,"AT-WC-1123","nokia-5-1-ringer-set","Nokia 5.1+ Ringer set","Speaker","Nokia",100,,50,1,0
1124,"AT-WC-1124","mi-y1-ringer-set","Mi y1 Ringer set","Speaker","Xiaomi",50,,50,1,0
1125,"AT-WC-1125","mi-note-7-ringer-set","Mi Note 7 Ringer set","Speaker","Xiaomi",50,,50,1,0
1126,"AT-WC-1126","vivo-universol-ringer","Vivo universal Ringer","Speaker","Vivo",18,,50,1,0
1127,"AT-WC-1127","mi-4a-ringer","Mi 4A Ringer","Speaker","Xiaomi",20,,50,1,0
1128,"AT-WC-1128","mi-5a-ringer","MI 5A Ringer","Speaker","Xiaomi",20,,50,1,0
1129,"AT-WC-1129","jio-ringer","Jio F90 Ringer","Speaker","Unbranded",14,,50,1,2
1130,"AT-WC-1130","samsung-1200-ringer","Samsung 1200 Ringer","Speaker","Samsung",12,,50,1,0
1131,"AT-WC-1131","nokia-105-ringer","Nokia 105 Ringer","Speaker","Nokia",16,,50,1,0
1132,"AT-WC-1132","nokia-3110-ringer","Nokia 3110 Ringer","Speaker","Nokia",16,,50,1,0
1133,"AT-WC-1133","vivo-y12-ringer-set","Vivo Y12 Ringer set","Speaker","Vivo",50,,50,1,0
1134,"AT-WC-1134","vivo-y91-ringer-set","Vivo Y91 Ringer set","Speaker","Vivo",60,,50,1,0
1135,"AT-WC-1135","vivo-y81-ringer-set","Vivo Y81 Ringer set","Speaker","Vivo",50,,50,1,0
1136,"AT-WC-1136","vivo-y71-ringer-set","Vivo Y71 Ringer set","Speaker","Vivo",50,,50,1,0
1138,"AT-WC-1138","oppo-a1k-on-off-flex","Oppo A1k on/off Flex","Other Products","Oppo",18,,50,1,2
1139,"AT-WC-1139","vivo-y12-on-off-flex","Vivo Y12 on/off Flex","Other Products","Vivo",24,,50,1,2
1140,"AT-WC-1140","mi-note-5-on-off-flex","Mi Note 5 on/off Flex","Other Products","Xiaomi",18,,50,1,2
1141,"AT-WC-1141","lenovo-a7000-on-off-flex","Lenovo A7000 on/off Flex","Other Products","Unbranded",18,,50,1,2
1142,"AT-WC-1142","vivo-y21l-on-off-flex","Vivo Y21L on/off Flex","Other Products","Vivo",18,,50,1,2
1143,"AT-WC-1143","vivo-y53-on-off-flex","Vivo Y53 on/off Flex","Other Products","Vivo",24,,50,1,2
1144,"AT-WC-1144","nokia-6-1-on-off-flex","Nokia 6.1+ on/off Flex","Other Products","Nokia",26,,50,1,2
1145,"AT-WC-1145","nokia-5-on-off-flex","Nokia 5 on/off Flex","Other Products","Nokia",26,,50,1,2
1146,"AT-WC-1146","mi-8a-on-off-flex","Mi 8A on/off Flex","Other Products","Xiaomi",22,,50,1,2
1147,"AT-WC-1147","vivo-v5-on-off-flex","Vivo V5 on/off Flex","Other Products","Vivo",22,,50,1,2
1148,"AT-WC-1148","vivo-y81-on-off-flex","Vivo Y81 on/off Flex","Other Products","Vivo",24,,50,1,2
1149,"AT-WC-1149","oppo-a71-on-off-flex","Oppo A71 on/off Flex","Other Products","Oppo",16,,50,1,0
1150,"AT-WC-1150","vivo-y51-on-off-flex","Vivo Y51 on/off Flex","Other Products","Vivo",22,,50,1,2
1188,"AT-WC-1188","oppo-a1k-on-off-flex-2","Vivo Y91 on/off Flex","Other Products","Vivo",20,,50,1,2
1189,"AT-WC-1189","mi-y3-on-off-flex","Mi Y3 on/off Flex","Other Products","Xiaomi",20,,50,1,2
1190,"AT-WC-1190","realme-5-pro-on-off-flex","Realme 5 pro on/off Flex","Other Products","Realme",28,,50,1,2
1191,"AT-WC-1191","mi-y1-on-off-flex","Mi Y1 on/off Flex","Other Products","Xiaomi",14,,50,2,2
1192,"AT-WC-1192","nokia-5-1-on-off-flex","Nokia 5.1+ on/off Flex","Other Products","Nokia",26,,50,1,2
1193,"AT-WC-1193","samsung-a50-on-off-flex","Samsung A50 on/off Flex","Other Products","Samsung",20,,50,1,2
1194,"AT-WC-1194","oppo-a3s-on-off-flex","Oppo A3S on/off Flex","Other Products","Oppo",18,,50,1,2
1195,"AT-WC-1195","mi-go-on-off-flex","Mi Go on/off Flex","Other Products","Xiaomi",16,,50,1,2
1196,"AT-WC-1196","vivk-y55-on-off-flex","Vivo Y55 on/off Flex","Other Products","Vivo",24,,50,1,2
1197,"AT-WC-1197","mi-note-4-on-off-flex","Mi Note 4 on/off Flex","Other Products","Xiaomi",14,,50,1,2
1198,"AT-WC-1198","realme-5-on-off-flex","Realme 5 on/off Flex","Other Products","Realme",20,,50,1,2
1200,"AT-WC-1200","oca-matchine","OCA Matchine","Repair Tools","Unbranded",6300,,50,1,0
1202,"AT-WC-1202","samsung-b310-display","For Samsung B310 Display","Keypad LCD","Samsung",85,,50,1,2
1206,"AT-WC-1206","mi-9a-charging-flex-orignal","Mi 9A Charging Flex Orignal","Charging Flex","Xiaomi",80,,50,1,2
1207,"AT-WC-1207","mi-9-power-charging-flex-orignal","Mi 9 POWER Charging Flex Orignal","Charging Flex","Xiaomi",85,,50,1,2
1208,"AT-WC-1208","realme-xt-charging-flex-orignal","Realme XT Charging Flex Orignal","Charging Flex","Realme",120,,50,1,2
1209,"AT-WC-1209","vivo-y53-charging-flex-orignal","Vivo Y53 Charging Flex Orignal","Charging Flex","Vivo",95,,50,1,2
1210,"AT-WC-1210","samsung-a30-charging-flex-orignal","Samsung A30 Charging Flex Orignal","Charging Flex","Samsung",85,,50,1,2
1211,"AT-WC-1211","vivo-y55-charging-flex-orignal","Vivo Y55 Charging Flex Orignal","Charging Flex","Vivo",95,,50,1,2
1212,"AT-WC-1212","vivo-y11-charging-flex-orignal","Vivo Y11 Charging Flex Orignal","Charging Flex","Vivo",85,,50,1,0
1213,"AT-WC-1213","vivo-y12-charging-flex-orignal","Vivo Y12 Charging Flex Orignal","Charging Flex","Vivo",85,,50,1,2
1214,"AT-WC-1214","vivo-v5-charging-flex-orignal","Vivo V5 Charging Flex Orignal","Charging Flex","Vivo",75,,50,1,2
1215,"AT-WC-1215","mi-4a-charging-flex-orignal","Mi 4A Charging Flex Orignal","Charging Flex","Xiaomi",65,,50,1,2
1216,"AT-WC-1216","mi-y1-charging-flex-orignal","Mi Y1 Charging Flex Orignal","Charging Flex","Xiaomi",80,,50,1,2
1217,"AT-WC-1217","mi-6-pro-charging-flex-orignal","Mi 6 PRO Charging Flex Orignal","Charging Flex","Xiaomi",80,,50,1,2
1218,"AT-WC-1218","samsung-m30-charging-flex-orignal","Samsung M30 Charging Flex Orignal","Charging Flex","Samsung",75,,50,1,2
1219,"AT-WC-1219","samsung-a50-charging-flex-orignal","Samsung A50 Charging Flex Orignal","Charging Flex","Samsung",100,,50,1,0
1234,"AT-WC-1234","mi-note-5-pro-back-panel","For Mi Note 5 Pro Back panel","Back Panel","Xiaomi",165,,50,1,2
1235,"AT-WC-1235","mi-note-5-back-panel","For Mi Note 5 Back panel","Back Panel","Xiaomi",165,,50,1,2
1236,"AT-WC-1236","nokia-6-1-back-panel","For Nokia 6.1+ Back panel","Back Panel","Nokia",60,,50,1,2
1237,"AT-WC-1237","mi-y2-back-panel","For Mi Y2 Back panel","Back Panel","Xiaomi",85,,50,1,2
1239,"AT-WC-1239","mi-note-7-back-panel","For Mi Note 7 Back panel","Back Panel","Xiaomi",65,,50,1,2
1240,"AT-WC-1240","mi-9a-back-panel","For Mi 9A Back panel","Back Panel","Xiaomi",80,,50,1,2
1241,"AT-WC-1241","mi-4x-back-panel","For Mi 4X Back panel","Back Panel","Xiaomi",155,,50,1,2
1242,"AT-WC-1242","honor-9n-back-panel","For Honor 9N Back panel","Back Panel","Unbranded",70,,50,1,2
1243,"AT-WC-1243","honor-9-lite-back-panel","For Honor 9 Lite Back panel","Back Panel","Unbranded",70,,50,1,2
1244,"AT-WC-1244","honor-10-lite-back-panel","For Honor 10 Lite Back panel","Back Panel","Unbranded",95,,50,1,2
1245,"AT-WC-1245","oppo-a1k-back-panel","For Oppo A1K Back panel","Back Panel","Oppo",80,,50,1,2
1246,"AT-WC-1246","mi-8a-back-panel","For Mi 8A Back panel","Back Panel","Xiaomi",85,,50,1,2
1247,"AT-WC-1247","mi-6a-back-panel","For Mi 6A Back panel","Back Panel","Xiaomi",65,,50,1,2
1248,"AT-WC-1248","mi-5a-back-panel","For Mi 5A Back panel","Back Panel","Xiaomi",60,,50,1,2
1312,"AT-WC-1312","vivo-y95-back-panel","For Vivo Y95 Back Panel","Back Panel","Vivo",130,,50,1,0
1313,"AT-WC-1313","vivo-y91-back-panel","For Vivo Y91 Back Panel","Back Panel","Vivo",130,,50,2,0
1314,"AT-WC-1314","mi-4a-back-panel","For Mi 4A Back Panel","Back Panel","Xiaomi",80,,50,2,0
1315,"AT-WC-1315","vivo-y66-back-panel","For Vivo Y66 Back Panel","Back Panel","Vivo",75,,50,1,2
1316,"AT-WC-1316","vivo-y69-back-panel","For Vivo Y69 Back Panel","Back Panel","Vivo",75,,50,1,2
1317,"AT-WC-1317","vivo-y55-back-panel","For Vivo Y55 Back panel","Back Panel","Vivo",75,,50,1,2
1318,"AT-WC-1318","vivo-y53-back-panel","For Vivo Y53 Back panel","Back Panel","Vivo",75,,50,1,2
1320,"AT-WC-1320","vivo-y12-back-panel","For Vivo Y12 Back panel","Back Panel","Vivo",110,,50,1,2
1321,"AT-WC-1321","vivo-y21-back-panel","For Vivo Y21 Back panel","Back Panel","Vivo",50,,50,1,2
1322,"AT-WC-1322","vivo-v5-back-panel","For Vivo V5 Back panel","Back Panel","Vivo",75,,50,1,2
1323,"AT-WC-1323","realme-5-back-panel","For Realme 5 Back panel","Back Panel","Realme",110,,50,1,2
1324,"AT-WC-1324","realme-c2-back-panel","For Realme C2 Back panel","Back Panel","Realme",70,,50,1,2
1325,"AT-WC-1325","realme-c15-back-panel","For Realme C15 Back panel","Back Panel","Realme",90,,50,1,2
1326,"AT-WC-1326","realme-c11-back-panel","For Realme C11 Back panel","Back Panel","Realme",80,,50,1,2
1327,"AT-WC-1327","realme-3-back-panel","For Realme 3 Back panel","Back Panel","Realme",85,,50,1,2
1328,"AT-WC-1328","realme-2-back-panel","For Realme 2 Back panel","Back Panel","Realme",125,,50,1,2
1329,"AT-WC-1329","oppo-a37-back-panel","For Oppo A37 Back panel","Back Panel","Oppo",65,,50,1,2
1333,"AT-WC-1333","oppo-a71-back-panel","For Oppo A71 Back Panel","Back Panel","Oppo",85,,50,1,2
1334,"AT-WC-1334","oppo-a83-back-panel","For Oppo A83 Back Panel","Back Panel","Oppo",85,,50,1,2
1335,"AT-WC-1335","oppo-a57-back-panel","For Oppo A57 Back Panel","Back Panel","Oppo",75,,50,1,2
1336,"AT-WC-1336","mi-note-8-back-panel-2","For Mi Note 8 Back Panel","Back Panel","Xiaomi",60,,50,1,2
1337,"AT-WC-1337","realme-xt-back-panel","For Realme XT Back Panel","Back Panel","Realme",110,,50,1,2
1338,"AT-WC-1338","mi-note-9-pro-back-panel","For Mi Note 9 Pro Back Panel","Back Panel","Xiaomi",100,,50,1,2
1339,"AT-WC-1339","mi-note-8-pro-back-panel","For Mi Note 8 Pro Back Panel","Back Panel","Xiaomi",95,,50,1,2
1340,"AT-WC-1340","vivo-y51-full-body","For Vivo Y51 Full Body","Back Panel","Vivo",220,,50,1,0
1341,"AT-WC-1341","vivo-y81-back-panel","For Vivo Y81 Back Panel","Back Panel","Vivo",85,,50,1,2
1342,"AT-WC-1342","vivo-y83-back-panel","For Vivo Y83 Back Panel","Back Panel","Vivo",100,,50,1,2
1343,"AT-WC-1343","oppo-a3s-back-panel","For Oppo A3s Back Panel","Back Panel","Oppo",130,,50,1,2
1344,"AT-WC-1344","mi-5-back-panel","For Mi 5 Back Panel","Back Panel","Xiaomi",150,,50,1,2
1345,"AT-WC-1345","mi-6-pro-back-panel","For Mi 6 Pro Back Panel","Back Panel","Xiaomi",170,,50,1,2
1346,"AT-WC-1346","mi-7a-back-panel","For Mi 7A Back Panel","Back Panel","Xiaomi",90,,50,1,2
1349,"AT-WC-1349","samsung-a20-charging-flex-orignal","Samsung A20 Charging Flex Orignal","Charging Flex","Samsung",75,,50,1,2
1350,"AT-WC-1350","samsung-a50s-charging-flex-orignal","Samsung A50S Charging Flex Orignal","Charging Flex","Samsung",85,,50,1,2
1351,"AT-WC-1351","samsung-m20-charging-flex-orignal","Samsung M20 Charging Flex Orignal","Charging Flex","Samsung",85,,50,1,2
1352,"AT-WC-1352","vivo-y91-y95-charging-flex-orignal","Vivo Y91 Charging Flex Orignal","Charging Flex","Vivo",85,,50,1,0
1353,"AT-WC-1353","vivo-y83-charging-flex-orignal","Vivo Y83 Charging Flex Orignal","Charging Flex","Vivo",95,,50,1,2
1354,"AT-WC-1354","samsung-a20s-charging-flex-orignal","Samsung A20s (M12) Charging Flex Orignal","Charging Flex","Samsung",75,,50,1,0
1355,"AT-WC-1355","mi-note-5-pro-charging-flex-orignal","Mi Note 5 Pro Charging Flex Orignal","Charging Flex","Xiaomi",80,,50,1,2
1356,"AT-WC-1356","mi-a1-charging-flex-orignal","Mi A1 Charging Flex Orignal","Charging Flex","Xiaomi",110,,50,1,2
1357,"AT-WC-1357","samsung-a01-charging-flex-orignal","Samsung A01 Charging Flex Orignal","Charging Flex","Samsung",70,,50,1,2
1358,"AT-WC-1358","mi-note-7-pro-charging-flex-orignal","Mi Note 7 Pro Charging Flex Orignal","Charging Flex","Xiaomi",85,,50,1,2
1359,"AT-WC-1359","tecno-6-air-orignal-charging-flex","Tecno 6 Air Orignal Charging Flex","Charging Flex","Tecno",90,,50,1,2
1360,"AT-WC-1360","mi-note-4-orignal-charging-flex","Mi Note 4 Orignal Charging Flex","Charging Flex","Xiaomi",70,,50,1,2
1361,"AT-WC-1361","infinix-hot-8-orignal-charging-flex","Infinix Hot 8 Orignal Charging Flex","Charging Flex","Infinix",75,,50,1,2
1362,"AT-WC-1362","tecno-ke5-orignal-charging-flex","Tecno KE5 Orignal Charging Flex","Charging Flex","Tecno",75,,50,1,2
1363,"AT-WC-1363","infinix-hot-9-orignal-charging-flex","Infinix Hot 9 Orignal Charging Flex","Charging Flex","Infinix",75,,50,1,2
1364,"AT-WC-1364","mi-note-3-charging-flex-orignal","Mi Note 3 Charging Flex Orignal","Charging Flex","Xiaomi",70,,50,1,2
1365,"AT-WC-1365","mi-4x-charging-flex-orignal","Mi 4X Charging Flex Orignal","Charging Flex","Xiaomi",65,,50,1,2
1367,"AT-WC-1367","realme-c2-charging-flex-orignal","Realme C2 Charging Flex Orignal","Charging Flex","Realme",70,,50,1,2
1368,"AT-WC-1368","mi-8a-midil-panel","Mi 8A Middle panel","Middle Panel","Xiaomi",70,,50,1,2
1369,"AT-WC-1369","mi-7a-midil-panel","Mi 7A Middle panel","Middle Panel","Xiaomi",90,,50,1,2
1371,"AT-WC-1371","infinix-hot-8-midil-panel","Infinix Hot 8 Middle panel","Middle Panel","Infinix",95,,50,1,2
1372,"AT-WC-1372","oppo-a83-midil-panel","Oppo A83 Middle panel","Middle Panel","Oppo",85,,50,1,2
1373,"AT-WC-1373","oppo-a71-midil-panel","Oppo A71 Middle panel","Middle Panel","Oppo",75,,50,1,2
1374,"AT-WC-1374","oppo-a57-midil-panel","Oppo A57 Middle panel","Middle Panel","Oppo",75,,50,1,2
1375,"AT-WC-1375","oppo-a3s-midil-panel","Oppo A3S Middle panel","Middle Panel","Oppo",70,,50,1,2
1376,"AT-WC-1376","oppo-a37-midil-panel","Oppo A37 Middle panel","Middle Panel","Oppo",80,,50,1,2
1377,"AT-WC-1377","samsung-a10-midil-panel","Samsung A10 Middle panel","Middle Panel","Samsung",100,,50,1,2
1378,"AT-WC-1378","mi-6a-midil-panel","Mi 6A Middle panel","Middle Panel","Xiaomi",70,,50,1,2
1379,"AT-WC-1379","mi-5a-midil-panel","Mi 5A Middle panel","Middle Panel","Xiaomi",65,,50,1,2
1380,"AT-WC-1380","mi-4x-midil-panel","Mi 4X Middle panel","Middle Panel","Xiaomi",65,,50,1,2
1381,"AT-WC-1381","mi-4a-midil-panel","Mi 4A Middle panel","Middle Panel","Xiaomi",80,,50,1,2
1382,"AT-WC-1382","mi-3s-prime-midil-panel","Mi 3s Prime Middle panel","Middle Panel","Xiaomi",80,,50,2,2
1442,"AT-WC-1442","realme-c11-midil-panel","Realme C11 Middle panel","Middle Panel","Realme",80,,50,1,2
1445,"AT-WC-1445","realme-6-midil-panel","Realme 6 Midil panel","Middle Panel","Realme",85,,50,1,2
1446,"AT-WC-1446","realme-5-midil-panel","Realme 5 Middle panel","Middle Panel","Realme",75,,50,1,2
1447,"AT-WC-1447","realme-3-midil-panel","Realme 3 Middle panel","Middle Panel","Realme",70,,50,1,2
1448,"AT-WC-1448","realme-2-pro-midil-panel","Realme 2 Pro Middle panel","Middle Panel","Realme",85,,50,1,2
1449,"AT-WC-1449","realme-2-midil-panel","Realme 2 Middle panel","Middle Panel","Realme",80,,50,1,2
1450,"AT-WC-1450","mi-note-7-midil-panel","Mi Note 7 Middle panel","Middle Panel","Xiaomi",130,,50,1,2
1451,"AT-WC-1451","mi-note-6-pro-midil-panel","Mi Note 6 Pro Middle panel","Middle Panel","Xiaomi",80,,50,1,2
1452,"AT-WC-1452","mi-note-5-pro-midil-panel","Mi Note 5 Pro Middle panel","Middle Panel","Xiaomi",70,,50,1,1
1453,"AT-WC-1453","mi-note-5-midil-panel","Mi Note 5 Middle panel","Middle Panel","Xiaomi",80,,50,1,2
1454,"AT-WC-1454","mi-note-4-midil-panel","Mi Note 4 Middle panel","Middle Panel","Xiaomi",65,,50,1,2
1455,"AT-WC-1455","mi-note-3-midil-panel","Mi Note 3 Middle panel","Middle Panel","Xiaomi",80,,50,1,2
1456,"AT-WC-1456","mi-a1-midil-panel","Mi A1 Middle panel","Middle Panel","Xiaomi",85,,50,1,2
1457,"AT-WC-1457","mi-9a-midil-panel","Mi 9A Middle panel","Middle Panel","Xiaomi",55,,50,1,2
1458,"AT-WC-1458","vivo-y51-midil-panel","Vivo Y51 Middle panel","Middle Panel","Vivo",130,,50,1,2
1459,"AT-WC-1459","vivo-y20-midil-panel","Vivo Y20 Middle panel","Middle Panel","Vivo",60,,50,1,2
1460,"AT-WC-1460","mi-y2-midil-panel","Mi Y2 Middle panel","Middle Panel","Xiaomi",70,,50,1,2
1461,"AT-WC-1461","vivo-y19-midil-panel","Vivo Y19 Middle panel","Middle Panel","Vivo",85,,50,1,2
1462,"AT-WC-1462","vivo-y12-midil-panel","Vivo Y12 Midil panel","Middle Panel","Vivo",60,,50,1,2
1463,"AT-WC-1463","mi-y1-midil-panel","Mi Y1 Middle panel","Middle Panel","Xiaomi",80,,50,1,2
1464,"AT-WC-1464","vivo-v9-midil-panel","Vivo V9 Midil panel","Middle Panel","Vivo",110,,50,1,2
1465,"AT-WC-1465","vivo-v5-midil-panel","Vivo V5 Middle panel","Middle Panel","Vivo",120,,50,1,2
1466,"AT-WC-1466","vivo-v11-pro-midil-panel","Vivo V11 Pro Middle panel","Middle Panel","Vivo",100,,50,1,2
1467,"AT-WC-1467","vivo-v11-midil-panel","Vivo V11 Middle panel","Middle Panel","Vivo",80,,50,1,2
1468,"AT-WC-1468","tecno-spark-6-air-midil-panel","Tecno Spark 6 Air Middle panel","Middle Panel","Tecno",110,,50,1,2
1469,"AT-WC-1469","realme-c20-midil-panel","Realme C20 Middle panel","Middle Panel","Realme",65,,50,1,2
1470,"AT-WC-1470","realme-c2-midil-panel","Realme C2 Midil panel","Middle Panel","Realme",65,,50,1,2
1471,"AT-WC-1471","realme-c15-midil-panel","Realme C15 Middle panel","Middle Panel","Realme",80,,50,1,2
1472,"AT-WC-1472","realme-c12-midil-panel","Realme C12 Middle panel","Middle Panel","Realme",80,,50,1,2
1473,"AT-WC-1473","vivo-y91-midil-panel","Vivo Y91 Midil panel","Middle Panel","Vivo",65,,50,1,2
1474,"AT-WC-1474","vivo-y83-midil-panel","Vivo Y83 Middle panel","Middle Panel","Vivo",85,,50,1,2
1475,"AT-WC-1475","vivo-y81-midil-panel","Vivo Y81 Middle panel","Middle Panel","Vivo",85,,50,1,2
1476,"AT-WC-1476","vivo-y71-midil-panel","Vivo Y71 Middle panel","Middle Panel","Vivo",90,,50,1,2
1477,"AT-WC-1477","vivo-y53-midil-panel","Vivo Y53 Middle panel","Middle Panel","Vivo",85,,50,1,2
1479,"AT-WC-1479","moto-one-power-oca-touch-glass","Moto One Power Oca Touch Glass","OCA Glass","Motorola",30,,50,1,0
1491,"AT-WC-1491","infinix-hot-8-oca-touch-glass","Infinix Hot 8 Oca Touch Glass","OCA Glass","Infinix",30,,50,1,0
1560,"AT-WC-1560","vivo-v9-oca-touch-glass","Vivo V9 Oca Touch Glass","OCA Glass","Vivo",30,,50,1,0
1577,"AT-WC-1577","mi-note-6-pro-oca-touch-glass","Mi NOTE 6 Pro OCA Touch glass","OCA Glass","Xiaomi",30,,50,1,0
1579,"AT-WC-1579","vivo-v11-pro-oca-touch-glass","Vivo V11 Pro OCA Touch glass","OCA Glass","Vivo",30,,50,1,0
1582,"AT-WC-1582","samsung-a10s-oca-touch-glass","Samsung A10s OCA Touch glass","OCA Glass","Samsung",30,,50,1,0
1587,"AT-WC-1587","vivo-y71-oca-touch-glass","Vivo Y71 Oca Touch Glass","OCA Glass","Vivo",30,,50,1,0
1994,"AT-WC-1994","mi-note-9-back-panel","For Mi Note 9 Back Panel","Back Panel","Xiaomi",120,,50,1,0
1995,"AT-WC-1995","mi-y1-back-panel","For Mi Y1 Back Panel","Back Panel","Xiaomi",70,,50,1,2
1996,"AT-WC-1996","mi-8a-dual-back-panel","For Mi 8A Dual Back Panel","Back Panel","Xiaomi",90,,50,1,2
1997,"AT-WC-1997","mi-8-back-panel","For Mi 8 Back Panel","Back Panel","Xiaomi",90,,50,1,2
1998,"AT-WC-1998","mi-7-back-panel","For Mi 7 Back Panel","Back Panel","Xiaomi",100,,50,1,0
1999,"AT-WC-1999","mi-note-6-pro-back-panel","For Mi Note 6 pro Back Panel","Back Panel","Xiaomi",170,,50,1,2
2000,"AT-WC-2000","mi-a3-back-panel","For Mi A3 Back Panel","Back Panel","Xiaomi",100,,50,1,2
2001,"AT-WC-2001","mi-note-4-back-panel","For Mi Note 4 Back Panel","Back Panel","Xiaomi",160,,50,1,1
2002,"AT-WC-2002","realme-2-pro-back-panel","For Realme 2 Pro Back Panel","Back Panel","Realme",80,,50,1,2
2003,"AT-WC-2003","oppo-a5s-back-panel","For Oppo A5s Back Panel","Back Panel","Oppo",110,,50,1,0
2013,"AT-WC-2013","realme-c12-back-panel","For Realme C12 Back Panel","Back Panel","Realme",85,,50,1,2
2014,"AT-WC-2014","realme-c3-back-panel","For Realme C3 Back Panel","Back Panel","Realme",95,,50,1,2
2015,"AT-WC-2015","oppo-f7-back-panel","For Oppo F7 Back Panel","Back Panel","Oppo",160,,50,1,2
2016,"AT-WC-2016","realme-7i-back-panel","For Realme 7i Back Panel","Back Panel","Realme",70,,50,1,2
2024,"AT-WC-2024","vivo-y91i-back-panel","For Vivo Y91i Back Panel","Back Panel","Vivo",90,,50,1,2
2026,"AT-WC-2026","vivo-y20-back-panel","For Vivo Y20  Back panel","Back Panel","Vivo",130,,50,1,0
2027,"AT-WC-2027","vivo-y83-pro","For Vivo Y83 pro  Back panel","Back Panel","Vivo",105,,50,1,2
2028,"AT-WC-2028","vivo-s1-back-panel","For Vivo S1  Back panel","Back Panel","Vivo",130,,50,1,0
2034,"AT-WC-2034","vivo-v15-back-panel","For Vivo V15 Back Panel","Back Panel","Vivo",100,,50,1,2
2035,"AT-WC-2035","vivo-y21-2020-back-panel","For Vivo Y21 (2020) Back Panel","Back Panel","Vivo",85,,50,1,2
2038,"AT-WC-2038","nokia-5-1-back-panel","For Nokia 5.1+ Back Panel","Back Panel","Nokia",60,,50,1,2
2039,"AT-WC-2039","infinix-hot-8-play-back-panel","For Infinix Hot 10 Play Back Panel","Back Panel","Infinix",115,,50,1,2
2040,"AT-WC-2040","honer-8-lite-back-panel","For Honer 8 Lite Back Panel","Back Panel","Unbranded",100,,50,1,0
2041,"AT-WC-2041","infinix-hot-8-back-panel","For Infinix Hot 8 Back Panel","Back Panel","Infinix",90,,50,1,2
2051,"AT-WC-2051","mi-note-10-pro-middil-panel","MI Note 10 pro Middle panel","Middle Panel","Xiaomi",100,,50,1,2
2053,"AT-WC-2053","mi-9-prime-middil-panel","MI 9 Prime Middil panel","Middle Panel","Xiaomi",70,,50,1,2
2065,"AT-WC-2065","oppo-a5-2020-middil-panel","Oppo A5 2020 Middle panel","Middle Panel","Oppo",70,,50,1,2
2069,"AT-WC-2069","mi-note-10-middil-panel","MI Note 10 4G Middle panel","Middle Panel","Xiaomi",70,,50,1,2
2071,"AT-WC-2071","mi-go-middil-panel","MI GO Middle panel","Middle Panel","Xiaomi",90,,50,1,2
2072,"AT-WC-2072","oppo-f3-middil-panel","OPPO F3 Middle panel","Middle Panel","Oppo",80,,50,1,2
2073,"AT-WC-2073","oppo-a5s-middil-panel","OPPO A5S Middle panel","Middle Panel","Oppo",80,,50,1,2
2074,"AT-WC-2074","realme-3-pro-middil-panel","Realme 3 Pro Middle panel","Middle Panel","Realme",120,,50,1,2
2075,"AT-WC-2075","realme-5-pro-middil-panel","Realme 5 Pro Middle panel","Middle Panel","Realme",80,,50,1,2
2076,"AT-WC-2076","oppo-f7-middil-panel","OPPO F7 Middle panel","Middle Panel","Oppo",80,,50,1,2
2077,"AT-WC-2077","oppo-a52-middil-panel","OPPO A52 Middle panel","Middle Panel","Oppo",130,,50,1,0
2078,"AT-WC-2078","oppo-a15-middil-panel","Oppo A15 Middle panel","Middle Panel","Oppo",65,,50,1,2
2089,"AT-WC-2089","realme-c35-midil-panel","Realme C35 Middle panel","Middle Panel","Realme",75,,50,1,2
2090,"AT-WC-2090","realme-c25-midil-panel","Realme C25 Middle panel","Middle Panel","Realme",80,,50,1,2
2091,"AT-WC-2091","redmi-7i-midil-panel","Realme 7 Middle panel","Middle Panel","Realme",90,,50,1,2
2092,"AT-WC-2092","oppo-f1s-midil-panel","Oppo F1S Middle panel","Middle Panel","Oppo",90,,50,1,2
2093,"AT-WC-2093","realme-c21y-midil-panel","Realme C21Y Middle panel","Middle Panel","Realme",90,,50,1,2
2094,"AT-WC-2094","vivo-y69-midil-panel","Vivo Y69 Middle panel","Middle Panel","Vivo",110,,50,1,2
2095,"AT-WC-2095","vivo-y21-2020-midil-panel","Vivo Y21 2020 Middle panel","Middle Panel","Vivo",80,,50,1,2
2096,"AT-WC-2096","vivo-y55-midil-panel","Vivo Y55 Middle panel","Middle Panel","Vivo",110,,50,1,2
2097,"AT-WC-2097","vivo-y50-y30-midil-panel","Vivo Y50/Y30 Middle panel","Middle Panel","Vivo",80,,50,1,2
2098,"AT-WC-2098","tecno-spark-5-pro-midil-panel","Tecno Spark 5 pro Middle panel","Middle Panel","Tecno",140,,50,1,0
2099,"AT-WC-2099","samsung-j7-prime-midil-panel","Samsung J7 Prime Middle panel","Middle Panel","Samsung",110,,50,1,0
2100,"AT-WC-2100","tecno-ke5-midil-panel","Tecno KE5 Middle panel","Middle Panel","Tecno",85,,50,1,2
2101,"AT-WC-2101","tecno-bb4k-midil-panel","Tecno BB4K Middle panel","Middle Panel","Tecno",95,,50,1,2
2161,"AT-WC-2161","8w-solding-iron","8W Solding Iron","Repair Tools","Unbranded",280,180,50,2,0
2165,"AT-WC-2165","jumper-wire","Jumper Wire","Repair Tools","Unbranded",20,10,50,1,0
2167,"AT-WC-2167","knife-cuter","Knife Cuter","Repair Tools","Unbranded",120,80,50,1,0
2169,"AT-WC-2169","l-c-d-cutting-wire","L.C.D. Cutting Wire","Repair Tools","Unbranded",80,60,50,1,0
2180,"AT-WC-2180","maxx-iron-pen","Maxx Iron pen","Repair Tools","Unbranded",170,149,50,1,0
2182,"AT-WC-2182","mobile-p-c-b-holder","Mobile P.C.B. Holder","Repair Tools","Unbranded",180,120,50,1,0
2207,"AT-WC-2207","mi-9a-charging-conector","Mi 9A Charging Conector","Charging Connectors","Xiaomi",2.6,,50,1,2
2234,"AT-WC-2234","samsung-j5-prime-oca-touch-glass","Samsung J5 prime Oca Touch Glass","OCA Glass","Samsung",30,,50,1,0
2237,"AT-WC-2237","samsung-a20s-oca-touch-glass","Samsung A20s Oca Touch Glass","OCA Glass","Samsung",30,,50,1,0
2243,"AT-WC-2243","samsung-a2-core-oca-touch-glass","Samsung A2 Core Oca Touch Glass","OCA Glass","Samsung",30,,50,1,0
2259,"AT-WC-2259","samsung-j8-oca-touch-glass","Samsung J8 Oca Touch Glass","OCA Glass","Samsung",30,,50,1,0
2260,"AT-WC-2260","samaung-a21s-oca-touch-glass","Samaung A21S Oca Touch Glass","OCA Glass","Unbranded",30,,50,1,0
2267,"AT-WC-2267","mi-9-sim-holder","Mi 9 Sim Holder","Sim Holder","Xiaomi",25,,50,1,2
2318,"AT-WC-2318","chaina-memory-tray","Chaina Memory Tray","Other Products","Unbranded",2,,50,1,2
2492,"AT-WC-2492","oppo-a5s-spk-jali","Oppo A5S Spk jali","Speaker Grill / Jali","Oppo",12,,50,1,2
2495,"AT-WC-2495","oppo-a37-spk-jali","Oppo A37 Spk Jali","Speaker Grill / Jali","Oppo",12,,50,1,2
2496,"AT-WC-2496","redmi-9a-spk-jali","Redmi 9A spk jali","Speaker Grill / Jali","Xiaomi",12,,50,1,2
2497,"AT-WC-2497","vivo-y91-spk-jali","Vivo Y91 Spk Jali","Speaker Grill / Jali","Vivo",12,,50,1,2
2502,"AT-WC-2502","redmi-8a-spk-jali","Redmi 8A Spk Jali","Speaker Grill / Jali","Xiaomi",12,,50,1,2
2557,"AT-WC-2557","itel-37-pin-l-c-d-fresh","For Itel 37 pin L.C.D. Fresh","Keypad LCD","Itel",114,,50,1,2
2572,"AT-WC-2572","itel-a23-pro-touch","Itel A23 Pro Touch","Touch Pad","Itel",120,,50,1,0
2582,"AT-WC-2582","vivo-s1-pro-orignal-charging-flex","Vivo S1 Pro Orignal Charging Flex","Charging Flex","Vivo",100,,50,1,2
2586,"AT-WC-2586","vivo-s1-pro-main-flex","Vivo s1 pro Main Flex","Main Flex","Vivo",70,,50,1,0
2598,"AT-WC-2598","universol-spk-jaly","universol spk jaly","Speaker Grill / Jali","Unbranded",2,,50,1,2
2601,"AT-WC-2601","vivo-y20-spk-jaly","Vivo y20 spk jaly","Speaker Grill / Jali","Vivo",12,,50,1,2
2603,"AT-WC-2603","vivo-y12-spk-jaly","Vivo Y12 Spk jaly","Speaker Grill / Jali","Vivo",12,,50,1,2
2605,"AT-WC-2605","mi-note-7-spk-jaly","Mi Note 7 Spk Jaly","Speaker Grill / Jali","Xiaomi",12,,50,1,2
2703,"AT-WC-2703","samsung-j6-oca-glass","Samsung J6 Oca Glass","OCA Glass","Samsung",30,,50,1,0
2704,"AT-WC-2704","sumsung-m11-oca-glass","Sumsung M11 Oca Glass","OCA Glass","Unbranded",30,,50,1,0
2705,"AT-WC-2705","tecno-spark-7-oca-glass","Tecno spark 7 Oca Glass","OCA Glass","Tecno",30,,50,1,0
2709,"AT-WC-2709","infinix-hot-9-sim-holder","Infinix Hot 9 Sim Holder","Sim Holder","Infinix",30,,50,1,2
2710,"AT-WC-2710","mi-note-6-sim-holder","Mi Note 6 Sim Holder","Sim Holder","Xiaomi",30,,50,1,2
2711,"AT-WC-2711","mi-note-9-sim-holder","Mi Note 9 Sim Holder","Sim Holder","Xiaomi",25,,50,1,2
2712,"AT-WC-2712","tecno-6-air-sim-holder","Tecno 6 Air Sim Holder","Sim Holder","Tecno",25,,50,1,2
2713,"AT-WC-2713","vivo-y69-sim-holder","Vivo Y69 Sim Holder","Sim Holder","Vivo",30,,50,1,2
2720,"AT-WC-2720","mi-8a-main-flex","Mi 8A Main Flex","Main Flex","Xiaomi",45,,50,1,0
2722,"AT-WC-2722","realme-8-5g-main-flex","Realme 8 (5G) Main Flex","Main Flex","Realme",55,,50,1,0
2723,"AT-WC-2723","vivo-s1-main-flex","Vivo S1 Main Flex","Main Flex","Vivo",65,,50,1,0
2730,"AT-WC-2730","comio-c2-touch","Comio C2 Touch","Touch Pad","Unbranded",120,,50,1,0
2731,"AT-WC-2731","honor-y5-2020-touch","Honor Y5 (2020) Touch","Touch Pad","Unbranded",110,,50,1,0
2755,"AT-WC-2755","mi-a2-ringer-box","MI A2 Ringer Box","Speaker","Xiaomi",80,,50,1,0
2756,"AT-WC-2756","mi-note-5-pro-ringer-set","Mi Note 5 Pro Ringer set","Speaker","Xiaomi",100,,50,1,0
2757,"AT-WC-2757","mi-note-6-pro-ringer-set","Mi Note 6 Pro Ringer set","Speaker","Xiaomi",100,,50,1,0
2758,"AT-WC-2758","mi-y2-ringer-set","Mi Y2 Ringer Set","Speaker","Xiaomi",80,,50,1,0
2759,"AT-WC-2759","realme-5-ringer-set","Realme 5 Ringer set","Speaker","Realme",80,,50,1,0
2760,"AT-WC-2760","vivo-y21-new-ringer-set","Vivo Y21 New Ringer Set","Speaker","Vivo",100,,50,1,0
2768,"AT-WC-2768","jio-f320-ringer","Jio F320 Ringer","Speaker","Unbranded",14,,50,1,0
2769,"AT-WC-2769","nokia-6-1-orignal-charging-flex","Nokia 6.1+ Orignal Charging Flex","Charging Flex","Nokia",75,,50,1,2
2770,"AT-WC-2770","nokia-5-1-orignal-charging-flex","Nokia 5.1+ Orignal Charging Flex","Charging Flex","Nokia",75,,50,1,2
2771,"AT-WC-2771","mi-8a-orignal-charging-flex","Mi 8A Orignal Charging Flex","Charging Flex","Xiaomi",90,,50,1,2
2772,"AT-WC-2772","mi-6a-orignal-charging-flex","Mi 6A Orignal Charging Flex","Charging Flex","Xiaomi",62,,50,1,2
2774,"AT-WC-2774","mi-5a-orignal-charging-flex","Mi 5A Orignal Charging Flex","Charging Flex","Xiaomi",70,,50,1,2
2775,"AT-WC-2775","itel-vision-1-orignal-charging-flex","ITel Vision 1 Orignal Charging Flex","Charging Flex","Itel",80,,50,1,2
2778,"AT-WC-2778","honor-7s-orignal-charging-flex","Honor 7S Orignal Charging Flex","Charging Flex","Unbranded",85,,50,1,2
2779,"AT-WC-2779","samsung-m30s-orignal-charging-flex","Samsung M30s Orignal Charging flex","Charging Flex","Samsung",75,,50,1,2
2798,"AT-WC-2798","samsung-a22-4g-orignal-charging-flex","Samsung A22 4G Orignal Charging Flex","Charging Flex","Samsung",80,,50,1,2
2799,"AT-WC-2799","samsung-a03s-orignal-charging-flex","Samsung A03s Orignal Charging Flex","Charging Flex","Samsung",95,,50,1,2
2800,"AT-WC-2800","realme-5-orignal-charging-flex","Realme 5 Orignal Charging Flex","Charging Flex","Realme",90,,50,1,2
2801,"AT-WC-2801","realme-3-orignal-charging-flex","Realme 3 Orignal Charging Flex","Charging Flex","Realme",60,,50,1,2
2802,"AT-WC-2802","oppo-a37-orignal-charging-flex","Oppo A37 Orignal Charging FLex","Charging Flex","Oppo",90,,50,1,0
2803,"AT-WC-2803","oppo-a15-orignal-charging-flex","Oppo A15 Orignal Charging Flex","Charging Flex","Oppo",95,,50,1,2
2804,"AT-WC-2804","oppo-a12-orignal-charging-flex","Oppo A12 Orignal Charging Flex","Charging Flex","Oppo",90,,50,1,2
2814,"AT-WC-2814","samsung-m31-orignal-charging-flex","Samsung M31 Orignal Charging Flex","Charging Flex","Samsung",75,,50,1,2
2817,"AT-WC-2817","vivo-y20-orignal-charging-flex","Vivo Y20 Orignal Charging Flex","Charging Flex","Vivo",85,,50,1,2
2818,"AT-WC-2818","vivo-y71-orignal-charging-flex","Vivo Y71 Orignal Charging Flex","Charging Flex","Vivo",90,,50,1,2
2819,"AT-WC-2819","mi-note-5-orignal-charging-flex","Mi Note 5 Orignal Charging Flex","Charging Flex","Xiaomi",85,,50,1,2
2831,"AT-WC-2831","infinix-hot-8-on-off-flex-2","Infinix Hot 8 On/Off Flex","Other Products","Infinix",20,,50,1,2
2832,"AT-WC-2832","infinix-smart-4-on-off-flex","Infinix Smart 4+ On/Off Flex","Other Products","Infinix",25,,50,1,2
2833,"AT-WC-2833","lava-z60-on-off-flex","Lava Z60 On/Off Flex","Other Products","Lava",15,,50,1,2
2834,"AT-WC-2834","mi-4i-on-off-flex","Mi 4i On/Off Flex","Other Products","Xiaomi",25,,50,1,2
2835,"AT-WC-2835","mi-7a-on-off-flex","Mi 7A On/Off Flex","Other Products","Xiaomi",20,,50,1,2
2836,"AT-WC-2836","mi-9-prime-on-off-flex","Mi 9 Prime On/Off Flex","Other Products","Xiaomi",20,,50,1,2
2837,"AT-WC-2837","mi-note-10-on-off-flex","Mi Note 10 On/Off Flex","Other Products","Xiaomi",22,,50,1,2
2838,"AT-WC-2838","mi-note-5-pro-on-off-flex","Mi Note 5 Pro On/Off Flex","Other Products","Xiaomi",18,,50,1,2
2839,"AT-WC-2839","mi-note-7-on-off-flex","Mi Note 7 On/Off Flex","Other Products","Xiaomi",18,,50,1,2
2863,"AT-WC-2863","mi-note-8-on-off-flex","Mi Note 8 On/Off Flex","Other Products","Xiaomi",22,,50,1,2
2864,"AT-WC-2864","mi-note-9-pro-on-off-flex","Mi Note 9 Pro On/Off Flex","Other Products","Xiaomi",25,,50,1,2
2865,"AT-WC-2865","oppo-a57-on-off-flex","Oppo A57 On/Off Flex","Other Products","Oppo",18,,50,1,2
2866,"AT-WC-2866","oppo-a83-on-off-flex","Oppo A83 On/Off Flex","Other Products","Oppo",22,,50,1,2
2867,"AT-WC-2867","realme-8-pro-on-off-flex","Realme 8 Pro On/Off Flex","Other Products","Realme",22,,50,1,2
2869,"AT-WC-2869","samsung-j7-prime-on-off-flex","Samsung J7 Prime On/Off Flex","Other Products","Samsung",20,,50,1,2
2870,"AT-WC-2870","tecno-bb4k-spark-go-on-off-flex","Tecno BB4K / Spark Go + On/Off Flex","Other Products","Tecno",25,,50,1,2
2871,"AT-WC-2871","tecno-ke-5-spark-go-on-off-flex","Tecno KE 5 / Spark Go On/Off Flex","Other Products","Tecno",25,,50,1,2
2872,"AT-WC-2872","vivo-y19-on-off-flex","Vivo Y19 On/Off Flex","Other Products","Vivo",25,,50,1,2
2873,"AT-WC-2873","vivo-y20-on-off-flex","Vivo Y20 On/Off Flex","Other Products","Vivo",25,,50,1,2
2874,"AT-WC-2874","vivo-y51-new-y31-new-on-off-flex","Vivo Y51 New On/Off Flex","Other Products","Vivo",25,,50,1,2
2907,"AT-WC-2907","vivo-t1-5g-midil-panel","Vivo T1 5G Middle Panel","Middle Panel","Vivo",80,,50,1,2
2908,"AT-WC-2908","vivo-y93-midil-panel","Vivo Y93 Middle Panel","Middle Panel","Vivo",60,,50,1,2
2909,"AT-WC-2909","vivo-y73-midil-panel","Vivo Y73 Middle Panel","Middle Panel","Vivo",85,,50,1,2
2910,"AT-WC-2910","vivo-f11-pro-midil-panel","Oppo F11 Pro Middle Panel","Middle Panel","Oppo",80,,50,1,2
2911,"AT-WC-2911","vivo-z1-pro-midil-panel","Vivo Z1 pro Middle Panel","Middle Panel","Vivo",65,,50,1,2
2912,"AT-WC-2912","vivo-s1-midil-panel","Vivo S1 Middle Panel","Middle Panel","Vivo",85,,50,1,2
2913,"AT-WC-2913","vivo-v15-pro-midil-panel","Vivo V15 pro Middle Panel","Middle Panel","Vivo",200,,50,1,2
2915,"AT-WC-2915","oppo-a16-midil-panel","Oppo A16 Middle Panel","Middle Panel","Oppo",65,,50,1,2
2916,"95","oppo-a57-new-midil-panel","Oppo A57 New Middle Panel","Middle Panel","Oppo",65,,50,1,2
2927,"AT-WC-2927","oppo-a54-midil-panel","Oppo A54 Middle Panel","Middle Panel","Oppo",70,,50,1,2
2928,"AT-WC-2928","realme-7i-midil-panel","Realme 7I Middle Panel","Middle Panel","Realme",75,,50,1,2
2929,"AT-WC-2929","mi-9-power-midil-panel","Mi 9 power Middle Panel","Middle Panel","Xiaomi",85,,50,1,2
2930,"AT-WC-2930","mi-a2-midil-panel","Mi A2 New Middle Panel","Middle Panel","Xiaomi",120,,50,1,2
2931,"AT-WC-2931","mi-7-redmi-y3-midil-panel","Mi 7 / Redmi Y3 Middle Panel","Middle Panel","Xiaomi",190,,50,1,2
2932,"AT-WC-2932","mi-5-midil-panel","Mi 5 Middle Panel","Middle Panel","Xiaomi",70,,50,1,2
2933,"AT-WC-2933","mi-6-pro-midil-panel","Mi 6 Pro Middle Panel","Middle Panel","Xiaomi",80,,50,1,2
2934,"AT-WC-2934","redmi-8-midil-panel","Mi 8 Middle Panel","Middle Panel","Xiaomi",70,,50,1,2
2935,"AT-WC-2935","redmi-10-prime-midil-panel","Mi 10 prime Middle Panel Big Sim Tray","Middle Panel","Xiaomi",80,,50,1,2
2936,"AT-WC-2936","mi-note-9-midil-panel","MI Note 9 Middle Panel","Middle Panel","Xiaomi",80,,50,1,2
2954,"AT-WC-2954","mi-note-10-5g-midil-panel","Mi Note 10 5G Middle Panel","Middle Panel","Xiaomi",85,,50,1,2
2955,"AT-WC-2955","tecno-kg-6-midil-panel","Tecno KG6 Middle Panel","Middle Panel","Tecno",85,,50,1,2
2956,"AT-WC-2956","infinix-hot-10-play-midil-panel","Infinix Hot 10 Play Middle Panel","Middle Panel","Infinix",95,,50,1,2
2957,"AT-WC-2957","tecno-spark-7-midil-panel","Tecno Spark 7 Middle Panel","Middle Panel","Tecno",100,,50,1,2
2958,"AT-WC-2958","samsung-a20-midil-panel","Samsung A20 Middle Panel","Middle Panel","Samsung",95,,50,1,2
2963,"AT-WC-2963","infinix-hot-9-midil-panel","Infinix Hot 9 Middle Panel","Middle Panel","Infinix",75,,50,1,2
2964,"AT-WC-2964","oppo-narzo-20a-midil-panel","Oppo Narzo 20A Middle Panel","Middle Panel","Oppo",85,,50,1,2
2965,"AT-WC-2965","mi-9-prime-back-panel","For Mi 9 Prime Back Panel","Back Panel","Xiaomi",90,,50,1,2
2966,"AT-WC-2966","mi-note-3-back-panel","For Mi Note 3 Back Panel","Back Panel","Xiaomi",170,,50,1,2
2967,"AT-WC-2967","mi-9-power-back-panel","For Mi 9 Power Back Panel","Back Panel","Xiaomi",95,,50,1,2
2968,"AT-WC-2968","mi-y3-back-panel","For Mi Y3 Back Panel","Back Panel","Xiaomi",70,,50,1,2
2970,"AT-WC-2970","mi-k20-back-panel","For Mi K20 Back Panel","Back Panel","Xiaomi",120,,50,1,0
2971,"AT-WC-2971","mi-note-10-back-panel","For Mi Note 10 Back Panel","Back Panel","Xiaomi",65,,50,1,2
2972,"AT-WC-2972","mi-3s-prime-back-panel","For Mi 3s Prime Back Panel","Back Panel","Xiaomi",160,,50,1,2
2973,"AT-WC-2973","mi-note-10-pro-back-panel","For Mi Note 10 pro Back Panel","Back Panel","Xiaomi",135,,50,1,2
2974,"AT-WC-2974","realme-7-back-panel","For Realme 7 Back Panel","Back Panel","Realme",70,,50,1,2
3035,"AT-WC-3035","oppo-a53-back-panel","For Oppo A53 Back Panel","Back Panel","Oppo",75,,50,1,2
3036,"AT-WC-3036","oppo-a15-back-panel","For Oppo A15 Back Panel","Back Panel","Oppo",65,,50,1,2
3037,"AT-WC-3037","oppo-f9-back-panel-2","For Oppo F9 Back Panel","Back Panel","Oppo",120,,50,1,0
3038,"AT-WC-3038","oppo-a5s-ring-back-panel","For Oppo A5s Ring Back Panel","Back Panel","Oppo",240,,50,1,0
3039,"AT-WC-3039","realme-x-back-panel","For Realme X Back Panel","Back Panel","Realme",110,,50,1,2
3040,"AT-WC-3040","realme-c20-back-panel","For Realme C20 Back Panel","Back Panel","Realme",85,,50,1,2
3041,"AT-WC-3041","oppo-f3-back-panel","For Oppo F3 Back Panel","Back Panel","Oppo",150,,50,1,2
3042,"AT-WC-3042","realme-6-back-panel","For Realme 6 Back Panel","Back Panel","Realme",70,,50,1,2
3043,"AT-WC-3043","realme-5-pro-back-panel","For Realme 5 Pro Back Panel","Back Panel","Realme",110,,50,1,0
3044,"AT-WC-3044","realme-2-pro-ring-back-panel","For Realme 2 pro Ring Back Panel","Back Panel","Realme",220,,50,1,0
3046,"AT-WC-3046","oppo-a31-back-panel","For Oppo A31 Back Panel","Back Panel","Oppo",90,,50,1,2
3047,"AT-WC-3047","oppo-a5-2020-back-panel","For Oppo A5 (2020) Back Panel","Back Panel","Oppo",75,,50,1,0
3048,"AT-WC-3048","realme-c30-back-panel","For Realme C30 Back Panel","Back Panel","Realme",110,,50,1,2
3049,"AT-WC-3049","realme-c33-back-panel","For Realme C33 Back Panel","Back Panel","Realme",80,,50,1,0
3050,"AT-WC-3050","realme-c35-back-panel","For Realme C35 Back Panel","Back Panel","Realme",90,,50,1,0
3051,"AT-WC-3051","honor-nova-3i-back-panel","For Honor Nova 3I Back Panel","Back Panel","Unbranded",140,,50,1,0
3055,"AT-WC-3055","oppo-a53-ring-back-panel","For Oppo A53 Ring Back Panel","Back Panel","Oppo",190,,50,1,0
3058,"AT-WC-3058","vivo-v11-pro-back-panel","For Vivo v11 Pro Back Panel","Back Panel","Vivo",120,,50,1,2
3059,"AT-WC-3059","vivo-t1-4g-back-panel","For Vivo T1 4G Back Panel","Back Panel","Vivo",100,,50,1,2
3060,"AT-WC-3060","vivo-t1-5g-back-panel","For Vivo T1 5G Back Panel","Back Panel","Vivo",145,,50,1,0
3061,"AT-WC-3061","vivo-y11-back-panel","For Vivo Y11 Back Panel","Back Panel","Vivo",115,,50,1,2
3062,"AT-WC-3062","vivo-y20-ring-ring-back-panel","For Vivo Y20 Ring Back Panel","Back Panel","Vivo",190,,50,1,0
3063,"AT-WC-3063","vivo-y71-back-panel","For Vivo Y71 Back Panel","Back Panel","Vivo",80,,50,1,2
3073,"AT-WC-3073","vivo-y93-back-panel","For Vivo Y93 Back Panel","Back Panel","Vivo",80,,50,0,2
3074,"AT-WC-3074","vivo-v20-back-panel","For Vivo V20 (5G) Back Panel &#8211; BLACK","Back Panel","Vivo",110,,50,1,2
3075,"AT-WC-3075","vivo-y51-new-back-panel","For Vivo Y51 New Back Panel","Back Panel","Vivo",150,,50,1,2
3076,"AT-WC-3076","vivo-y19-back-panel","For Vivo Y19 Back Panel","Back Panel","Vivo",115,,50,1,2
3077,"AT-WC-3077","vivo-v17-pro-back-panel","For Vivo V17 Pro Back Panel","Back Panel","Vivo",125,,50,2,2
3078,"AT-WC-3078","vivo-v17-back-panel","For Vivo V17 Back Panel","Back Panel","Vivo",155,,50,1,2
3079,"AT-WC-3079","vivo-v15-pro-back-panel","For Vivo V15 Pro Back Panel","Back Panel","Vivo",125,,50,1,2
3080,"AT-WC-3080","samsung-a12-back-panel","For Samsung A12 Back Panel","Back Panel","Samsung",120,,50,1,0
3081,"AT-WC-3081","samsung-a03s-back-panel","For Samsung A03s Back Panel","Back Panel","Samsung",110,,50,1,0
3082,"AT-WC-3082","samsung-m20-back-panel","For Samsung M20 Back Panel","Back Panel","Samsung",80,,50,1,2
3083,"AT-WC-3083","samsung-a10s-back-panel","For Samsung A10s Back Panel","Back Panel","Samsung",90,,50,1,0
3084,"AT-WC-3084","samsung-a10-back-panel","For Samsung A10 Back panel","Back Panel","Samsung",75,,50,2,2
3085,"AT-WC-3085","samsung-a03-back-panel","For Samsung A03 Back Panel","Back Panel","Samsung",85,,50,1,2
3088,"AT-WC-3088","samsung-a20-back-panel","For Samsung A20 Back Panel","Back Panel","Samsung",70,,50,1,2
3089,"AT-WC-3089","samsung-a50-back-panel","For Samsung A50 Back panel","Back Panel","Samsung",80,,50,0,0
3090,"AT-WC-3090","samsung-m11-back-panel","For Samsung M11 Back panel","Back Panel","Samsung",85,,50,1,2
3091,"AT-WC-3091","infinix-samart-4-back-panel","For Infinix Samart 4+ back panel","Back Panel","Infinix",110,,50,1,2
3092,"AT-WC-3092","tecno-ke5-back-panel","For Tecno Ke5 Back panel","Back Panel","Tecno",85,,50,1,2
3093,"AT-WC-3093","honor-8x-back-panel","For Honor 8X back panel","Back Panel","Unbranded",80,,50,1,2
3094,"AT-WC-3094","tecno-6-air-back-panel","For Tecno 6 Air Back panel","Back Panel","Tecno",95,,50,1,2
3095,"AT-WC-3095","tecno-bb4k-back-panel","For Tecno BB4K Back Panel","Back Panel","Tecno",95,,50,1,2
3096,"AT-WC-3096","oppo-reno-2z-back-panel","For Oppo Reno 2Z Back panel","Back Panel","Oppo",100,,50,1,2
3097,"AT-WC-3097","infinix-hot-9-back-panel","For Infinix Hot 9 Back Panel","Back Panel","Infinix",95,,50,1,2
3099,"AT-WC-3099","vivo-s1-pro-back-panel","For Vivo S1 Pro Back Panel","Back Panel","Vivo",105,,50,1,2
3100,"AT-WC-3100","oppo-a16-back-panel","For Oppo A16 Back Panel","Back Panel","Oppo",80,,50,1,2
3107,"AT-WC-3107","lava-z61-charging-flex","Lava Z61 Charging Flex","Charging Flex","Lava",65,,50,2,2
3174,"AT-WC-3174","oppo-f17-pro-cc-flex","Oppo F17 Pro Cc Flex","Charging Flex","Oppo",95,,50,1,2
3178,"AT-WC-3178","realme-1-cc-flex","Realme 1 Cc Flex","Charging Flex","Realme",65,,50,1,2
3181,"AT-WC-3181","vivo-v15-pro-cc-flex","Vivo V15 pro Cc Flex","Charging Flex","Vivo",170,,50,1,2
3182,"AT-WC-3182","vivo-y31-2020-cc-flex","Vivo Y31 2020 Cc Flex","Charging Flex","Vivo",85,,50,1,2
3193,"AT-WC-3193","infinix-hot-11-oca-touch-glass","Infinix Hot 11 OCA Touch Glass","OCA Glass","Infinix",30,,50,1,0
3228,"AT-WC-3228","vivo-v15-oca-touch-glass","Vivo V15 OCA Touch Glass","OCA Glass","Vivo",30,,50,1,0
3229,"AT-WC-3229","vivo-s1-oca-touch-glass","Vivo S1 OCA Touch Glass","OCA Glass","Vivo",30,,50,1,0
3230,"AT-WC-3230","samsung-j4-oca-touch-glass","Samsung J4+ OCA Touch Glass","OCA Glass","Samsung",30,,50,1,0
3232,"AT-WC-3232","samsung-m20-oca-touch-glass","Samsung M20 OCA Touch Glass","OCA Glass","Samsung",30,,50,1,0
3250,"AT-WC-3250","mi-a2-oca-touch-glass","Mi A2 Oca Touch Glass","OCA Glass","Xiaomi",30,,50,1,0
3259,"AT-WC-3259","realme-xt-oca-touch-glass","Realme XT Oca Touch Glass","OCA Glass","Realme",30,,50,1,0
3288,"AT-WC-3288","realme-3-camera-glass","Realme 3 Camera Glass","Camera Glass","Realme",12,,50,1,2
3290,"AT-WC-3290","realme-5-pro-camera-glass","Realme 5 Pro Camera Glass","Camera Glass","Realme",12,,50,1,2
3291,"AT-WC-3291","realme-5-camera-glass","Realme 5 Camera Glass","Camera Glass","Realme",12,,50,1,2
3293,"AT-WC-3293","realme-6-camera-glass","Realme 6 Camera Glass","Camera Glass","Realme",12,,50,1,2
3294,"AT-WC-3294","realme-c20-camera-glass","Realme C20 Camera Glass","Camera Glass","Realme",14,,50,1,2
3360,"AT-WC-3360","realme-c12-camera-glass","Realme C12 Camera Glass","Camera Glass","Realme",12,,50,1,3
3361,"AT-WC-3361","realme-c11-camera-glass","Realme C11 Camera Glass","Camera Glass","Realme",14,,50,1,2
3362,"AT-WC-3362","realme-c1-camera-glass","Realme C1 Camera Glass","Camera Glass","Realme",7,,50,1,2
3363,"AT-WC-3363","realme-2-pro-camera-glass","Realme 2 Pro Camera Glass","Camera Glass","Realme",8,,50,1,2
3364,"AT-WC-3364","realme-3-pro-camera-glass","Realme 3 Pro Camera Glass","Camera Glass","Realme",12,,50,1,2
3365,"AT-WC-3365","mi-note-11-camera-glass","Mi Note 11 Camera Glass","Camera Glass","Xiaomi",14,,50,1,3
3366,"AT-WC-3366","mi-note-10pro-camera-glass","Mi Note 10 pro Camera Glass","Camera Glass","Xiaomi",13,,50,1,2
3367,"AT-WC-3367","mi-note-10-camera-glass","Mi Note 10 Camera Glass","Camera Glass","Xiaomi",13,,50,1,2
3368,"AT-WC-3368","mi-9c-camera-glass","Mi 9C Camera Glass","Camera Glass","Xiaomi",12,,50,1,2
3369,"AT-WC-3369","mi-note-9pro-camera-glass","Mi Note 9 pro Camera Glass","Camera Glass","Xiaomi",12,,50,1,2
3374,"AT-WC-3374","mi-note-6pro-camera-glass","Mi Note 6 pro Camera Glass","Camera Glass","Xiaomi",14,,50,1,2
3375,"AT-WC-3375","mi-note-7pro-camera-glass","Mi Note 7 pro Camera Glass","Camera Glass","Xiaomi",7,,50,1,2
3378,"AT-WC-3378","mi-note-9-camera-glass","Mi Note 9 Camera Glass","Camera Glass","Xiaomi",12,,50,1,2
3379,"AT-WC-3379","mi-note-8pro-camera-glass","Mi Note 8 pro Camera Glass","Camera Glass","Xiaomi",12,,50,1,2
3383,"AT-WC-3383","mi-6a-camera-glass","Mi 6A Camera Glass","Camera Glass","Xiaomi",7,,50,1,2
3386,"AT-WC-3386","mi-8a-camera-glass","Mi 8A Camera Glass","Camera Glass","Xiaomi",6,,50,1,2
3389,"AT-WC-3389","oppo-f7-camera-glass","Oppo F7 Camera Glass","Camera Glass","Oppo",7,,50,1,2
3391,"AT-WC-3391","oppo-a5-2020-camera-glass","Oppo A5 (2020) Camera Glass","Camera Glass","Oppo",6,,50,1,2
3394,"AT-WC-3394","oppo-f11-pro-camera-glass","Oppo F11 pro Camera Glass","Camera Glass","Oppo",6,,50,1,2
3395,"AT-WC-3395","oppo-a5-camera-glass","Oppo A5 Camera Glass","Camera Glass","Oppo",7,,50,1,2
3396,"AT-WC-3396","oppo-a37-camera-glass","Oppo A37 Camera Glass","Camera Glass","Oppo",7,,50,1,2
3397,"AT-WC-3397","oppo-a3s-camera-glass","Oppo A3s Camera Glass","Camera Glass","Oppo",6,,50,1,2
3398,"AT-WC-3398","oppo-a12-camera-glass","Oppo A12 Camera Glass","Camera Glass","Oppo",7,,50,1,2
3400,"AT-WC-3400","oppo-a1k-camera-glass","Oppo A1K Camera Glass","Camera Glass","Oppo",6,,50,1,3
3401,"AT-WC-3401","oppo-a15-camera-glass","Oppo A15 Camera Glass","Camera Glass","Oppo",12,,50,1,2
3402,"AT-WC-3402","mi-9-power-camera-glass","Mi 9 Power Camera Glass","Camera Glass","Xiaomi",18,,50,1,2
3403,"AT-WC-3403","samsung-j8-camera-glass","Samsung J8 Camera Glass","Camera Glass","Samsung",6,,50,1,2
3404,"AT-WC-3404","samsung-j7-prime-camera-glass","Samsung J7 Prime Camera Glass","Camera Glass","Samsung",4,,50,1,2
3405,"AT-WC-3405","samsung-j4-j6-camera-glass","Samsung J4+/J6+ Camera Glass","Camera Glass","Samsung",8,,50,1,3
3407,"AT-WC-3407","samsung-a10-camera-glass","Samsung A10 Camera Glass","Camera Glass","Samsung",7,,50,1,3
3408,"AT-WC-3408","samsung-a11-m11-camera-glass","Samsung A11/M11 Camera Glass","Camera Glass","Samsung",6,,50,1,2
3409,"AT-WC-3409","samsung-a51-camera-glass","Samsung A51 Camera Glass","Camera Glass","Samsung",14,,50,1,2
3410,"AT-WC-3410","samsung-a20s-camera-glass","Samsung A20s Camera Glass","Camera Glass","Samsung",10,,50,1,2
3412,"AT-WC-3412","samsung-a30s-camera-glass","Samsung A30s Camera Glass","Camera Glass","Samsung",12,,50,1,2
3413,"AT-WC-3413","samsung-m20-camera-glass","Samsung M20 Camera Glass","Camera Glass","Samsung",10,,50,1,2
3417,"AT-WC-3417","vivo-z1-pro-camera-glass","Vivo Z1 Pro Camera Glass","Camera Glass","Vivo",14,,50,1,2
3418,"AT-WC-3418","vivo-y95-camera-glass","Vivo Y95 Camera Glass","Camera Glass","Vivo",6,,50,1,2
3419,"AT-WC-3419","samsung-m30-camera-glass","Samsung M30 Camera Glass","Camera Glass","Samsung",12,,50,1,2
3420,"AT-WC-3420","samsung-a12-camera-glass","Samsung A12 Camera Glass","Camera Glass","Samsung",14,,50,1,3
3421,"AT-WC-3421","vivo-y55-camera-glass","Vivo Y55 Camera Glass","Camera Glass","Vivo",12,,50,1,2
3422,"AT-WC-3422","vivo-v11-pro-camera-glass","Vivo V11 Pro Camera Glass","Camera Glass","Vivo",8,,50,1,2
3423,"AT-WC-3423","vivo-s1-pro-camera-glass","Vivo S1 Pro Camera Glass","Camera Glass","Vivo",14,,50,1,2
3424,"AT-WC-3424","vivo-s1-camera-glass","Vivo S1 Camera Glass","Camera Glass","Vivo",9,,50,1,2
3425,"AT-WC-3425","vivo-y90-camera-glass","Vivo Y90 Camera Glass","Camera Glass","Vivo",10,,50,1,2
3426,"AT-WC-3426","vivo-y12-camera-glass","Vivo Y12 Camera Glass","Camera Glass","Vivo",12,,50,1,2
3427,"AT-WC-3427","vivo-y71-camera-glass","Vivo Y71 Camera Glass","Camera Glass","Vivo",6,,50,1,2
3428,"AT-WC-3428","vivo-y91-camera-glass","Vivo Y91 Camera Glass","Camera Glass","Vivo",8,,50,1,2
3429,"AT-WC-3429","vivo-y30-camera-glass","Vivo Y30 Camera Glass","Camera Glass","Vivo",12,,50,1,2
3430,"AT-WC-3430","vivo-y51-2020-camera-glass","Vivo Y51 2020 Camera Glass","Camera Glass","Vivo",16,,50,1,2
3431,"AT-WC-3431","vivo-y21-2020-camera-glass","Vivo Y21 2020 Camera Glass","Camera Glass","Vivo",16,,50,1,2
3432,"AT-WC-3432","vivo-v17-pro-camera-glass","Vivo V17 Pro Camera Glass","Camera Glass","Vivo",14,,50,1,2
3433,"AT-WC-3433","vivo-v15-pro-camera-glass","Vivo V15 pro Camera Glass","Camera Glass","Vivo",12,,50,1,2
3434,"AT-WC-3434","vivo-y33s-camera-glass","Vivo Y33s Camera Glass","Camera Glass","Vivo",14,,50,1,2
3435,"AT-WC-3435","vivo-y73-camera-glass","Vivo Y73 Camera Glass","Camera Glass","Vivo",14,,50,1,2
3436,"AT-WC-3436","vivo-y20-camera-glass","Vivo Y20 Camera Glass","Camera Glass","Vivo",14,,50,1,2
3440,"AT-WC-3440","vivo-y21-2020-og-cc-flex","Vivo Y21 2020 Og CC Flex","Charging Flex","Vivo",200,,50,1,2
3441,"AT-WC-3441","realme-c25y-og-cc-flex","Realme C25Y Og CC Flex","Charging Flex","Realme",100,,50,1,2
3443,"AT-WC-3443","mi-note-9-pro-og-cc-flex","Mi Note 9 Pro Og CC Flex","Charging Flex","Xiaomi",85,,50,1,2
3444,"AT-WC-3444","infinix-smart-5-og-cc-flex","Infinix Smart 5 Og CC Flex","Charging Flex","Infinix",85,,50,1,2
3451,"AT-WC-3451","itel-a48-og-cc-flex","Itel A48 Og CC Flex","Charging Flex","Itel",85,,50,1,2
3455,"AT-WC-3455","tecno-kb2-on-off-flex","Tecno Kb2 On/off Flex","Other Products","Tecno",22,,50,1,2
3456,"AT-WC-3456","realme-c25y-on-off-flex","Realme C25Y On/off Flex","Other Products","Realme",22,,50,1,2
3457,"AT-WC-3457","realme-c21y-on-off-flex","Realme C21y On/off Flex","Other Products","Realme",22,,50,1,2
3458,"AT-WC-3458","oppo-f5-on-off-flex","Oppo F5 On/off Flex","Other Products","Oppo",12,,50,1,2
3459,"AT-WC-3459","oppo-f3-on-off-flex","Oppo F3 On/off Flex","Other Products","Oppo",12,,50,1,2
3460,"AT-WC-3460","vivo-s1-on-off-flex","Vivo S1 On/off Flex","Other Products","Vivo",24,,50,1,2
3462,"AT-WC-3462","vivo-y31-new-on-off-flex","Vivo Y31 New On/off Flex","Other Products","Vivo",20,,50,1,2
3463,"AT-WC-3463","vivo-y50-on-off-flex","Vivo Y50 On/off Flex","Other Products","Vivo",20,,50,1,2
3464,"AT-WC-3464","vivo-z1-pro-on-off-flex","Vivo Z1 Pro On/off Flex","Other Products","Vivo",20,,50,1,2
3514,"AT-WC-3514","vivo-v11-pro-on-off-flex","Vivo V11 Pro On/Off Flex","Other Products","Vivo",20,,50,1,2
3515,"AT-WC-3515","vivo-y16-on-off-flex","Vivo Y16 On/Off Flex","Other Products","Vivo",20,,50,1,2
3516,"AT-WC-3516","realme-8-4g-on-off-flex","Realme 8 4G On/Off Flex","Other Products","Realme",18,,50,1,2
3517,"AT-WC-3517","vivo-s1-pro-on-off-flex","Vivo S1 Pro On/Off Flex","Other Products","Vivo",20,,50,1,2
3519,"AT-WC-3519","vivo-y21-2020-on-off-flex","Vivo Y21 2020 On/Off Flex","Other Products","Vivo",18,,50,1,2
3520,"AT-WC-3520","realme-6-on-off-flex","Realme 6 On/Off Flex","Other Products","Realme",12,,50,1,2
3521,"AT-WC-3521","realme-7i-on-off-flex","Realme 7i On/Off Flex","Other Products","Realme",16,,50,1,2
3522,"AT-WC-3522","mi-note-9-on-off-flex","Mi Note 9 On/Off Flex","Other Products","Xiaomi",18,,50,1,2
3523,"AT-WC-3523","mi-note-10-pro-on-off-flex","mi Note 10 Pro On/Off Flex","Other Products","Xiaomi",18,,50,1,2
3524,"AT-WC-3524","mi-9a-on-off-flex","Mi 9A On/Off Flex","Other Products","Xiaomi",14,,50,1,2
3527,"AT-WC-3527","tecno-kc1-on-off-flex","Tecno KC1 On/Off Flex","Other Products","Tecno",22,,50,1,2
3528,"AT-WC-3528","vivo-y75-on-off-flex","Vivo Y75 On/Off Flex","Other Products","Vivo",30,,50,1,2
3529,"AT-WC-3529","infinix-hot-9-on-off-flex","Infinix Hot 9 On/Off Flex","Other Products","Infinix",22,,50,1,2
3530,"AT-WC-3530","tecno-spark-7-pro-on-off-flex","Tecno Spark 7 Pro On/Off Flex","Other Products","Tecno",20,,50,1,2
3531,"AT-WC-3531","vivo-t1-5g-on-off-flex","Vivo T1 5g On/Off Flex","Other Products","Vivo",20,,50,1,2
3532,"AT-WC-3532","realme-9-pro-on-off-flex","Realme 9 Pro On/Off Flex","Other Products","Realme",20,,50,1,2
3533,"AT-WC-3533","samsung-a10-on-off-flex","Samsung A10 On/Off Flex","Other Products","Samsung",20,,50,1,2
3534,"AT-WC-3534","vivo-v15-pro-on-off-flex","Vivo V15 Pro On/Off Flex","Other Products","Vivo",22,,50,1,2
3537,"AT-WC-3537","tecno-6-air-on-off-flex","Tecno 6 Air On/Off Flex","Other Products","Tecno",22,,50,1,2
3538,"AT-WC-3538","infinix-hot-10-play-on-off-flex","Infinix Hot 10 Play On/Off Flex","Other Products","Infinix",22,,50,1,2
3539,"AT-WC-3539","infinix-hot-10s-on-off-flex","Infinix Hot 10s On/Off Flex","Other Products","Infinix",24,,50,1,2
3540,"AT-WC-3540","infinix-hot-10-on-off-flex","Infinix Hot 10 On/Off Flex","Other Products","Infinix",24,,50,1,2
3541,"AT-WC-3541","mi-10a-on-off-flex","Mi 10A On/Off Flex","Other Products","Xiaomi",14,,50,1,2
3542,"AT-WC-3542","mi-a3-on-off-flex","Mi A3 On/Off Flex","Other Products","Xiaomi",18,,50,1,2
3543,"AT-WC-3543","mi-a2-on-off-flex","Mi A2 On/Off Flex","Other Products","Xiaomi",18,,50,1,2
3544,"AT-WC-3544","mi-6-pro-on-off-flex","Mi 6 Pro On/Off Flex","Other Products","Xiaomi",18,,50,1,2
3545,"AT-WC-3545","mi-9-power-on-off-flex","Mi 9 Power On/Off Flex","Other Products","Xiaomi",18,,50,1,2
3546,"AT-WC-3546","mi-10-prime-on-off-flex","Mi 10 Prime On/Off Flex","Other Products","Xiaomi",18,,50,1,2
3547,"AT-WC-3547","mi-k20-on-off-flex","Mi K20 On/Off Flex","Other Products","Xiaomi",18,,50,1,2
3548,"AT-WC-3548","mi-note-10t-on-off-flex","Mi Note 10T On/Off Flex","Other Products","Xiaomi",18,,50,1,2
3549,"AT-WC-3549","mi-note-6-on-off-flex","Mi Note 6 On/Off Flex","Other Products","Xiaomi",18,,50,1,2
3550,"AT-WC-3550","vivo-y02-on-off-flex","Vivo Y02 On/Off Flex","Other Products","Vivo",22,,50,1,2
3551,"AT-WC-3551","oppo-a53-on-off-flex","Oppo A53 On/Off Flex","Other Products","Oppo",14,,50,1,2
3552,"AT-WC-3552","oppo-a5s-on-off-flex","Oppo A5s On/Off Flex","Other Products","Oppo",12,,50,1,2
3553,"AT-WC-3553","oppo-a15-on-off-flex","Oppo A15 On/Off Flex","Other Products","Oppo",22,,50,1,2
3554,"AT-WC-3554","oppo-a5-2020-on-off-flex","Oppo A5 2020 On/Off Flex","Other Products","Oppo",14,,50,1,2
3555,"AT-WC-3555","oppo-f11-pro-on-off-flex","Oppo F11 pro On/Off Flex","Other Products","Oppo",14,,50,1,2
3556,"AT-WC-3556","oppo-f7-on-off-flex","Oppo F7 On/Off Flex","Other Products","Oppo",14,,50,1,2
3624,"AT-WC-3624","mi-note-8-pro-on-off-flex","Mi Note 8 Pro On/Off Flex","Other Products","Xiaomi",20,,50,1,2
3625,"AT-WC-3625","samsung-a02-on-off-flex","Samsung A02 On/Off Flex","Other Products","Samsung",20,,50,1,2
3626,"AT-WC-3626","vivo-y69-on-off-flex","Vivo Y69 On/Off Flex","Other Products","Vivo",18,,50,1,2
3627,"AT-WC-3627","vivo-v15-on-off-flex","Vivo V15 On/Off Flex","Other Products","Vivo",17,,50,1,0
3628,"AT-WC-3628","vivo-y66-on-off-flex","Vivo Y66 On/Off Flex","Other Products","Vivo",18,,50,1,2
3630,"AT-WC-3630","vivo-v7-on-off-flex","Vivo V7 On/Off Flex","Other Products","Vivo",22,,50,1,2
3631,"AT-WC-3631","vivo-v7-on-off-flex-2","Vivo V7+ On/Off Flex","Other Products","Vivo",22,,50,1,2
3640,"AT-WC-3640","mi-note-7-pro-sim-holder","Mi Note 7 Pro Sim Holder","Sim Holder","Xiaomi",25,,50,1,2
3641,"AT-WC-3641","samsung-a03s-sim-holder","Samsung A03S Sim Holder","Sim Holder","Samsung",25,,50,1,2
3642,"AT-WC-3642","realme-xt-sim-holder","Realme Xt Sim Holder","Sim Holder","Realme",25,,50,1,2
3643,"AT-WC-3643","mi-7a-sim-holder","Mi 7A Sim Holder","Sim Holder","Xiaomi",25,,50,1,2
3644,"AT-WC-3644","mi-y1-sim-holder","Mi Y1 Sim Holder","Sim Holder","Xiaomi",30,,50,1,2
3645,"AT-WC-3645","mi-note-4-sim-holder","Mi Note 4 Sim Holder","Sim Holder","Xiaomi",30,,50,1,2
3664,"AT-WC-3664","realme-2-camera-glass","Realme 2 Camera Glass","Camera Glass","Realme",8,,50,1,2
3665,"AT-WC-3665","realme-c55-camera-glass","Realme C55 Camera Glass","Camera Glass","Realme",10,,50,1,2
3666,"AT-WC-3666","mi-note-8-camera-glass","Mi Note 8 Camera Glass","Camera Glass","Xiaomi",10,,50,1,2
3667,"AT-WC-3667","mi-9a-camera-glass","Mi 9A Camera Glass","Camera Glass","Xiaomi",10,,50,1,2
3673,"AT-WC-3673","vivo-v15-pro-orignal-charging-flex","Vivo V15 Pro Orignal Charging Flex","Charging Flex","Vivo",220,,50,2,2
3674,"AT-WC-3674","realme-2-orignal-charging-flex","Realme 2 Orignal Charging Flex","Charging Flex","Realme",95,,50,1,2
3675,"AT-WC-3675","samsung-a12-orignal-charging-flex","Samsung A12 Orignal Charging Flex","Charging Flex","Samsung",95,,50,1,2
3676,"AT-WC-3676","vivo-v9-orignal-charging-flex","Vivo V9 Orignal Charging Flex","Charging Flex","Vivo",95,,50,1,2
3677,"AT-WC-3677","vivo-y19-orignal-charging-flex","Vivo Y19 Orignal Charging Flex","Charging Flex","Vivo",95,,50,1,2
3678,"AT-WC-3678","vivo-y81i-orignal-charging-flex","Vivo Y81I Orignal Charging Flex","Charging Flex","Vivo",95,,50,1,2
3680,"AT-WC-3680","vivo-v11-orignal-charging-flex","Vivo V11 Orignal Charging Flex","Charging Flex","Vivo",105,,50,1,2
3681,"AT-WC-3681","oppo-a16-orignal-charging-flex","Oppo A16 Orignal Charging Flex","Charging Flex","Oppo",95,,50,1,2
3682,"AT-WC-3682","oppo-a54-orignal-charging-flex","Oppo A54 Orignal Charging Flex","Charging Flex","Oppo",90,,50,1,2
3705,"AT-WC-3705","infinix-hot-12-play-orignal-charging-flex","Infinix Hot 12 Play Orignal Charging Flex","Charging Flex","Infinix",110,,50,1,2
3706,"AT-WC-3706","vivo-y50-orignal-charging-flex","Vivo Y50 Orignal Charging Flex","Charging Flex","Vivo",110,,50,1,2
3707,"AT-WC-3707","oppo-a5-2020-orignal-charging-flex","Oppo A5 (2020) Orignal Charging Flex","Charging Flex","Oppo",95,,50,1,2
3708,"AT-WC-3708","oppo-a5s-orignal-charging-flex","Oppo A5S Orignal Charging Flex","Charging Flex","Oppo",95,,50,1,2
3709,"AT-WC-3709","vivo-y30-orignal-charging-flex","Vivo Y30 Orignal Charging Flex","Charging Flex","Vivo",110,,50,1,2
3710,"AT-WC-3710","samsung-a03-orignal-charging-flex","Samsung A03 Orignal Charging Flex","Charging Flex","Samsung",90,,50,1,2
3711,"AT-WC-3711","infinix-hot-10s-orignal-charging-flex","Infinix Hot 10s Orignal Charging Flex","Charging Flex","Infinix",95,,50,1,2
3712,"AT-WC-3712","oppo-f9-pro-orignal-charging-flex","Oppo F9 pro Orignal Charging Flex","Charging Flex","Oppo",75,,50,1,2
3713,"AT-WC-3713","oppo-f1s-orignal-charging-flex","Oppo F1S Orignal Charging Flex","Charging Flex","Oppo",65,,50,1,2
3714,"AT-WC-3714","realme-c25-ringer-set","Realme C25 Ringer set","Speaker","Realme",65,,50,1,0
3715,"AT-WC-3715","realme-c11-ringer-set","Realme C11 Ringer set","Speaker","Realme",65,,50,1,0
3716,"AT-WC-3716","mi-a1-new-ringer-set","Mi A1 New Ringer set","Speaker","Xiaomi",100,,50,1,0
3717,"AT-WC-3717","vivo-s1-ringer-set","Vivo S1 Ringer set","Speaker","Vivo",60,,50,1,0
3718,"AT-WC-3718","mi-note-8-ringer-set","Mi Note 8 Ringer set","Speaker","Xiaomi",100,,50,1,0
3719,"AT-WC-3719","oppo-a52-ringer-set","Oppo A52 Ringer set","Speaker","Oppo",60,,50,1,0
3720,"AT-WC-3720","mi-7-ringer-set","Mi 7 Ringer set","Speaker","Xiaomi",65,,50,1,0
3721,"AT-WC-3721","infinix-smart-4-ringer-set","Infinix Smart 4+ Ringer set","Speaker","Infinix",60,,50,1,0
3724,"AT-WC-3724","oppo-a3s-ringer-set","Oppo A3S Ringer set","Speaker","Oppo",50,,50,1,0
3742,"AT-WC-3742","vivo-y30-ringer-set","Vivo Y30 Ringer set","Speaker","Vivo",60,,50,1,0
3743,"AT-WC-3743","realme-3-pro-ringer-set","Realme 3 pro Ringer set","Speaker","Realme",50,,50,1,0
3744,"AT-WC-3744","infinix-hot-10s-ringer-set","Infinix Hot 10S Ringer set","Speaker","Infinix",60,,50,0,0
3748,"AT-WC-3748","infinix-hot-9-ringer-set","Infinix Hot 9 Ringer set","Speaker","Infinix",50,,50,1,0
3749,"AT-WC-3749","realme-c35-ringer-set","Realme C35 Ringer set","Speaker","Realme",65,,50,1,0
3750,"AT-WC-3750","realme-c20-ringer-set","Realme C20 Ringer set","Speaker","Realme",60,,50,1,0
3751,"AT-WC-3751","oppo-a54-ringer-set","Oppo A54 Ringer set","Speaker","Oppo",60,,50,1,0
3753,"AT-WC-3753","tecno-ke5-ringer-set","Tecno KE5 Ringer set","Speaker","Tecno",65,,50,1,0
3754,"AT-WC-3754","vivo-y19-ringer-set","Vivo Y19 Ringer set","Speaker","Vivo",50,,50,1,0
3755,"AT-WC-3755","infinix-hot-8-ringer-set","Infinix Hot 8 Ringer set","Speaker","Infinix",60,,50,1,0
3785,"AT-WC-3785","samsung-guru-1200-l-c-d-fresh","For Samsung Guru 1200 L.C.D. (Fresh)","Keypad LCD","Samsung",70,,50,1,2
3787,"AT-WC-3787","nokia-105-l-c-d-fresh","For Nokia 105 L.C.D. (Fresh)","Keypad LCD","Nokia",78,,50,1,2
3821,"AT-WC-3821","vivo-y95-charging-flex-orignal","Vivo Y95 Charging Flex Orignal","Charging Flex","Vivo",85,,50,1,2
3823,"AT-WC-3823","mi-7a-orignal-charging-flex","Mi 7A Orignal Charging Flex","Charging Flex","Xiaomi",75,,50,1,2
3824,"AT-WC-3824","mi-note-6-pro-orignal-charging-flex","Mi Note 6 Pro Orignal Charging Flex","Charging Flex","Xiaomi",80,,50,1,2
3825,"AT-WC-3825","mi-y3-redmi-7-orignal-charging-flex","MI Y3/Redmi 7 Orignal Charging Flex","Charging Flex","Xiaomi",75,,50,1,2
3826,"AT-WC-3826","oppo-a53-orignal-charging-flex","Oppo A53 Orignal Charging Flex","Charging Flex","Oppo",85,,50,1,2
3827,"AT-WC-3827","realme-c11-orignal-charging-flex","Realme C11 Orignal Charging Flex","Charging Flex","Realme",85,,50,1,2
3833,"AT-WC-3833","infinix-hot-12-pro-oca-touch-glass","Infinix Hot 12 Pro Oca Touch Glass","OCA Glass","Infinix",30,,50,1,0
3834,"AT-WC-3834","infinix-hot-11s-oca-touch-glass","Infinix Hot 11s Oca Touch Glass","OCA Glass","Infinix",30,,50,1,0
3837,"AT-WC-3837","oppo-f3-oca-touch-glass","Oppo F3 Oca Touch Glass","OCA Glass","Oppo",30,,50,1,0
3838,"AT-WC-3838","realme-1-oppo-f5-oca-touch-glass","Realme 1 / Oppo F5 Oca Touch Glass","OCA Glass","Realme",30,,50,1,0
3848,"AT-WC-3848","oppo-f17-pro-oca-touch-glass","Oppo F17 Pro Oca Touch Glass","OCA Glass","Oppo",30,,50,1,0
3939,"AT-WC-3939","samsung-b310-mic-refresh","Samsung B310 Mic Refresh","Microphone","Samsung",6,,50,1,2
3941,"AT-WC-3941","2-pin-swich","2 Pin Switch Big","Other Products","Unbranded",4,,50,1,2
3943,"AT-WC-3943","4-pin-swich","4 Pin Switch Big","Other Products","Unbranded",4,,50,1,2
3945,"AT-WC-3945","jio-ear-speaker","Jio Ear Speaker","Speaker","Unbranded",10,,50,1,2
3947,"AT-WC-3947","mi-5a-ear-speaker","Mi 5A Ear Speaker","Speaker","Xiaomi",6,,50,1,0
3950,"AT-WC-3950","samsung-b310-ear-speaker","Samsung B310 Ear Speaker","Speaker","Samsung",13,,50,1,2
3953,"AT-WC-3953","samsung-1200-battery-connector","Samsung 1200 Battery Connector","Other Products","Samsung",6,,50,1,2
3955,"AT-WC-3955","samsung-j210-ringer","Samsung J210 Ringer","Speaker","Samsung",20,,50,1,0
4006,"AT-WC-4006","narzo-20-on-off-flex","Realme Narzo 20 On/Off Flex","Other Products","Realme",25,,50,1,2
4007,"AT-WC-4007","narzo-20a-on-off-flex","Realme Narzo 20A On/Off Flex","Other Products","Realme",22,,50,1,2
4008,"AT-WC-4008","narzo-30a-on-off-flex","Realme Narzo 30A On/Off Flex","Other Products","Realme",22,,50,1,2
4009,"AT-WC-4009","mi-a1-new-on-off-flex","Mi A1 New On/Off Flex","Other Products","Xiaomi",15,,50,1,2
4010,"AT-WC-4010","mi-9c-on-off-flex","Mi 9C On/Off Flex","Other Products","Xiaomi",16,,50,1,2
4011,"AT-WC-4011","mi-note-11-on-off-flex","Mi Note 11 On/Off Flex","Other Products","Xiaomi",25,,50,1,2
4012,"AT-WC-4012","oppo-a52-on-off-flex","Oppo A52 On/Off Flex","Other Products","Oppo",12,,50,1,2
4013,"AT-WC-4013","oppo-a57-new-on-off-flex","Oppo A57 New On/Off Flex","Other Products","Oppo",16,,50,1,2
4040,"AT-WC-4040","realme-9-on-off-flex","Realme 9 On/Off Flex","Other Products","Realme",18,,50,1,2
4041,"AT-WC-4041","realme-c20-on-off-flex","Realme C20 On/Off Flex","Other Products","Realme",12,,50,1,2
4042,"AT-WC-4042","oppo-f19-pro-on-off-flex","oppo F19 Pro On/Off Flex","Other Products","Oppo",16,,50,1,2
4043,"AT-WC-4043","oppo-a16-on-off-flex","Oppo A16 On/Off Flex","Other Products","Oppo",12,,50,1,2
4044,"AT-WC-4044","oppo-f11-on-off-flex","Oppo F11 On/Off Flex","Other Products","Oppo",12,,50,1,2
4045,"AT-WC-4045","realme-c11-on-off-flex","Realme C11 On/Off Flex","Other Products","Realme",20,,50,1,2
4046,"AT-WC-4046","oppo-f1s-on-off-flex","Oppo F1S On/Off Flex","Other Products","Oppo",12,,50,1,2
4047,"AT-WC-4047","realme-c25-on-off-flex","Realme C25 On/Off Flex","Other Products","Realme",22,,50,1,2
4048,"AT-WC-4048","realme-8i-on-off-flex","Realme 8I On/Off Flex","Other Products","Realme",15,,50,1,2
4049,"AT-WC-4049","realme-c30-on-off-flex","Realme C30 On/Off Flex","Other Products","Realme",25,,50,1,2
4050,"AT-WC-4050","vivo-v11-on-off-flex","Vivo V11 On/Off Flex","Other Products","Vivo",20,,50,1,2
4051,"AT-WC-4051","vivo-y33s-on-off-flex","Vivo Y33s On/Off Flex","Other Products","Vivo",22,,50,1,2
4053,"AT-WC-4053","vivo-v9-on-off-flex","Vivo V9 On/Off Flex","Other Products","Vivo",18,,50,1,2
4054,"AT-WC-4054","vivo-y30-on-off-flex-2","Vivo Y30 On/Off Flex","Other Products","Vivo",22,,50,1,2
4055,"AT-WC-4055","infinix-hot-11-on-off-flex","Infinix Hot 11 On/Off Flex","Other Products","Infinix",22,,50,1,2
4056,"AT-WC-4056","infinix-hot-11s-on-off-flex","Infinix Hot 11s On/Off Flex","Other Products","Infinix",22,,50,1,2
4057,"AT-WC-4057","infinix-hot-9-play-on-off-flex","Infinix Hot 9 Play On/Off Flex","Other Products","Infinix",22,,50,1,2
4080,"AT-WC-4080","realme-c35-side-rubber-key","Realme C35 Side Rubber Key","Side Rubber Key","Realme",15,,50,1,2
4082,"AT-WC-4082","realme-c21y-side-rubber-key","Realme C21y Side Rubber Key","Side Rubber Key","Realme",15,,50,1,2
4083,"AT-WC-4083","oppo-a33-side-rubber-key","Oppo A33 Old Side Rubber Key","Side Rubber Key","Oppo",15,,50,1,2
4084,"AT-WC-4084","oppo-a37-side-rubber-key","Oppo A37 Side Rubber Key","Side Rubber Key","Oppo",15,,50,1,2
4085,"AT-WC-4085","oppo-a5-2020-side-rubber-key","Oppo A5 2020 Side Rubber Key","Side Rubber Key","Oppo",15,,50,1,2
4086,"AT-WC-4086","oppo-a1k-side-rubber-key","Oppo A1k Side Rubber Key","Side Rubber Key","Oppo",15,,50,1,2
4087,"AT-WC-4087","vivo-y83-pro-side-rubber-key","Vivo Y83 pro Side Rubber Key","Side Rubber Key","Vivo",15,,50,1,2
4088,"AT-WC-4088","vivo-y81-side-rubber-key","Vivo Y81 Side Rubber Key","Side Rubber Key","Vivo",15,,50,1,2
4089,"AT-WC-4089","vivo-y19-side-rubber-key","Vivo Y19 Side Rubber Key","Side Rubber Key","Vivo",15,,50,1,2
4090,"AT-WC-4090","oppo-f1s-side-rubber-key","Oppo F1s Side Rubber Key","Side Rubber Key","Oppo",15,,50,1,2
4091,"AT-WC-4091","mi-5-side-rubber-key","Mi 5 Side Rubber Key","Side Rubber Key","Xiaomi",15,,50,1,2
4092,"AT-WC-4092","mi-5a-side-rubber-key","Mi 5A Side Rubber Key","Side Rubber Key","Xiaomi",15,,50,1,2
4093,"AT-WC-4093","vivo-y91-side-rubber-key","Vivo Y91 Side Rubber Key","Side Rubber Key","Vivo",15,,50,1,2
4094,"AT-WC-4094","vivo-y12-side-rubber-key","Vivo Y12 Side Rubber Key","Side Rubber Key","Vivo",15,,50,1,2
4095,"AT-WC-4095","vivo-v5-side-rubber-key","Vivo V5 Side Rubber Key","Side Rubber Key","Vivo",15,,50,1,2
4096,"AT-WC-4096","vivo-y53-side-rubber-key","Vivo Y53 Side Rubber Key","Side Rubber Key","Vivo",15,,50,1,2
4097,"AT-WC-4097","vivo-y69-side-rubber-key","Vivo Y69 Side Rubber Key","Side Rubber Key","Vivo",15,,50,1,2
4098,"AT-WC-4098","vivo-y66-side-rubber-key","Vivo Y66 Side Rubber Key","Side Rubber Key","Vivo",15,,50,1,2
4099,"AT-WC-4099","vivo-y16-side-rubber-key","Vivo Y16 Side Rubber Key","Side Rubber Key","Vivo",15,,50,1,2
4106,"AT-WC-4106","mi-8-side-rubber-key","Mi 8 Side Rubber Key","Side Rubber Key","Xiaomi",15,,50,1,2
4107,"AT-WC-4107","mi-y1-side-rubber-key","Mi Y1 Side Rubber Key","Side Rubber Key","Xiaomi",15,,50,1,2
4108,"AT-WC-4108","mi-8a-side-rubber-key","Mi 8A Side Rubber Key","Side Rubber Key","Xiaomi",15,,50,1,2
4109,"AT-WC-4109","mi-note-8-pro-side-rubber-key","Mi Note 8 pro Side Rubber Key","Side Rubber Key","Xiaomi",15,,50,1,2
4110,"AT-WC-4110","mi-note-7-side-rubber-key","Mi Note 7 Side Rubber Key","Side Rubber Key","Xiaomi",15,,50,1,2
4111,"AT-WC-4111","mi-note-8-side-rubber-key","Mi Note 8 Side Rubber Key","Side Rubber Key","Xiaomi",15,,50,1,2
4112,"AT-WC-4112","mi-note-9-pro-side-rubber-key","Mi Note 9 Pro Side Rubber Key","Side Rubber Key","Xiaomi",15,,50,1,2
4113,"AT-WC-4113","honer-9-lite-side-rubber-key","Honer 9 lite Side Rubber Key","Side Rubber Key","Unbranded",15,,50,1,2
4114,"AT-WC-4114","vivo-y21l-side-rubber-key","Vivo Y21L Side Rubber Key","Side Rubber Key","Vivo",15,,50,1,2
4115,"AT-WC-4115","realme-8i-side-rubber-key","Realme 8i Side Rubber Key","Side Rubber Key","Realme",15,,50,1,2
4116,"AT-WC-4116","realme-7i-side-rubber-key","Realme 7i Side Rubber Key","Side Rubber Key","Realme",15,,50,1,2
4117,"AT-WC-4117","vivo-y55-side-rubber-key","Vivo Y55 Side Rubber Key","Side Rubber Key","Vivo",15,,50,1,2
4118,"AT-WC-4118","vivo-y51-side-rubber-key","Vivo Y51 old Side Rubber Key","Side Rubber Key","Vivo",15,,50,1,2
4119,"AT-WC-4119","vivo-y71-side-rubber-key","Vivo Y71 Side Rubber Key","Side Rubber Key","Vivo",15,,50,1,2
4120,"AT-WC-4120","mi-note-4-side-rubber-key","Mi Note 4 Side Rubber Key","Side Rubber Key","Xiaomi",15,,50,1,2
4124,"AT-WC-4124","realme-3-pro-side-rubber-key","Realme 3 Pro Side Rubber Key","Side Rubber Key","Realme",15,,50,1,2
4131,"AT-WC-4131","samsung-g530-side-rubber-key","Samsung G530 Side Rubber Key","Side Rubber Key","Samsung",15,,50,1,2
4133,"AT-WC-4133","realme-c1-side-rubber-key","Realme C1 Side Rubber Key","Side Rubber Key","Realme",15,,50,1,2
4135,"AT-WC-4135","oppo-a12-side-rubber-key","Oppo A12 Side Rubber Key","Side Rubber Key","Oppo",15,,50,1,2
4137,"AT-WC-4137","mi-7a-side-rubber-key","Mi 7A Side Rubber Key","Side Rubber Key","Xiaomi",15,,50,1,2
4142,"AT-WC-4142","realme-5-side-rubber-key","Realme 5 Side Rubber Key","Side Rubber Key","Realme",15,,50,1,2
4143,"AT-WC-4143","mi-9a-side-rubber-key","Mi 9A Side Rubber Key","Side Rubber Key","Xiaomi",15,,50,1,2
4144,"AT-WC-4144","honor-9n-side-rubber-key","Honor 9N Side Rubber Key","Side Rubber Key","Unbranded",15,,50,1,2
4145,"AT-WC-4145","oppo-a16","Oppo A16 Side Rubber Key","Side Rubber Key","Oppo",15,,50,1,2
4358,"AT-WC-4358","oppo-a37-charging-conector","Oppo A37 Charging Conector","Charging Connectors","Oppo",3,,50,1,2
4414,"AT-WC-4414","vivo-y21-new-charging-conector","Vivo Y21 New Charging Conector","Charging Connectors","Vivo",25,,50,1,2
4433,"AT-WC-4433","samsung-a30-camera-glass-2","Samsung A30 Camera Glass","Camera Glass","Samsung",6,,50,1,2
4525,"AT-WC-4525","realme-6-charging-conector","Realme 6 Charging Conector","Charging Connectors","Realme",9,,50,1,2
4526,"AT-WC-4526","itel-jio-charging-conector","Itel Jio Charging Conector","Charging Connectors","Itel",1.5,,50,1,2
4561,"AT-WC-4561","mi-note-10-4g-orignal-charging-flex","Mi Note 10 4g Orignal Charging Flex","Charging Flex","Xiaomi",100,,50,1,2
4562,"AT-WC-4562","mi-9-prime-orignal-charging-flex","Mi 9 prime Orignal Charging Flex","Charging Flex","Xiaomi",75,,50,1,2
4563,"AT-WC-4563","redmi-12c-orignal-charging-flex","Redmi 12c Orignal Charging Flex","Charging Flex","Xiaomi",105,,50,1,2
4564,"AT-WC-4564","mi-note-9-orignal-charging-flex","Mi Note 9 Orignal Charging Flex","Charging Flex","Xiaomi",90,,50,1,2
4565,"AT-WC-4565","mi-note-12-orignal-charging-flex","Mi Note 12 Orignal Charging Flex","Charging Flex","Xiaomi",130,,50,1,2
4566,"AT-WC-4566","mi-note-10-pro-orignal-charging-flex","Mi Note 10 Pro Orignal Charging Flex","Charging Flex","Xiaomi",95,,50,1,2
4567,"AT-WC-4567","realme-narzo-50a-orignal-charging-flex","Realme Narzo 50A Orignal Charging Flex","Charging Flex","Realme",90,,50,1,2
4568,"AT-WC-4568","mi-y2-orignal-charging-flex","Mi Y2 Orignal Charging Flex","Charging Flex","Xiaomi",80,,50,1,2
4569,"AT-WC-4569","vivo-v21-4g-orignal-charging-flex","Vivo V21 4g Orignal Charging Flex","Charging Flex","Vivo",95,,50,1,2
4570,"AT-WC-4570","vivo-v17-orignal-charging-flex","Vivo V17 Orignal Charging Flex","Charging Flex","Vivo",140,,50,1,2
4571,"AT-WC-4571","vivo-y02-orignal-charging-flex","Vivo Y02 Orignal Charging Flex","Charging Flex","Vivo",110,,50,1,2
4572,"AT-WC-4572","vivo-y73-orignal-charging-flex","Vivo Y73 Orignal Charging Flex","Charging Flex","Vivo",95,,50,1,2
4573,"AT-WC-4573","vivo-t1-5g-orignal-charging-flex","Vivo T1 5G Orignal Charging Flex","Charging Flex","Vivo",150,,50,1,2
4574,"AT-WC-4574","vivo-v20-orignal-charging-flex","Vivo V20 Orignal Charging Flex","Charging Flex","Vivo",100,,50,1,2
4575,"AT-WC-4575","vivo-y51-new-orignal-charging-flex","Vivo Y51 New Orignal Charging Flex","Charging Flex","Vivo",100,,50,1,2
4576,"AT-WC-4576","realme-c20-orignal-charging-flex","Realme C20 Orignal Charging Flex","Charging Flex","Realme",80,,50,1,2
4577,"AT-WC-4577","realme-8i-orignal-charging-flex","Realme 8i Orignal Charging Flex","Charging Flex","Realme",85,,50,1,2
4578,"AT-WC-4578","realme-9i-orignal-charging-flex","Realme 9i Orignal Charging Flex","Charging Flex","Realme",100,,50,1,2
4579,"AT-WC-4579","realme-c35-orignal-charging-flex","Realme C35 Orignal Charging Flex","Charging Flex","Realme",90,,50,1,2
4580,"AT-WC-4580","oppo-f5-orignal-charging-flex","Oppo F5 Orignal Charging Flex","Charging Flex","Oppo",70,,50,1,2
4623,"AT-WC-4623","realme-8-4g-orignal-charging-flex","Realme 8 4g Orignal Charging Flex","Charging Flex","Realme",120,,50,1,2
4624,"AT-WC-4624","oppo-a57-new-orignal-charging-flex","Oppo A57 New Orignal Charging Flex","Charging Flex","Oppo",130,,50,1,2
4626,"AT-WC-4626","realme-2-pro-orignal-charging-flex","Realme 2 pro Orignal Charging Flex","Charging Flex","Realme",75,,50,1,2
4627,"AT-WC-4627","infinix-hot-20-play-orignal-charging-flex","Infinix Hot 20 Play Orignal Charging Flex","Charging Flex","Infinix",98,,50,1,2
4628,"AT-WC-4628","one-plus-nord-ce2-orignal-charging-flex","One Plus Nord CE2 Orignal Charging Flex","Charging Flex","Unbranded",150,,50,1,2
4629,"AT-WC-4629","lava-z3-orignal-charging-flex","Lava Z3 Orignal Charging Flex","Charging Flex","Lava",115,,50,1,2
4630,"AT-WC-4630","jio-next-orignal-charging-flex","Jio Next Orignal Charging Flex","Charging Flex","Unbranded",132,,50,1,2
4631,"AT-WC-4631","tecno-spark-8-orignal-charging-flex","Tecno Spark 8 Orignal Charging Flex","Charging Flex","Tecno",80,,50,1,2
4632,"AT-WC-4632","infinix-smart-7-orignal-charging-flex","Infinix Smart 7 Orignal Charging Flex","Charging Flex","Infinix",150,,50,1,2
4633,"AT-WC-4633","inifinix-hot-20-5g-orignal-charging-flex","Inifinix Hot 20 5g Orignal Charging Flex","Charging Flex","Unbranded",98,,50,1,2
4634,"AT-WC-4634","infinix-hot-11-orignal-charging-flex","Infinix Hot 11 Orignal Charging Flex","Charging Flex","Infinix",95,,50,1,2
4635,"AT-WC-4635","inifinix-hot-10-orignal-charging-flex","Inifinix Hot 10 Orignal Charging Flex","Charging Flex","Unbranded",75,,50,1,2
4636,"AT-WC-4636","tecno-spark-go-2023-orignal-charging-flex","Tecno Spark Go 2023 Orignal Charging Flex","Charging Flex","Tecno",125,,50,1,2
4637,"AT-WC-4637","moto-e7-power-orignal-charging-flex","Moto E7 Power Orignal Charging Flex","Charging Flex","Motorola",85,,50,1,2
4638,"AT-WC-4638","infinix-hot-10-play-orignal-charging-flex","Infinix Hot 10 Play Orignal Charging Flex","Charging Flex","Infinix",75,,50,1,2
4639,"AT-WC-4639","samsung-a22-5g-orignal-charging-flex","Samsung A22 5g Orignal Charging Flex","Charging Flex","Samsung",80,,50,1,2
4640,"AT-WC-4640","samsung-a70-orignal-charging-flex","Samsung A70 Orignal Charging Flex","Charging Flex","Samsung",220,,50,1,2
4641,"AT-WC-4641","samsung-m01-orignal-charging-flex","Samsung M01 Orignal Charging Flex","Charging Flex","Samsung",80,,50,1,2
4642,"AT-WC-4642","samsung-a14-5g-orignal-charging-flex","Samsung A14 5g Orignal Charging Flex","Charging Flex","Samsung",90,,50,1,2
4643,"AT-WC-4643","samsung-a32-4g-orignal-charging-flex","Samsung A32 4g Orignal Charging Flex","Charging Flex","Samsung",90,,50,1,2
4672,"AT-WC-4672","mi-poco-f1-orignal-charging-flex","Mi Poco F1 Orignal Charging Flex","Charging Flex","Poco",80,,50,1,2
4673,"AT-WC-4673","realme-narzo-30a-orignal-charging-flex","Realme Narzo 30A Orignal Charging Flex","Charging Flex","Realme",90,,50,1,2
4674,"AT-WC-4674","samaung-f62-orignal-charging-flex","Samaung F62 Orignal Charging Flex","Charging Flex","Unbranded",240,,50,1,2
4675,"AT-WC-4675","oppo-f17-orignal-charging-flex","Oppo F17 Orignal Charging Flex","Charging Flex","Oppo",115,,50,1,2
4676,"AT-WC-4676","oppo-a33-orignal-charging-flex","Oppo A33 Orignal Charging Flex","Charging Flex","Oppo",85,,50,1,2
4677,"AT-WC-4677","realme-8-5g-orignal-charging-flex","Realme 8 5g Orignal Charging Flex","Charging Flex","Realme",90,,50,1,2
4678,"AT-WC-4678","tecno-kg5-orignal-charging-flex","Tecno KG5 Orignal Charging Flex","Charging Flex","Tecno",90,,50,1,2
4679,"AT-WC-4679","vivo-y51l-orignal-charging-flex","Vivo Y51l Orignal Charging Flex","Charging Flex","Vivo",105,,50,1,2
4681,"AT-WC-4681","samsung-a51-orignal-charging-flex","Samsung A51 Orignal Charging Flex","Charging Flex","Samsung",95,,50,1,2
4683,"AT-WC-4683","samsung-a13-5g-orignal-charging-flex","Samsung A13 5G Orignal Charging Flex","Charging Flex","Samsung",90,,50,1,2
4684,"AT-WC-4684","oppo-a71-orignal-charging-flex","Oppo A71 Orignal Charging Flex","Charging Flex","Oppo",95,,50,1,2
4685,"AT-WC-4685","samsung-a21s-orignal-charging-flex","Samsung A21s Orignal Charging Flex","Charging Flex","Samsung",80,,50,1,2
4686,"AT-WC-4686","oppo-a52-orignal-charging-flex","Oppo A52 Orignal Charging Flex","Charging Flex","Oppo",90,,50,1,2
4687,"AT-WC-4687","vivo-y75-5g-orignal-charging-flex","Vivo Y75 5G Orignal Charging Flex","Charging Flex","Vivo",135,,50,1,2
4688,"AT-WC-4688","samsung-a33-5g-orignal-charging-flex","Samsung A33 5G Orignal Charging Flex","Charging Flex","Samsung",125,,50,1,2
4735,"AT-WC-4735","vivo-v11-pro-orignal-charging-flex","Vivo V11 Pro Orignal Charging Flex","Charging Flex","Vivo",110,,50,1,2
4736,"AT-WC-4736","oppo-a17-orignal-charging-flex","Oppo A17 Orignal Charging Flex","Charging Flex","Oppo",90,,50,1,2
4737,"AT-WC-4737","one-nord-2-orignal-charging-flex","One + Nord 2 Orignal Charging Flex","Charging Flex","Unbranded",105,,50,1,2
4738,"AT-WC-4738","oppo-a31-2020-orignal-charging-flex","Oppo A31 2020 Orignal Charging Flex","Charging Flex","Oppo",85,,50,1,2
4739,"AT-WC-4739","vivo-y15s-orignal-charging-flex","Vivo Y15S Orignal Charging Flex","Charging Flex","Vivo",95,,50,1,2
4740,"AT-WC-4740","samsung-a01-core-orignal-charging-flex","Samsung A01 Core Orignal Charging Flex","Charging Flex","Samsung",85,,50,1,2
4741,"AT-WC-4741","samsung-a04-orignal-charging-flex","Samsung A04 Orignal Charging Flex","Charging Flex","Samsung",90,,50,1,2
4742,"AT-WC-4742","realme-c30-orignal-charging-flex","Realme C30 Orignal Charging Flex","Charging Flex","Realme",90,,50,1,2
4745,"AT-WC-4745","samsung-a11-orignal-charging-flex","Samsung A11 Orignal Charging Flex","Charging Flex","Samsung",75,,50,1,2
4746,"AT-WC-4746","oppo-a33-new-orignal-charging-flex","Oppo A33 New Orignal Charging Flex","Charging Flex","Oppo",90,,50,1,2
4747,"AT-WC-4747","samsung-a10s-orignal-charging-flex","Samsung A10s Orignal Charging Flex","Charging Flex","Samsung",70,,50,1,2
4748,"AT-WC-4748","realme-narzo-n53-orignal-charging-flex","Realme Narzo N53 Orignal Charging Flex","Charging Flex","Realme",160,,50,1,2
4749,"AT-WC-4749","oppo-a55-orignal-charging-flex","Oppo A55 Orignal Charging Flex","Charging Flex","Oppo",85,,50,1,2
4751,"AT-WC-4751","oppo-f7-orignal-charging-flex","Oppo F7 Orignal Charging Flex","Charging Flex","Oppo",65,,50,1,2
4753,"AT-WC-4753","vivo-v21-5g-orignal-charging-flex","Vivo V21 5G Orignal Charging Flex","Charging Flex","Vivo",260,,50,1,2
4754,"AT-WC-4754","vivo-y35-orignal-charging-flex","Vivo Y35 Orignal Charging Flex","Charging Flex","Vivo",110,,50,1,2
4755,"AT-WC-4755","vivo-y16-orignal-charging-flex","Vivo Y16 Orignal Charging Flex","Charging Flex","Vivo",110,,50,1,2
4756,"AT-WC-4756","samsung-a02-orignal-charging-flex","Samsung A02 Orignal Charging Flex","Charging Flex","Samsung",80,,50,1,2
4757,"AT-WC-4757","samsung-m51-orignal-charging-flex","Samsung M51 Orignal Charging Flex","Charging Flex","Samsung",240,,50,1,2
4758,"AT-WC-4758","realme-7i-orignal-charging-flex","Realme 7i Orignal Charging Flex","Charging Flex","Realme",90,,50,1,2
4759,"AT-WC-4759","realme-c25-orignal-charging-flex","Realme C25 Orignal Charging Flex","Charging Flex","Realme",90,,50,1,2
4760,"AT-WC-4760","samsung-a10-orignal-charging-flex","Samsung A10 Orignal Charging Flex","Charging Flex","Samsung",85,,50,1,2
4761,"AT-WC-4761","oppo-f17-pro-orignal-charging-flex","Oppo F17 Pro Orignal Charging Flex","Charging Flex","Oppo",115,,50,1,2
4762,"AT-WC-4762","oppo-f19-orignal-charging-flex-2","Oppo F19 Orignal Charging Flex","Charging Flex","Oppo",120,,50,1,2
4763,"AT-WC-4763","oppo-f198-orignal-charging-flex","Oppo F19 Pro Orignal Charging Flex","Charging Flex","Oppo",120,,50,1,2
4764,"AT-WC-4764","samsung-a71-orignal-charging-flex","Samsung A71 Orignal Charging Flex","Charging Flex","Samsung",240,,50,1,2
4765,"AT-WC-4765","samsung-a04s-orignal-charging-flex","Samsung A04s Orignal Charging Flex","Charging Flex","Samsung",85,,50,1,2
4766,"AT-WC-4766","tecno-spark-8t-orignal-charging-flex","Tecno Spark 8T Orignal Charging Flex","Charging Flex","Tecno",90,,50,1,2
4767,"AT-WC-4767","tecno-pop-7-pro-orignal-charging-flex","Tecno Pop 7 Pro Orignal Charging Flex","Charging Flex","Tecno",130,,50,1,2
4768,"AT-WC-4768","tecno-pop-6-pro-orignal-charging-flex","Tecno Pop 6 Pro Orignal Charging Flex","Charging Flex","Tecno",130,,50,1,2
5433,"AT-WC-5433","tecno-spark-7t-og-cc-flex","Tecno Spark 7T Charging Flex Orignal","Charging Flex","Tecno",95,,50,1,2
5434,"AT-WC-5434","samsung-a20s-m14-og-cc-flex","Samsung A20s (M14) Charging Flex Orignal","Charging Flex","Samsung",70,,50,1,2
5467,"AT-WC-5467","oppo-f15-charging-flex","Oppo F15 Charging Flex","Charging Flex","Oppo",90,,50,1,2
5505,"AT-WC-5505","oppo-f5-charging-flex","Oppo F5 Charging Flex","Charging Flex","Oppo",65,,50,1,2
5507,"AT-WC-5507","realme-8-pro-charging-flex","Realme 8 Pro Charging Flex","Charging Flex","Realme",85,,50,1,2
5516,"AT-WC-5516","honor-8x-charging-flex","Honor 8X Charging Flex","Charging Flex","Unbranded",65,,50,1,2
5522,"AT-WC-5522","tecno-in3-charging-flex","Tecno In3 Charging Flex","Charging Flex","Tecno",60,,50,1,2
5530,"AT-WC-5530","itel-a41-charging-flex","Itel A41 Charging Flex","Charging Flex","Itel",55,,50,1,2
5703,"AT-WC-5703","oppo-a3s-charging-flex-orignal","Oppo A3s Charging Flex Orignal","Charging Flex","Oppo",75,,50,1,2
5704,"AT-WC-5704","oppo-a57-charging-flex-orignal","Oppo A57 Charging Flex Orignal","Charging Flex","Oppo",70,,50,1,2
5705,"AT-WC-5705","vivo-y75-4g-charging-flex-orignal","Vivo Y75 (4G) Charging Flex Orignal","Charging Flex","Vivo",270,,50,1,2
5707,"AT-WC-5707","realme-9-5g-on-off-flex","Realme 9 5G on/off Flex","Other Products","Realme",16,,50,1,2
5849,"AT-WC-5849","nokia-16-pin-1-8-l-c-d","For Nokia 16 pin 1.8 L.C.D.","Keypad LCD","Nokia",95,,50,1,2
5850,"AT-WC-5850","jio-bharat-20-pin-1-8-l-c-d","For Jio Bharat 20 pin 1.8 L.C.D.","Keypad LCD","OnePlus",78,,50,1,2
5851,"AT-WC-5851","all-use-24-pin-2-4-l-c-d","All Use 24 Pin 2.4 L.C.D.","Keypad LCD","Unbranded",105,,50,1,2
5852,"AT-WC-5852","cellcor-16-pin-2-4-l-c-d","For Cellcor 16 Pin 2.4 L.C.D.","Keypad LCD","Unbranded",112,,50,1,2
5853,"AT-WC-5853","cellcor-16-pin-1-8-l-c-d","For Cellcor 16 pin 1.8 L.C.D.","Keypad LCD","OnePlus",73,,50,1,2
5854,"AT-WC-5854","cellcor-14-pin-1-8-l-c-d","For Cellcor 14 Pin 1.8 L.C.D.","Keypad LCD","OnePlus",73,,50,1,2
5855,"AT-WC-5855","kechoda-k115-14-pin-l-c-d","For Kechoda K115 14 Pin L.C.D.","Keypad LCD","Unbranded",72,,50,1,2
5856,"AT-WC-5856","kechoda-a26-l-c-d","For Kechoda A26 L.C.D.","Keypad LCD","Unbranded",118,,50,1,2
6669,"AT-WC-6669","vivo-y71-main-flex","Vivo Y71 Main Flex","Main Flex","Vivo",45,,50,1,2
6670,"AT-WC-6670","oppo-a12-main-flex","Oppo A12 Main Flex","Main Flex","Oppo",45,,50,1,2
6671,"AT-WC-6671","mi-note-3-main-flex","Mi Note 3 Main Flex","Main Flex","Xiaomi",40,,50,1,2
6672,"AT-WC-6672","samsung-a30s-main-flex","Samsung A30s Main Flex","Main Flex","Samsung",55,,50,1,2
6711,"AT-WC-6711","mi-y2-finger-fingerprint-sensor","Mi Y2 Finger Fingerprint Sensor","Fingerprint Sensor","Xiaomi",135,,50,1,2
6712,"AT-WC-6712","oppo-f11-pro-fingerprint-sensor","Oppo F11 Pro Fingerprint Sensor","Fingerprint Sensor","Oppo",160,,50,1,2
6713,"AT-WC-6713","samsung-m30-m21-fingerprint-sensor","Samsung M30 , M21 Fingerprint Sensor","Fingerprint Sensor","Samsung",120,,50,1,2
6714,"AT-WC-6714","mi-note-5-fingerprint-sensor","Mi Note 5 Fingerprint Sensor","Fingerprint Sensor","Xiaomi",115,,50,1,2
6715,"AT-WC-6715","realme-c12-c15-fingerprint-sensor","Realme C12 , C15 Fingerprint Sensor","Fingerprint Sensor","Realme",145,,50,1,2
6716,"AT-WC-6716","realme-8i-narzo-50-fingerprint-sensor","Realme 8i , Narzo 50 Fingerprint Sensor","Fingerprint Sensor","Realme",150,,50,1,2
6717,"AT-WC-6717","mi-note-5-pro-fingerprint-sensor","Mi Note 5 Pro Fingerprint Sensor","Fingerprint Sensor","Xiaomi",115,,50,1,2
6718,"AT-WC-6718","tecno-spark-8-fingerprint-sensor","Tecno Spark 8 Fingerprint Sensor","Fingerprint Sensor","Tecno",150,,50,1,2
6719,"AT-WC-6719","6719","Realme 2 Fingerprint Sensor","Fingerprint Sensor","Realme",170,,50,1,2
6720,"AT-WC-6720","vivo-y91-y93-y95-fingerprint-sensor","Vivo Y91 , Y93 , Y95 Fingerprint Sensor","Fingerprint Sensor","Vivo",150,,50,1,2
6749,"AT-WC-6749","mi-y1-fingerprint-sensor","Mi y1 Fingerprint Sensor","Fingerprint Sensor","Xiaomi",115,,50,1,2
6750,"AT-WC-6750","oppo-a15-a16-fingerprint-sensor","Oppo A15 , A16 Fingerprint Sensor","Fingerprint Sensor","Oppo",90,,50,1,2
6751,"AT-WC-6751","realme-3-fingerprint-sensor","Realme 3 Fingerprint Sensor","Fingerprint Sensor","Realme",160,,50,1,2
6752,"AT-WC-6752","samsung-a12-a14-fingerprint-sensor","Samsung A12 ,A14 Fingerprint Sensor","Fingerprint Sensor","Samsung",50,,50,1,2
6753,"AT-WC-6753","mi-note-9-pro-fingerprint-sensor","Mi Note 9 Pro Fingerprint Sensor","Fingerprint Sensor","Xiaomi",150,,50,1,2
6754,"AT-WC-6754","oppo-a57-new-fingerprint-sensor","Oppo A57 New Fingerprint Sensor","Fingerprint Sensor","Oppo",160,,50,1,2
6755,"AT-WC-6755","mi-12-5g-fingerprint-sensor","Mi 12 5G Fingerprint Sensor","Fingerprint Sensor","Xiaomi",250,,50,1,2
6756,"AT-WC-6756","mi-note-7-fingerprint-sensor","Mi Note 7 Fingerprint Sensor","Fingerprint Sensor","Xiaomi",150,,50,1,2
6757,"AT-WC-6757","vivo-y51-new-fingerprint-sensor","Vivo Y51 New Fingerprint Sensor","Fingerprint Sensor","Vivo",160,,50,1,2
6758,"AT-WC-6758","vivo-y21-new-fingerprint-sensor","Vivo Y21 New Fingerprint Sensor","Fingerprint Sensor","Vivo",160,,50,1,2
6760,"AT-WC-6760","samsung-a13-a02-fingerprint-sensor","Samsung A13 , A02  Fingerprint Sensor","Fingerprint Sensor","Samsung",50,,50,1,2
6761,"AT-WC-6761","vivo-y20-fingerprint-sensor","Vivo Y20  Fingerprint Sensor","Fingerprint Sensor","Vivo",150,,50,1,2
6762,"AT-WC-6762","samsung-a20-a30-fingerprint-sensor","Samsung A20 , A30  Fingerprint Sensor","Fingerprint Sensor","Samsung",120,,50,1,2
6968,"AT-WC-6968","realme-c2-a1k-spk-jali","Realme C2 \ A1K Spk Jali","Speaker Grill / Jali","Realme",12,,50,1,2
6969,"AT-WC-6969","realme-c11-spk-jali","Realme C11 Spk Jali","Speaker Grill / Jali","Realme",12,,50,1,2
6970,"AT-WC-6970","oppo-a53-realme-7i-spk-jali","Oppo A53 / Realme 7i Spk Jali","Speaker Grill / Jali","Realme",12,,50,1,2
7307,"AT-WC-7307","infinix-hot-11-2022-charging-flex-orignal","Infinix Hot 11 2022 Charging Flex Orignal","Charging Flex","Infinix",85,,50,1,2
7308,"AT-WC-7308","realme-9-4g-charging-flex-orignal","Realme 9 4G Charging Flex Orignal","Charging Flex","Realme",90,,50,1,2
7309,"AT-WC-7309","tecno-spark-go-2021-charging-flex-orignal","Tecno Spark go 2021 Charging Flex Orignal","Charging Flex","Tecno",85,,50,1,2
7310,"AT-WC-7310","mi-pocp-m3-charging-flex-orignal","Mi Poco M3 Charging Flex Orignal","Charging Flex","Poco",85,,50,1,2
7311,"AT-WC-7311","realme-c11-2021-charging-flex-orignal","Realme C11 2021 Charging Flex Orignal","Charging Flex","Realme",85,,50,1,2
7312,"AT-WC-7312","mi-k20-charging-flex-orignal","Mi K20 Charging Flex Orignal","Charging Flex","Xiaomi",220,,50,1,2
7327,"AT-WC-7327","mi-note-11-4g-charging-flex-orignal","Mi Note 11 4G Charging Flex Orignal","Charging Flex","Xiaomi",110,,50,1,2
7414,"AT-WC-7414","vivo-y91-ear-speaker","Vivo Y91 Ear Speaker","Speaker","Vivo",12,,50,1,2
7721,"AT-WC-7721","itel-bl-5c-battery","For Itel Bl-5C Battery","Battery","Itel",70,,50,1,2
7724,"AT-WC-7724","samsung-x200-battery","For Samsung X200 Battery","Battery","Samsung",80,,50,1,2
7725,"AT-WC-7725","itel-bl-25bi-battery","For Itel Bl-25Bi Battery","Battery","Itel",120,,50,1,2
7726,"AT-WC-7726","lava-leb023-battery","For Lava LEB023 Battery","Battery","Lava",120,,50,1,2
7727,"AT-WC-7727","jio-f90-battery","For Jio F90 Battery","Battery","Unbranded",110,,50,1,2
7965,"AT-WC-7965","vivo-y50-back-panel","For Vivo Y50 Back Panel","Back Panel","Vivo",110,,50,1,2
7966,"AT-WC-7966","realme-c31-back-panel","For Realme C31 Back Panel","Back Panel","Realme",125,,50,1,2
7990,"AT-WC-7990","oppo-a33-new-on-off-flex","Oppo A33 new on/off Flex","Other Products","Oppo",14,,50,1,2
8059,"AT-WC-8059","samsung-a13-4g-charging-flex-orignal","Samsung A13 (4g) Charging Flex Orignal","Charging Flex","Samsung",82,,50,1,2
8060,"AT-WC-8060","realme-3i-charging-flex-orignal","Realme 3i Charging Flex Orignal","Charging Flex","Realme",90,,50,1,2
8061,"AT-WC-8061","tecno-spark-10-charging-flex-orignal","Tecno Spark 10 Charging Flex Orignal","Charging Flex","Tecno",115,,50,1,2
8062,"AT-WC-8062","samsung-f13-4g-charging-flex-orignal","Samsung F13 (4g) Charging Flex Orignal","Charging Flex","Samsung",82,,50,1,2
8067,"AT-WC-8067","t4-tool-screw-driver","T4 tool screw driver","Repair Tools","Unbranded",60,,50,1,2
8081,"AT-WC-8081","8081","For Lava Bl-5C Battery","Battery","Lava",70,,50,1,2
8188,"AT-WC-8188","mi-note-5-camera-glass","Mi Note 5 Camera Glass","Camera Glass","Xiaomi",7,,50,1,2
8189,"AT-WC-8189","vivo-y76-camera-glass","Vivo Y76 Camera Glass","Camera Glass","Vivo",13,,50,1,2
8190,"AT-WC-8190","mi-poco-c55-camera-glass","Mi Poco C55 Camera Glass","Camera Glass","Poco",13,,50,1,2
8191,"AT-WC-8191","mi-note-5-pro-camera-glass","Mi Note 5 Pro Camera Glass","Camera Glass","Xiaomi",12,,50,1,2
8207,"AT-WC-8207","oppo-a57-fingerprint-sensor","Oppo A57 Fingerprint Sensor","Fingerprint Sensor","Oppo",120,,50,1,2
8212,"AT-WC-8212","rma-223-solder-flux-pest","RMA-223 Solder Flux Pest","Repair Tools","Unbranded",25,,50,1,2
8369,"AT-WC-8369","one-6t-ringer-set","One + 6T Ringer set","Speaker","Unbranded",110,,50,1,2
8371,"AT-WC-8371","one-nord-2-ringer-set","One + Nord 2 Ringer set","Speaker","Unbranded",110,,50,1,2
8409,"AT-WC-8409","one-7t-ringer-set","One + 7T Ringer set","Speaker","Unbranded",110,,50,1,2
8410,"AT-WC-8410","one-nord-ce-2-ringer-set","one + Nord CE 2 Ringer set","Speaker","Unbranded",70,,50,1,2
8411,"AT-WC-8411","mi-10c-ringer-set","Mi 10C Ringer set","Speaker","Xiaomi",80,,50,1,2
8412,"AT-WC-8412","samsung-a02-ringer-set","Samsung A02 Ringer set","Speaker","Samsung",80,,50,1,2
8413,"AT-WC-8413","samsung-a03s-ringer-set","Samsung A03S Ringer set","Speaker","Samsung",110,,50,1,2
8414,"AT-WC-8414","samsung-a04e-ringer-set","Samsung A04E Ringer set","Speaker","Samsung",110,,50,1,2
8415,"AT-WC-8415","oppo-a5s-ringer-set-2","Oppo A5S Ringer set","Speaker","Oppo",80,,50,1,2
8416,"AT-WC-8416","oppo-a53-ringer-set","Oppo A53 Ringer set","Speaker","Oppo",75,,50,1,2
8417,"AT-WC-8417","oppo-a57-new-ringer-set","Oppo A57 New Ringer set","Speaker","Oppo",85,,50,1,2
8418,"AT-WC-8418","oppo-a57-ringer-set","Oppo A57 Ringer set","Speaker","Oppo",85,,50,1,2
8421,"AT-WC-8421","samsung-a04s-ringer-set","Samsung A04S Ringer set","Speaker","Samsung",110,,50,1,2
8422,"AT-WC-8422","oppo-a71-ringer-set","Oppo A71 Ringer set","Speaker","Oppo",85,,50,1,2
8423,"AT-WC-8423","realme-c3-realme-5-ringer-set","Realme C3/ Realme 5 Ringer set","Speaker","Realme",65,,50,1,2
8424,"AT-WC-8424","realme-c21y-ringer-set","Realme C21Y / C25Y Ringer set","Speaker","Realme",70,,50,1,2
8425,"AT-WC-8425","realme-c30-ringer-set","Realme C30 Ringer set","Speaker","Realme",80,,50,1,2
8426,"AT-WC-8426","oppo-f9-ringer-set","Oppo F9 Ringer set","Speaker","Oppo",90,,50,1,2
8427,"AT-WC-8427","oppo-f11-pro-ringer-set","Oppo F11 pro Ringer set","Speaker","Oppo",80,,50,1,2
8428,"AT-WC-8428","moto-g8-power-lite-ringer-set","Moto G8 Power Lite Ringer set","Speaker","Motorola",90,,50,1,2
8429,"AT-WC-8429","moto-g82-5g-ringer-set","Moto G82 5G Ringer set","Speaker","Motorola",90,,50,1,2
8430,"AT-WC-8430","mi-note-12-5g-ringer-set","Mi Note 12 5g Ringer set","Speaker","Xiaomi",65,,50,1,2
8431,"AT-WC-8431","realme-6-ringer-set","Realme 6 Ringer set","Speaker","Realme",70,,50,1,2
8432,"AT-WC-8432","mi-10-prime-ringer-set","Mi 10 Prime Ringer set","Speaker","Xiaomi",65,,50,1,2
8434,"AT-WC-8434","tecno-spark-7-ringer-set","Tecno Spark 7 Ringer set","Speaker","Tecno",70,,50,1,2
8435,"AT-WC-8435","vivo-t1-5g-ringer-set","Vivo T1 5g Ringer set","Speaker","Vivo",75,,50,1,2
8436,"AT-WC-8436","vivo-v20-4g-ringer-set","Vivo V20 4g Ringer set","Speaker","Vivo",80,,50,1,2
8437,"AT-WC-8437","vivo-y35-ringer-set","Vivo Y35 Ringer set","Speaker","Vivo",65,,50,1,2
8438,"AT-WC-8438","vivo-y22-ringer-set","Vivo y22 Ringer set","Speaker","Vivo",65,,50,1,2
8439,"AT-WC-8439","vivo-y27-ringer-set","Vivo Y27 Ringer set","Speaker","Vivo",80,,50,1,2
8440,"AT-WC-8440","vivo-y33s-y33-new-ringer-set","Vivo Y33S / Y33 New Ringer set","Speaker","Vivo",80,,50,1,2
8441,"AT-WC-8441","infinix-hot-10-ringer-set","Infinix Hot 10 Ringer set","Speaker","Infinix",60,,50,0,2
8442,"AT-WC-8442","infinix-hot-12-play-ringer-set","Infinix Hot 12 Play Ringer set","Speaker","Infinix",80,,50,1,2
8444,"AT-WC-8444","mi-note-9-pro-ringer-set","Mi Note 9 Pro Ringer set","Speaker","Xiaomi",130,,50,1,2
8445,"AT-WC-8445","mi-note-10-4g-ringer-set","Mi Note 10 4G Ringer set","Speaker","Xiaomi",65,,50,1,2
8446,"AT-WC-8446","mi-note-11-4g-ringer-set","Mi Note 11 4G Ringer set","Speaker","Xiaomi",65,,50,1,2
8447,"AT-WC-8447","one-nord-ringer-set","One + Nord Ringer set","Speaker","Unbranded",100,,50,1,2
8684,"AT-WC-8684","realme-c25-side-rubber-key","Realme C25 Side Rubber Key","Side Rubber Key","Realme",15,,50,1,2
8685,"AT-WC-8685","mi-7-y3-side-rubber-key","Mi 7 / Y3 Side Rubber Key","Side Rubber Key","Xiaomi",15,,50,1,2
8688,"AT-WC-8688","vivo-v15-sim-holder","Vivo V15 Sim Holder","Sim Holder","Vivo",30,,50,1,2
8690,"AT-WC-8690","mi-8-sim-holder","Mi 8 Sim Holder","Sim Holder","Xiaomi",30,,50,1,2
8691,"AT-WC-8691","realme-9i-5g-sim-holder","Realme 9I 5g Sim Holder","Sim Holder","Realme",30,,50,1,2
8692,"AT-WC-8692","vivo-v15-pro-sim-holder","Vivo V15 Pro Sim Holder","Sim Holder","Vivo",30,,50,1,2
8693,"AT-WC-8693","samsung-a50-sim-holder","Samsung A50 Sim Holder","Sim Holder","Samsung",30,,50,1,2
8698,"AT-WC-8698","vivo-v5-sim-holder","Vivo V5 Sim Holder","Sim Holder","Vivo",30,,50,1,2
8700,"AT-WC-8700","realme-2-on-off-flex","Realme 2 on/off Flex","Other Products","Realme",16,,50,1,2
8701,"AT-WC-8701","realme-8-5g-on-off-flex","Realme 8 5G on/off Flex","Other Products","Realme",16,,50,1,2
8702,"AT-WC-8702","infinix-note-11-on-off-flex","Infinix Note 11 on/off Flex","Other Products","Infinix",20,,50,1,2
8703,"AT-WC-8703","samsung-a04e-on-off-flex","Samsung A04E on/off Flex","Other Products","Samsung",20,,50,1,2
8704,"AT-WC-8704","infinix-hot-12-play-on-off-flex","Infinix Hot 12 Play on/off Flex","Other Products","Infinix",22,,50,1,2
8712,"AT-WC-8712","mi-a1-new-charging-flex-orignal","Mi A1 new Charging Flex Orignal","Charging Flex","Xiaomi",95,,50,1,2
8713,"AT-WC-8713","one-plus-ce-2-lite-charging-flex-orignal","One plus CE 2 Lite Charging Flex Orignal","Charging Flex","Unbranded",110,,50,1,2
8716,"AT-WC-8716","lava-a60-on-off-flex","Itel A60 on/off Flex","Other Products","Itel",22,,50,1,2
8725,"AT-WC-8725","infinix-hot-20-4g-charging-flex-orignal","Infinix Hot 20 4g Charging Flex Orignal","Charging Flex","Infinix",110,,50,1,2
8745,"AT-WC-8745","koocu-desolder-wick","Koocu Desolder wick","Repair Tools","Unbranded",80,,50,1,2
8747,"AT-WC-8747","multimeter-wire","Multimeter Wire","Repair Tools","Unbranded",85,,50,1,2
8749,"AT-WC-8749","bhaeti-solder-wire-100-og","Bharti Solder Wire 100% Og","Repair Tools","Unbranded",125,,50,1,2
8751,"AT-WC-8751","mobile-phone-screw","Mobile Phone Screw","Repair Tools","Unbranded",25,,50,1,2
8758,"AT-WC-8758","l-c-d-fish-opener","L.C.D. Fish Opener Set","Repair Tools","Unbranded",85,,50,1,2
8761,"AT-WC-8761","25w-iron-coper-bit","25W Iron Coper Bit","Repair Tools","Unbranded",25,,50,1,2
8762,"AT-WC-8762","micro-iron-coper-bit","Micro Iron Coper bit","Repair Tools","Unbranded",15,,50,1,2
8770,"AT-WC-8770","android-battery-booster","Android Battery Booster","Repair Tools","Unbranded",600,,50,1,0
8794,"AT-WC-8794","samung-j7-side-rubber-key","Samung J7 Side Rubber Key","Side Rubber Key","Unbranded",15,,50,1,2
8795,"AT-WC-8795","vivo-y21-new-side-rubber-key","Vivo Y21 New Side Rubber Key","Side Rubber Key","Vivo",15,,50,1,2
9823,"AT-WC-9823","vivo-y50-ringer-set","Vivo Y50 Ringer set","Speaker","Vivo",80,,50,1,2
9824,"AT-WC-9824","vivo-y75-5g-ringer-set","Vivo Y75 (5G) Ringer set","Speaker","Vivo",120,,50,1,2
9825,"AT-WC-9825","oppo-f17-ringer-set","Oppo F17 Ringer set","Speaker","Oppo",80,,50,1,2
9826,"AT-WC-9826","tecno-bb4k-ringer-set","Tecno BB4K Ringer set","Speaker","Tecno",70,,50,1,2
9841,"AT-WC-9841","mi-a2-charging-flex-orignal","Mi A2 Charging Flex Orignal","Charging Flex","Xiaomi",90,,50,1,2
9842,"AT-WC-9842","mi-note-8-pro-charging-flex-orignal","Mi Note 8 Pro Charging Flex Orignal","Charging Flex","Xiaomi",90,,50,1,2
9843,"AT-WC-9843","mi-note-8-charging-flex-orignal","Mi Note 8 Charging Flex Orignal","Charging Flex","Xiaomi",85,,50,1,2
9844,"AT-WC-9844","infinix-smart-hd-charging-flex-orignal","Infinix Smart HD Charging Flex Orignal","Charging Flex","Infinix",80,,50,1,2
9845,"AT-WC-9845","samsung-m10-charging-flex-orignal","Samsung M10 Charging Flex Orignal","Charging Flex","Samsung",85,,50,0,2
10002,"AT-WC-10002","mi-a2-side-rubber-key","Mi A2 Side Rubber Key","Side Rubber Key","Xiaomi",15,,50,1,2
10004,"AT-WC-10004","oppo-a57-main-flex","Oppo A57 Main Flex","Main Flex","Oppo",55,,50,1,2
10005,"AT-WC-10005","oppo-a11k-main-flex","Oppo A11K Main Flex","Main Flex","Oppo",55,,50,1,2
10006,"AT-WC-10006","oppo-f15-pro-main-flex","Oppo F15 Pro Main Flex","Main Flex","Oppo",55,,50,1,2
10007,"AT-WC-10007","vivo-v15-main-flex","Vivo V15 Main Flex","Main Flex","Vivo",55,,50,1,2
10494,"AT-WC-10494","bl5c-battery-for-nokia","BL5C Battery For Nokia New Modals","Battery","Nokia",80,,50,2,2
10503,"AT-WC-10503","jio-f90-sim-port","Jio F90 Sim Port","Sim Holder","Unbranded",8,,50,1,2
10504,"AT-WC-10504","jio-f120-sim-port","Jio F120 Sim Port","Sim Holder","Unbranded",8,,50,1,2
10505,"AT-WC-10505","jio-f220-sim-open-port","Jio F320 Sim Open Port","Sim Holder","Unbranded",8,,50,1,2
10510,"AT-WC-10510","one-nord-cc-flex-orignal","One + Nord cc Flex Orignal","Charging Flex","Unbranded",95,,50,1,2
10511,"AT-WC-10511","samsung-a02s-sim-holder","Samsung A02S Sim Holder","Sim Holder","Samsung",30,,50,1,2
10514,"AT-WC-10514","samsung-a32-4g-back-panel","For Samsung A32 4G Back Panel","Back Panel","Samsung",180,,50,1,2
10515,"AT-WC-10515","samsung-a53-back-panel","For Samsung A53 Back Panel","Back Panel","Samsung",105,,50,1,2
10516,"AT-WC-10516","mi-10-prime-midil-ring","For Mi 10 Prime Midil Ring","Back Panel","Xiaomi",130,,50,1,2
10517,"AT-WC-10517","oppo-a31-2020-back-panel","For Oppo A31 2020 Back Panel","Back Panel","Oppo",90,,50,1,2
10518,"AT-WC-10518","realme-c25y-back-panel","For Realme C25Y Back Panel","Back Panel","Realme",90,,50,1,2
10525,"AT-WC-10525","mi-a2-l-c-d-ring","Mi A2 Old Middle L.C.D. Ring","Middle Panel","Xiaomi",100,,50,1,2
10526,"AT-WC-10526","infinix-hot-10s-back-panel","For Infinix Hot 10s Back Panel","Back Panel","Infinix",95,,50,1,2
10537,"AT-WC-10537","mechanic-ad-559-flex-paste","Mechanic AD-559 Flex Paste","Repair Tools","Unbranded",110,,50,1,2
10540,"AT-WC-10540","koocu-kc-599a-soldering-iron-bit-cleaner","Koocu KC-599A Soldering Iron Bit Cleaner","Repair Tools","Unbranded",150,,50,1,0
10549,"AT-WC-10549","vivo-y75-4g-midil-panel","Vivo Y75 4g Middle Panel","Middle Panel","Vivo",95,,50,1,2
10784,"AT-WC-10784","itel-a26-on-off-flex","Itel A26 on/off Flex","Other Products","Itel",18,,50,1,2
10785,"AT-WC-10785","itel-a25-on-off-flex","Itel A25 on/off Flex","Other Products","Itel",19,,50,1,2
10786,"AT-WC-10786","vision-3-on-off-flex","Itel Vision 3 on/off Flex","Other Products","Itel",22,,50,1,2
10787,"AT-WC-10787","itel-a48-on-off-flex","Itel A48 on/off Flex","Other Products","Itel",20,,50,1,2
10788,"AT-WC-10788","itel-vision-2-on-off-flex","Itel Vision 2 on/off Flex","Other Products","Itel",18,,50,1,2
10789,"AT-WC-10789","itel-vision-2s-on-off-flex","Itel Vision 2S on/off Flex","Other Products","Itel",22,,50,1,2
10790,"AT-WC-10790","itel-vision-1-on-off-flex","Itel Vision 1 on/off Flex","Other Products","Itel",0,,50,1,0
10791,"AT-WC-10791","itel-vision-1-pro-on-off-flex","Itel Vision 1 Pro on/off Flex","Other Products","Itel",18,,50,1,2
10974,"AT-WC-10974","itel-a23-on-off-flex","Itel A23 on/off Flex","Other Products","Itel",19,,50,1,2
10975,"AT-WC-10975","itel-a23-pro-on-off-flex","Itel A23 pro on/off Flex","Other Products","Itel",19,,50,1,2
10976,"AT-WC-10976","itel-a49-on-off-flex","Itel A49 on/off Flex","Other Products","Itel",24,,50,1,2
10977,"AT-WC-10977","honor-10-lite-on-off-flex","Honor 10 Lite on/off Flex","Other Products","Unbranded",26,,50,1,2
10978,"AT-WC-10978","honor-7c-on-off-flex","Honor 7C on/off Flex","Other Products","Unbranded",18,,50,1,2
10979,"AT-WC-10979","honor-9n-on-off-flex","Honor 9N on/off Flex","Other Products","Unbranded",18,,50,1,2
10980,"AT-WC-10980","honor-7s-on-off-flex","Honor 7S on/off Flex","Other Products","Unbranded",22,,50,1,2
10981,"AT-WC-10981","honor-8x-on-off-flex","Honor 8X on/off Flex","Other Products","Unbranded",24,,50,1,2
10982,"AT-WC-10982","honor-7x-on-off-flex","Honor 7X on/off Flex","Other Products","Unbranded",24,,50,1,2
10983,"AT-WC-10983","honor-6x-on-off-flex","Honor 6X on/off Flex","Other Products","Unbranded",24,,50,1,2
10984,"AT-WC-10984","honor-7a-on-off-flex","Honor 7A on/off Flex","Other Products","Unbranded",20,,50,1,2
10985,"AT-WC-10985","honor-9n-on-off-flex-2","Honor 9 Lite on/off Flex","Other Products","Unbranded",22,,50,1,2
10986,"AT-WC-10986","huwai-p20-lite-on-off-flex","Huwai P20 Lite on/off Flex","Other Products","Unbranded",26,,50,1,2
10987,"AT-WC-10987","huwai-p30-lite-on-off-flex","Huwai P30 lite on/off Flex","Other Products","Unbranded",24,,50,1,2
10992,"AT-WC-10992","one-nord-ce4-on-off-flex","One+ Nord CE4 on/off Flex","Other Products","Unbranded",24,,50,1,2
10993,"AT-WC-10993","one-11-5g-on-off-flex","One+ 11 5g on/off Flex","Other Products","OnePlus",14,,50,1,2
10994,"AT-WC-10994","one-6-on-off-flex","One+ 6 on/off Flex","Other Products","Unbranded",12,,50,1,2
10995,"AT-WC-10995","one-6t-on-off-flex","One+ 6T on/off Flex","Other Products","Unbranded",13,,50,1,2
10996,"AT-WC-10996","one-7-on-off-flex","One+ 7 on/off Flex","Other Products","Unbranded",14,,50,1,2
10997,"AT-WC-10997","one-nord-ce-on-off-flex","One+ Nord CE on/off Flex","Other Products","Unbranded",13,,50,1,2
10998,"AT-WC-10998","one-8t-on-off-flex","One+ 8T on/off Flex","Other Products","Unbranded",14,,50,1,2
10999,"AT-WC-10999","one-nord-2-on-off-flex","One+  Nord 2 on/off Flex","Other Products","Unbranded",13,,50,1,2
11000,"AT-WC-11000","one-11r-on-off-flex","One+ 11R on/off Flex","Other Products","Unbranded",13,,50,1,2
11001,"AT-WC-11001","one-nord-n100-on-off-flex","One+ Nord N100 on/off Flex","Other Products","Unbranded",14,,50,1,2
11002,"AT-WC-11002","one-7t-on-off-flex","One+ 7T on/off Flex","Other Products","Unbranded",14,,50,1,2
11003,"AT-WC-11003","one-nord-on-off-flex","One+ Nord on/off Flex","Other Products","Unbranded",13,,50,1,2
11004,"AT-WC-11004","one-nord-2t-on-off-flex","One+ Nord 2T on/off Flex","Other Products","Unbranded",14,,50,1,2
11007,"AT-WC-11007","poco-c65-on-off-flex","Poco C65 on/off Flex","Other Products","Poco",22,,50,1,2
11008,"AT-WC-11008","poco-c50-on-off-flex","Poco C50 on/off Flex","Other Products","Poco",23,,50,1,2
11009,"AT-WC-11009","poco-f1-on-off-flex","Poco F1 on/off Flex","Other Products","Poco",24,,50,1,2
11010,"AT-WC-11010","poco-m4-5g-on-off-flex","Poco M4 5g on/off Flex","Other Products","Poco",22,,50,1,2
11011,"AT-WC-11011","mi-note-12-4g-on-off-flex","Mi Note 12 4g on/off Flex","Other Products","Xiaomi",22,,50,1,2
11012,"AT-WC-11012","mi-note-12-5g-on-off-flex","Mi Note 12 5G on/off Flex","Other Products","Xiaomi",22,,50,1,2
11013,"AT-WC-11013","mi-note-11-pro-on-off-flex","Mi Note 11 Pro on/off Flex","Other Products","Xiaomi",22,,50,1,2
11014,"AT-WC-11014","poco-m6-pro-on-off-flex","Poco M6 Pro on/off Flex","Other Products","Poco",23,,50,1,2
11015,"AT-WC-11015","mi-note-13-5g-on-off-flex","Mi Note 13 5G on/off Flex","Other Products","Xiaomi",24,,50,1,2
11016,"AT-WC-11016","mi-note-13-pro-on-off-flex","Mi Note 13 Pro+ on/off Flex","Other Products","Xiaomi",24,,50,1,2
11017,"AT-WC-11017","oppo-k10-5g-on-off-flex","Oppo K10 5g on/off Flex","Other Products","Oppo",14,,50,1,2
11027,"AT-WC-11027","mi-11-prime-5g-on-off-flex","Mi 11 Prime 5G on/off Flex","Other Products","Xiaomi",20,,50,1,2
11028,"AT-WC-11028","mi-12c-on-off-flex","Mi 12c on/off Flex","Other Products","Xiaomi",22,,50,1,2
11029,"AT-WC-11029","mi-12-5g-on-off-flex","Mi 12 5G on/off Flex","Other Products","Xiaomi",22,,50,1,2
11030,"AT-WC-11030","mi-13c-on-off-flex","Mi 13C on/off Flex","Other Products","Xiaomi",22,,50,1,2
11031,"AT-WC-11031","mi-note-12-pro-on-off-flex","Mi Note 12 Pro+ on/off Flex","Other Products","Xiaomi",22,,50,1,2
11034,"AT-WC-11034","vivo-y56-5g-on-off-flex","Vivo Y56 5G on/off Flex","Other Products","Vivo",24,,50,1,2
11035,"AT-WC-11035","vivo-v23e-on-off-flex","Vivo V23E on/off Flex","Other Products","Vivo",24,,50,1,2
11036,"AT-WC-11036","vivo-t2x-5g-on-off-flex","Vivo T2X 5G on/off Flex","Other Products","Vivo",24,,50,1,2
11037,"AT-WC-11037","vivo-y27-on-off-flex","Vivo Y27 on/off Flex","Other Products","Vivo",22,,50,1,2
11038,"AT-WC-11038","vivo-v23-on-off-flex","Vivo V23 on/off Flex","Other Products","Vivo",23,,50,1,2
11039,"AT-WC-11039","vivo-t1x-on-off-flex","Vivo T1X on/off Flex","Other Products","Vivo",23,,50,1,2
11040,"AT-WC-11040","vivo-y100-on-off-flex","Vivo Y100 on/off Flex","Other Products","Vivo",24,,50,1,2
11041,"AT-WC-11041","vivo-y18-on-off-flex","Vivo Y18 on/off Flex","Other Products","Vivo",22,,50,1,2
11042,"AT-WC-11042","vivo-t3x-5g-on-off-flex","Vivo T3x 5G on/off Flex","Other Products","Vivo",24,,50,1,2
11043,"AT-WC-11043","vivo-y36-on-off-flex","Vivo Y36 on/off Flex","Other Products","Vivo",22,,50,1,2
11044,"AT-WC-11044","vivo-v20-pro-on-off-flex","Vivo V20 Pro on/off Flex","Other Products","Vivo",21,,50,1,2
11045,"AT-WC-11045","vivo-y03-on-off-flex","Vivo Y03 on/off Flex","Other Products","Vivo",22,,50,1,2
11046,"AT-WC-11046","vivo-v20se-on-off-flex","Vivo V20SE on/off Flex","Other Products","Vivo",22,,50,1,2
11047,"AT-WC-11047","vivo-y75-5g-on-off-flex","Vivo Y75 5G on/off Flex","Other Products","Vivo",23,,50,1,2
11048,"AT-WC-11048","vivo-v17-pro-on-off-flex","Vivo V17 Pro on/off Flex","Other Products","Vivo",22,,50,1,2
11049,"AT-WC-11049","vivo-y73-5g-on-off-flex","Vivo Y73 5G on/off Flex","Other Products","Vivo",23,,50,1,2
11050,"AT-WC-11050","vivo-t2-pro-5g-on-off-flex","Vivo T2 Pro 5G on/off Flex","Other Products","Vivo",21,,50,1,2
11051,"AT-WC-11051","vivo-y200-on-off-flex","Vivo Y200 on/off Flex","Other Products","Vivo",23,,50,1,2
11052,"AT-WC-11052","vivo-y28-new-on-off-flex","Vivo Y28 5G on/off Flex","Other Products","Vivo",20,,50,1,2
11053,"AT-WC-11053","vivo-v21e-5g-on-off-flex","Vivo V21E 5G on/off Flex","Other Products","Vivo",21,,50,1,2
11054,"AT-WC-11054","vivo-y73-4g-on-off-flex","Vivo Y73 4G on/off Flex","Other Products","Vivo",22,,50,1,2
11056,"AT-WC-11056","samsung-a31-on-off-flex","Samsung A31 on/off Flex","Other Products","Samsung",22,,50,1,2
11057,"AT-WC-11057","samsung-a71-on-off-flex","Samsung A71 on/off Flex","Other Products","Samsung",22,,50,1,2
11058,"AT-WC-11058","samsung-a20s-on-off-flex","Samsung A20S on/off Flex","Other Products","Samsung",14,,50,1,2
11059,"AT-WC-11059","samsung-a03-core-on-off-flex","Samsung A03 Core on/off Flex","Other Products","Samsung",20,,50,1,2
11060,"AT-WC-11060","samsung-a01-on-off-flex","Samsung A01  on/off Flex","Other Products","Samsung",14,,50,1,2
11061,"AT-WC-11061","samsung-a03s-on-off-flex","Samsung A03S on/off Flex","Other Products","Samsung",23,,50,1,2
11062,"AT-WC-11062","samsung-a05-on-off-flex","Samsung A05 on/off Flex","Other Products","Samsung",22,,50,1,2
11063,"AT-WC-11063","samsung-a32-on-off-flex","Samsung A32 on/off Flex","Other Products","Samsung",24,,50,1,2
11064,"AT-WC-11064","samsung-a34-5g-on-off-flex","Samsung A34 5g on/off Flex","Other Products","Samsung",22,,50,1,2
11065,"AT-WC-11065","samsung-a04-on-off-flex","Samsung A04 on/off Flex","Other Products","Samsung",20,,50,1,2
11066,"AT-WC-11066","samsung-m40-on-off-flex","Samsung M40 on/off Flex","Other Products","Samsung",24,,50,1,2
11067,"AT-WC-11067","samsung-a52-on-off-flex","Samsung A52 on/off Flex","Other Products","Samsung",22,,50,1,2
11068,"AT-WC-11068","samsung-a33-5g-on-off-flex","Samsung A33 5G on/off Flex","Other Products","Samsung",22,,50,1,2
11069,"AT-WC-11069","samsung-a53-on-off-flex","Samsung A53 on/off Flex","Other Products","Samsung",23,,50,1,2
11070,"AT-WC-11070","samsung-m30s-on-off-flex","Samsung M30s on/off Flex","Other Products","Samsung",22,,50,1,2
11071,"AT-WC-11071","samsung-a54-on-off-flex","Samsung A54 on/off Flex","Other Products","Samsung",20,,50,1,2
11072,"AT-WC-11072","samsung-a22-5g-on-off-flex","Samsung A22 5G on/off Flex","Other Products","Samsung",24,,50,1,2
11073,"AT-WC-11073","samsung-m51-finger-sensor","Samsung M51 Finger Sensor","Fingerprint Sensor","Samsung",55,,50,1,2
11074,"AT-WC-11074","samsung-a10s-on-off-flex","Samsung A10S on/off Flex","Other Products","Samsung",14,,50,1,2
11075,"AT-WC-11075","samsung-a70-on-off-flex","Samsung A70 on/off Flex","Other Products","Samsung",21,,50,1,2
11076,"AT-WC-11076","samsung-a21s-on-off-flex","Samsung A21S on/off Flex","Other Products","Samsung",21,,50,1,2
11077,"AT-WC-11077","samsung-a51-on-off-flex","Samsung A51 on/off Flex","Other Products","Samsung",22,,50,1,2
11078,"AT-WC-11078","samsung-a40-on-off-flex","Samsung A40 on/off Flex","Other Products","Samsung",24,,50,1,2
11079,"AT-WC-11079","samsung-m11-on-off-flex","Samsung M11 on/off Flex","Other Products","Samsung",19,,50,1,2
11084,"AT-WC-11084","moto-e7-power-on-off-flex","Moto E7 Power on/off Flex","Other Products","Motorola",22,,50,1,2
11086,"AT-WC-11086","moto-e6-on-off-flex","Moto E6+ on/off Flex","Other Products","Motorola",22,,50,1,2
11087,"AT-WC-11087","moto-e7-on-off-flex","Moto E7+ on/off Flex","Other Products","Motorola",22,,50,1,2
11088,"AT-WC-11088","moto-g14-on-off-flex","Moto G14 on/off Flex","Other Products","Motorola",23,,50,1,2
11089,"AT-WC-11089","moto-g52-on-off-flex","Moto G52 on/off Flex","Other Products","Motorola",22,,50,1,2
11090,"AT-WC-11090","moto-e40-on-off-flex","Moto E40 on/off Flex","Other Products","Motorola",23,,50,1,2
11091,"AT-WC-11091","moto-g40-on-off-flex","Moto G40 on/off Flex","Other Products","Motorola",24,,50,1,2
11092,"AT-WC-11092","moto-g82-on-off-flex","Moto G82 on/off Flex","Other Products","Motorola",23,,50,1,2
11093,"AT-WC-11093","moto-g71-on-off-flex","Moto G71 on/off Flex","Other Products","Motorola",22,,50,1,2
11094,"AT-WC-11094","moto-e5-on-off-flex","Moto E5+ on/off Flex","Other Products","Motorola",26,,50,1,2
11095,"AT-WC-11095","moto-g10-on-off-flex","Moto G10 on/off Flex","Other Products","Motorola",23,,50,1,2
11096,"AT-WC-11096","moto-g20-on-off-flex","Moto G20 on/off Flex","Other Products","Motorola",22,,50,1,2
11097,"AT-WC-11097","moto-g62-on-off-flex","Moto G62 on/off Flex","Other Products","Motorola",23,,50,1,2
11098,"AT-WC-11098","moto-g13-on-off-flex","Moto G13 on/off Flex","Other Products","Motorola",23,,50,1,2
11099,"AT-WC-11099","moto-g23-on-off-flex","Moto G23 on/off Flex","Other Products","Motorola",24,,50,1,2
11100,"AT-WC-11100","moto-g32-on-off-flex","Moto G32 on/off Flex","Other Products","Motorola",26,,50,1,2
11101,"AT-WC-11101","moto-e32s-on-off-flex","Moto E32S on/off Flex","Other Products","Motorola",22,,50,1,2
11102,"AT-WC-11102","moto-1-fusion-on-off-flex","Moto 1 Fusion+ on/off Flex","Other Products","Motorola",24,,50,1,2
11103,"AT-WC-11103","moto-g7-power-on-off-flex","Moto G7 Power on/off Flex","Other Products","Motorola",26,,50,1,2
11104,"AT-WC-11104","moto-g34-5g-on-off-flex","Moto G34 5G on/off Flex","Other Products","Motorola",22,,50,1,2
11105,"AT-WC-11105","moto-g22-on-off-flex","Moto G22 on/off Flex","Other Products","Motorola",24,,50,1,2
11107,"AT-WC-11107","tecno-kg6-spark-8-on-off-flex","Tecno KG6 Spark 8 on/off Flex","Other Products","Tecno",22,,50,1,2
11108,"AT-WC-11108","tecno-on-off-flex","Tecno Spark go 2023 on/off Flex","Other Products","Tecno",23,,50,1,2
11109,"AT-WC-11109","tecno-in2-on-off-flex","Tecno In2 on/off Flex","Other Products","Tecno",22,,50,0,2
11110,"AT-WC-11110","tecno-pova-on-off-flex","Tecno Pova on/off Flex","Other Products","Tecno",23,,50,1,2
11111,"AT-WC-11111","tecno-spark-7-on-off-flex","Tecno Spark 7 on/off Flex","Other Products","Tecno",22,,50,1,2
11112,"AT-WC-11112","tecno-in-3-on-off-flex","Tecno In 3 on/off Flex","Other Products","Tecno",25,,50,1,2
11113,"AT-WC-11113","tecno-kg5k-spark-8c-on-off-flex","Tecno KG5K Spark 8C on/off Flex","Other Products","Tecno",24,,50,1,2
11114,"AT-WC-11114","tecno-spark-5-pro-on-off-flex","Tecno Spark 5 Pro on/off Flex","Other Products","Tecno",23,,50,1,2
11115,"AT-WC-11115","tecno-pop-6-pro-on-off-flex","Tecno Pop 6 Pro on/off Flex","Other Products","Tecno",22,,50,1,2
11116,"AT-WC-11116","tecno-pova-2-on-off-flex","Tecno Pova 2 on/off Flex","Other Products","Tecno",24,,50,1,2
11117,"AT-WC-11117","tecno-spark-10c-on-off-flex","Tecno Spark 10C on/off Flex","Other Products","Tecno",24,,50,1,2
11118,"AT-WC-11118","tecno-in1-on-off-flex","Tecno In1 on/off Flex","Other Products","Tecno",24,,50,0,2
11119,"AT-WC-11119","tecno-kg5-spark-go-2022-on-off-flex","Tecno KG5 Spark Go 2022 on/off Flex","Other Products","Tecno",24,,50,1,2
11121,"AT-WC-11121","lava-blaze-5g-on-off-flex","Lava Blaze 5G on/off Flex","Other Products","Lava",14,,50,1,2
11122,"AT-WC-11122","nokia-3-1-on-off-flex","Nokia 3.1+ on/off Flex","Other Products","Nokia",24,,50,1,2
11123,"AT-WC-11123","lava-yuva-2-pro-on-off-flex","Lava Yuva 2 Pro on/off Flex","Other Products","Lava",26,,50,1,2
11124,"AT-WC-11124","lava-yuva-2-on-off-flex","Lava Yuva 2 on/off Flex","Other Products","Lava",25,,50,1,2
11125,"AT-WC-11125","infinix-hot-11-2022-on-off-flex","Infinix Hot 11 2022 on/off Flex","Other Products","Infinix",22,,50,1,2
11126,"AT-WC-11126","infinix-smart-6-on-off-flex","Infinix Smart 6 on/off Flex","Other Products","Infinix",24,,50,1,2
11127,"AT-WC-11127","infinix-smart-7-on-off-flex","Infinix Smart 7 on/off Flex","Other Products","Infinix",24,,50,1,2
11128,"AT-WC-11128","infinix-hot-30i-on-off-flex","Infinix Hot 30i on/off Flex","Other Products","Infinix",24,,50,1,2
11129,"AT-WC-11129","infinix-note-10-x693-on-off-flex","Infinix Note 10 X693 on/off Flex","Other Products","Infinix",24,,50,1,2
11132,"AT-WC-11132","realme-narzo-50a-prime-on-off-flex","Realme Narzo 50A Prime on/off Flex","Other Products","Realme",14,,50,1,2
11133,"AT-WC-11133","oppo-a18-on-off-flex","Oppo A18 on/off Flex","Other Products","Oppo",22,,50,1,2
11134,"AT-WC-11134","oppo-a54s-on-off-flex","Oppo A54S on/off Flex","Other Products","Oppo",14,,50,1,2
11135,"AT-WC-11135","oppo-f21-pro-5g-on-off-flex","Oppo F21 Pro 5G on/off Flex","Other Products","Oppo",15,,50,1,2
11136,"AT-WC-11136","oppo-a12-on-off-flex","Oppo A12 on/off Flex","Other Products","Oppo",13,,50,1,2
11137,"AT-WC-11137","oppo-a54-5g-on-off-flex","Oppo A54 5G on/off Flex","Other Products","Oppo",12,,50,1,2
11138,"AT-WC-11138","oppo-a78-5g-on-off-flex","Oppo A78 5g on/off Flex","Other Products","Oppo",13,,50,1,2
11139,"AT-WC-11139","oppo-reno-6-5g-on-off-flex","Oppo Reno 6 5G on/off Flex","Other Products","Oppo",13,,50,1,2
11140,"AT-WC-11140","oppo-f15-on-off-flex","Oppo F15 on/off Flex","Other Products","Oppo",13,,50,1,2
11141,"AT-WC-11141","oppo-reno-5-pro-on-off-flex","Oppo Reno 5 Pro on/off Flex","Other Products","Oppo",13,,50,1,2
11142,"AT-WC-11142","oppo-f17-on-off-flex","Oppo F17 on/off Flex","Other Products","Oppo",13,,50,1,2
11143,"AT-WC-11143","realme-c21-on-off-flex","Realme C21 on/off Flex","Other Products","Realme",12,,50,1,2
11144,"AT-WC-11144","realme-c2-on-off-flex","Realme C2 on/off Flex","Other Products","Realme",12,,50,1,2
11145,"AT-WC-11145","realme-2-pro-on-off-flex","Realme 2 Pro on/off Flex","Other Products","Realme",11,,50,1,2
11148,"AT-WC-11148","oppo-a17-on-off-flex","Oppo A17 on/off Flex","Other Products","Oppo",22,,50,1,2
11149,"AT-WC-11149","oppo-a79-5g-on-off-flex","Oppo A79 5G on/off Flex","Other Products","Oppo",24,,50,1,2
11151,"AT-WC-11151","oppo-a38-new-on-off-flex","Oppo A38 New on/off Flex","Other Products","Oppo",20,,50,1,2
11152,"AT-WC-11152","realme-c51-on-off-flex","Realme C51 on/off Flex","Other Products","Realme",22,,50,1,2
11153,"AT-WC-11153","realme-10-pro-on-off-flex","Realme 10 Pro on/off Flex","Other Products","Realme",23,,50,1,2
11154,"AT-WC-11154","realme-6-pro-on-off-flex","Realme 6 Pro on/off Flex","Other Products","Realme",14,,50,1,2
11155,"AT-WC-11155","realme-1-on-off-flex","Realme 1 on/off Flex","Other Products","Realme",12,,50,1,2
11156,"AT-WC-11156","oppo-f19-on-off-flex","Oppo F19 on/off Flex","Other Products","Oppo",13,,50,1,2
11157,"AT-WC-11157","oppo-a59-5g-on-off-flex","Oppo A59 5G on/off Flex","Other Products","Oppo",23,,50,1,2
11158,"AT-WC-11158","realme-11x-5g-on-off-flex","Realme 11X 5G on/off Flex","Other Products","Realme",25,,50,1,2
11159,"AT-WC-11159","oppo-a31-2020-on-off-flex","Oppo A31 2020 on/off Flex","Other Products","Oppo",12,,50,1,2
11160,"AT-WC-11160","oppo-f9-pro-on-off-flex","Oppo F9 Pro on/off Flex","Other Products","Oppo",14,,50,1,2
11161,"AT-WC-11161","oppo-f17-pro-on-off-flex","Oppo F17 Pro on/off Flex","Other Products","Oppo",14,,50,1,2
11162,"AT-WC-11162","realme-c35-on-off-flex","Realme C35 on/off Flex","Other Products","Realme",14,,50,1,2
11163,"AT-WC-11163","oppo-rfeno-6-pro-on-off-flex","Oppo Reno 6 Pro on/off Flex","Other Products","Oppo",13,,50,1,2
11164,"AT-WC-11164","realme-x-on-off-flex","Realme X on/off Flex","Other Products","Realme",12,,50,1,2
11165,"AT-WC-11165","realme-xt-on-off-flex","Realme XT on/off Flex","Other Products","Realme",14,,50,1,2
11166,"AT-WC-11166","oppo-a55-on-off-flex","Oppo A55 on/off Flex","Other Products","Oppo",12,,50,1,2
11167,"AT-WC-11167","realme-narzo-30-pro-on-off-flex","Realme Narzo 30 Pro on/off Flex","Other Products","Realme",14,,50,1,2
11168,"AT-WC-11168","realme-narzo-50-on-off-flex","Realme Narzo 50 on/off Flex","Other Products","Realme",14,,50,1,2
11223,"AT-WC-11223","infinix-smart-8-on-off-flex","Infinix Smart 8 on/off Flex","Other Products","Infinix",24,,50,1,2
11224,"AT-WC-11224","moto-g8-power-lite-on-off-flex","Moto G8 Power Lite on/off Flex","Other Products","Motorola",23,,50,1,2
11225,"AT-WC-11225","vivo-z1x-on-off-flex","Vivo Z1X on/off Flex","Other Products","Vivo",24,,50,1,2
11226,"AT-WC-11226","vivo-y38-on-off-flex","Vivo Y38 on/off Flex","Other Products","Vivo",22,,50,1,2
11227,"AT-WC-11227","moto-e32-on-off-flex","Moto E32 on/off Flex","Other Products","Motorola",22,,50,1,2
11228,"AT-WC-11228","tecno-i4-on-off-flex","Tecno I4 on/off Flex","Other Products","Tecno",24,,50,1,2
11229,"AT-WC-11229","tecno-comon-20-on-off-flex","Tecno Comon 20 on/off Flex","Other Products","Tecno",23,,50,1,2
11230,"AT-WC-11230","nokian-2-4-on-off-flex","Nokia 2.4 on/off Flex","Other Products","Nokia",24,,50,1,2
11231,"AT-WC-11231","honor-y7-prime-on-off-flex","Honor Y7 Prime on/off Flex","Other Products","Unbranded",23,,50,1,2
11232,"AT-WC-11232","nokia-3-2-on-off-flex","Nokia 3.2 on/off Flex","Other Products","Nokia",26,,50,1,2
11246,"AT-WC-11246","lava-blaze-2-on-off-flex","Lava Blaze 2 on/off Flex","Other Products","Lava",24,,50,1,2
11247,"AT-WC-11247","itel-a46-on-off-flex","Itel A46 on/off Flex","Other Products","Itel",24,,50,1,2
11248,"AT-WC-11248","itel-a27-on-off-flex","Itel A27 on/off Flex","Other Products","Itel",24,,50,1,2
11249,"AT-WC-11249","itel-p40-on-off-flex","Itel P40 on/off Flex","Other Products","Itel",23,,50,1,2
11250,"AT-WC-11250","one-nord-ce4-on-off-flex-2","One + Nord CE4 lite on/off Flex","Other Products","Unbranded",24,,50,1,2
11251,"AT-WC-11251","lava-z3-on-off-flex","Lava Z3 on/off Flex","Other Products","Lava",24,,50,1,2
11252,"AT-WC-11252","poco-c61-on-off-flex","Poco C61 on/off Flex","Other Products","Poco",24,,50,1,2
11253,"AT-WC-11253","realme-narzo-70-5g-on-off-flex","Realme Narzo 70 5G on/off Flex","Other Products","Realme",24,,50,1,2
11269,"AT-WC-11269","itel-a40-on-off-flex","Itel A40 on/off Flex","Other Products","Itel",24,,50,1,2
11270,"AT-WC-11270","itel-a47-on-off-flex","Itel A47 on/off Flex","Other Products","Itel",23,,50,1,2
11271,"AT-WC-11271","vivo-y58-5g-on-off-flex","Vivo Y58 5G on/off Flex","Other Products","Vivo",23,,50,1,2
11272,"AT-WC-11272","lava-blaze-2-pro-on-off-flex","Lava Blaze 2 Pro on/off Flex","Other Products","Lava",23,,50,1,2
11273,"AT-WC-11273","tecno-pova-4-on-off-flex","Tecno Pova 4 on/off Flex","Other Products","Tecno",24,,50,1,2
11274,"AT-WC-11274","infinix-smart-6-hd-on-off-flex","Infinix Smart 6 HD on/off Flex","Other Products","Infinix",24,,50,1,2
11411,"AT-WC-11411","oppo-f9-pro-volume-flex","Oppo F9 Pro Volume Flex","Volume Flex","Oppo",16,,50,1,2
11412,"AT-WC-11412","samsung-j7-prime-volume-flex","Samsung J7 Prime Volume Flex","Volume Flex","Samsung",16,,50,1,2
11413,"AT-WC-11413","one-nord-2-volume-flex","One + Nord 2 Volume Flex","Volume Flex","Unbranded",16,,50,1,2
11414,"AT-WC-11414","oppo-f11-pro-volume-flex","Oppo F11 Pro Volume Flex","Volume Flex","Oppo",16,,50,1,2
11415,"AT-WC-11415","oppo-a52-volume-flex","Oppo A52 Volume Flex","Volume Flex","Oppo",16,,50,1,2
11416,"AT-WC-11416","one-nord-ce-volume-flex","One + Nord CE Volume Flex","Volume Flex","Unbranded",16,,50,1,2
11417,"AT-WC-11417","realme-2-pro-volume-flex","Realme 2 Pro Volume Flex","Volume Flex","Realme",16,,50,1,2
11418,"AT-WC-11418","oppo-a12-volume-flex","Oppo A12 Volume Flex","Volume Flex","Oppo",16,,50,1,2
11419,"AT-WC-11419","oppo-a53-new-volume-flex","Oppo A53 New Volume Flex","Volume Flex","Oppo",16,,50,1,2
11420,"AT-WC-11420","oppo-a16-volume-flex","Oppo A16 Volume Flex","Volume Flex","Oppo",16,,50,1,2
11421,"AT-WC-11421","realme-9-4g-volume-flex","Realme 9 4G Volume Flex","Volume Flex","Realme",16,,50,1,2
11422,"AT-WC-11422","realme-x-volume-flex","Realme X Volume Flex","Volume Flex","Realme",16,,50,1,2
11423,"AT-WC-11423","oppo-a57-5g-volume-flex","Oppo A57 5G Volume Flex","Volume Flex","Oppo",16,,50,1,2
11424,"AT-WC-11424","oppo-f19-volume-flex","Oppo f19 Volume Flex","Volume Flex","Oppo",16,,50,1,2
11425,"AT-WC-11425","realme-6-volume-flex","Realme 6 Volume Flex","Volume Flex","Realme",16,,50,1,2
11426,"AT-WC-11426","oppo-f3-volume-flex","Oppo F3 Volume Flex","Volume Flex","Oppo",16,,50,1,2
11427,"AT-WC-11427","oppo-reno-6-5g-volume-flex","Oppo Reno 6 5G Volume Flex","Volume Flex","Oppo",16,,50,1,2
11428,"AT-WC-11428","realme-5-pro-volume-flex","Realme 5 Pro Volume Flex","Volume Flex","Realme",16,,50,1,2
11429,"AT-WC-11429","realme-c2-volume-flex","Realme C2 Volume Flex","Volume Flex","Realme",16,,50,1,2
11430,"AT-WC-11430","oppo-f11-volume-flex","Oppo F11 Volume Flex","Volume Flex","Oppo",16,,50,1,2
11431,"AT-WC-11431","oppo-f21-pro-5g-volume-flex","Oppo F21 Pro 5G Volume Flex","Volume Flex","Oppo",16,,50,1,2
11432,"AT-WC-11432","realme-3-volume-flex","Realme 3 Volume Flex","Volume Flex","Realme",16,,50,1,2
11433,"AT-WC-11433","oppo-f15-volume-flex","Oppo F15 Volume Flex","Volume Flex","Oppo",0,,50,1,0
11434,"AT-WC-11434","oppo-f5-volume-flex","Oppo F5 Volume Flex","Volume Flex","Oppo",16,,50,1,2
11435,"AT-WC-11435","realme-8-5g-volume-flex","Realme 8 5G Volume Flex","Volume Flex","Realme",16,,50,1,2
11436,"AT-WC-11436","oppo-f7-volume-flex","Oppo F7 Volume Flex","Volume Flex","Oppo",16,,50,1,2
11437,"AT-WC-11437","oppo-reno-6-pro-volume-flex","Oppo Reno 6 Pro Volume Flex","Volume Flex","Oppo",16,,50,1,2
11438,"AT-WC-11438","oppo-a54s-volume-flex","Oppo A54S Volume Flex","Volume Flex","Oppo",16,,50,1,2
11439,"AT-WC-11439","oppo-a33-old-volume-flex","Oppo A33 Old Volume Flex","Volume Flex","Oppo",16,,50,1,2
11440,"AT-WC-11440","oppo-a31-2020-volume-flex","Oppo A31 2020 Volume Flex","Volume Flex","Oppo",16,,50,1,2
11441,"AT-WC-11441","oppo-f17-pro-volume-flex","Oppo F17 Pro Volume Flex","Volume Flex","Oppo",16,,50,1,2
11442,"AT-WC-11442","realme-9-pro-volume-flex","Realme 9 Pro Volume Flex","Volume Flex","Realme",16,,50,1,2
11443,"AT-WC-11443","realme-8i-volume-flex","Realme 8I Volume Flex","Volume Flex","Realme",16,,50,1,2
11447,"AT-WC-11447","oppo-f17-volume-flex","Oppo F17 Volume Flex","Volume Flex","Oppo",16,,50,1,2
11450,"AT-WC-11450","realme-c31-volume-flex","Realme C31 Volume Flex","Volume Flex","Realme",16,,50,1,2
11451,"AT-WC-11451","realme-5-volume-flex","Realme 5 Volume Flex","Volume Flex","Realme",16,,50,1,2
11452,"AT-WC-11452","oppo-f19-pro-volume-flex","Oppo F19 Pro Volume Flex","Volume Flex","Oppo",16,,50,1,2
11454,"AT-WC-11454","oppo-reno-5-pro-volume-flex","Oppo Reno 5 Pro Volume Flex","Volume Flex","Oppo",16,,50,1,2
11455,"AT-WC-11455","realme-9-5g-volume-flex","Realme 9 5G Volume Flex","Volume Flex","Realme",16,,50,1,2
11456,"AT-WC-11456","oppo-f1s-volume-flex","Oppo F1S Volume Flex","Volume Flex","Oppo",16,,50,1,2
11457,"AT-WC-11457","oppo-a5-2020-volume-flex","Oppo A5 2020 Volume Flex","Volume Flex","Oppo",16,,50,1,2
11458,"AT-WC-11458","samsung-j7-max-volume-flex","Samsung J7 Max Volume Flex","Volume Flex","Samsung",16,,50,1,2
11459,"AT-WC-11459","samsung-a10s-volume-flex","Samsung A10s Volume Flex","Volume Flex","Samsung",16,,50,1,2
11460,"AT-WC-11460","oppo-a54-5g-volume-flex","Oppo A54 5G Volume Flex","Volume Flex","Oppo",16,,50,1,2
11461,"AT-WC-11461","one-nord-2t-volume-flex","One + Nord 2T Volume Flex","Volume Flex","Unbranded",16,,50,1,2
11462,"AT-WC-11462","one-8-volume-flex","One + 8 Volume Flex","Volume Flex","Unbranded",16,,50,1,2
11463,"AT-WC-11463","realme-c35-volume-flex","Realme C35 Volume Flex","Volume Flex","Realme",16,,50,1,2
11464,"AT-WC-11464","oppo-a5s-volume-flex","Oppo A5S Volume Flex","Volume Flex","Oppo",16,,50,1,2
11465,"AT-WC-11465","oppo-a1k-volume-flex","Oppo A1k Volume Flex","Volume Flex","Oppo",16,,50,1,2
11466,"AT-WC-11466","11466","Oppo A57 New Volume Flex","Volume Flex","Oppo",16,,50,1,2
11467,"AT-WC-11467","realme-6-pro-volume-flex","Realme 6 Pro Volume Flex","Volume Flex","Realme",16,,50,1,2
11470,"AT-WC-11470","realme-1-volume-flex","Realme 1 Volume Flex","Volume Flex","Realme",16,,50,1,2
11473,"AT-WC-11473","mi-11x-volume-flex","Mi 11X Volume Flex","Volume Flex","Xiaomi",16,,50,1,2
11474,"AT-WC-11474","mi-11t-mi-11t-pro-volume-flex","Mi 11T / Mi 11T Pro Volume Flex","Volume Flex","Xiaomi",16,,50,1,2
11477,"AT-WC-11477","one-ce2-5g-volume-flex","One + CE2 5G Volume Flex","Volume Flex","Unbranded",16,,50,1,2
11501,"AT-WC-11501","oppo-a71-volume-flex","Oppo A71 Volume Flex","Volume Flex","Oppo",16,,50,1,2
11502,"AT-WC-11502","oppo-a83-volume-flex","Oppo A83 Volume Flex","Volume Flex","Oppo",16,,50,1,2
11503,"AT-WC-11503","oppo-a33-new-volume-flex","Oppo A33 New Volume Flex","Volume Flex","Oppo",16,,50,1,2
11504,"AT-WC-11504","oppo-a78-5g-volume-flex","Oppo A78  5G Volume Flex","Volume Flex","Oppo",16,,50,1,2
11505,"AT-WC-11505","oppo-a3s-volume-flex","Oppo A3s Volume Flex","Volume Flex","Oppo",16,,50,1,2
11517,"AT-WC-11517","vivo-y22-y35-on-off-flex","Vivo Y22 / Y35 On Off Flex","Other Products","Vivo",24,,50,1,2
11518,"AT-WC-11518","samsung-f62-finger-sensor","Samsung F62 Finger Sensor","Fingerprint Sensor","Samsung",45,,50,1,2
11519,"AT-WC-11519","samsung-a23-5g-finger-sensor","Samsung A23 5G Finger Sensor","Fingerprint Sensor","Samsung",60,,50,1,2
11520,"AT-WC-11520","samsung-a15-5g-finger-sensor","Samsung A15 5G Finger Sensor","Fingerprint Sensor","Samsung",75,,50,1,2
11521,"AT-WC-11521","battery-for-karbonn-k9","For Battery For Karbonn K9","Battery","Unbranded",110,,50,1,2
11639,"AT-WC-11639","itel-16-pin-2-0-size-l-c-d","For Itel 16 Pin 2.0 Size L.C.D.","Keypad LCD","Itel",85,,50,1,2
11640,"AT-WC-11640","nokia-16-pin-1-8-size-l-c-d","For Nokia 16 Pin 1.8 Size L.C.D. side patta","Keypad LCD","Nokia",75,,50,1,2
11641,"AT-WC-11641","nokia-20-pin-1-8-size-l-c-d","For Nokia 20 Pin 1.8 Size L.C.D.","Keypad LCD","Nokia",65,,50,1,2
11686,"AT-WC-11686","relife-rosine-flex","Relife Rosine Flex","Repair Tools","Unbranded",35,,50,1,2
11735,"AT-WC-11735","vivo-y22-new-og-cc-flex","Vivo Y22 New Og CC Flex","Charging Flex","Vivo",95,,50,1,2
11738,"AT-WC-11738","mi-13c-4g-camera-glass","Mi 13C 4G Camera Glass","Camera Glass","Xiaomi",16,,50,1,2
11740,"AT-WC-11740","vivo-y50-charging-conector","Vivo Y50 Charging Conector","Charging Connectors","Vivo",18,,50,1,2
11807,"AT-WC-11807","mi-5a-display-conector","Mi 5A Display Conector","Display Conectors","Xiaomi",20,,50,1,2
11809,"AT-WC-11809","mi-8a-display-conector","Mi 8A Display Conector","Display Conectors","Xiaomi",20,,50,1,2
11811,"AT-WC-11811","oppo-a1k-display-conector","Oppo A1k Display Conector","Display Conectors","Oppo",20,,50,1,2
11812,"AT-WC-11812","mi-7-y3-display-conector","Mi 7 / Y3 Display Conector","Display Conectors","Xiaomi",20,,50,1,2
11813,"AT-WC-11813","vivo-y55-display-conector","Vivo Y55 Display Conector","Display Conectors","Vivo",22,,50,1,2
11840,"AT-WC-11840","samsung-m32-display-conector","Samsung M32 Display Conector","Display Conectors","Samsung",30,,50,1,2
11841,"AT-WC-11841","samsung-a30-display-conector","Samsung A30 Display Conector","Display Conectors","Samsung",25,,50,1,2
11842,"AT-WC-11842","poco-x3","Poco x3 Display Conector","Display Conectors","Poco",25,,50,1,2
11844,"AT-WC-11844","mi-7a-display-conector","Mi 7A Display Conector","Display Conectors","Xiaomi",20,,50,1,2
11845,"AT-WC-11845","samsung-a32-display-conector","Samsung A32 Display Conector","Display Conectors","Samsung",30,,50,1,2
11846,"AT-WC-11846","mi-note-5-display-conector","Mi Note 5 Display Conector","Display Conectors","Xiaomi",25,,50,1,2
11847,"AT-WC-11847","oppo-a53-display-conector","Oppo A53 Display Conector","Display Conectors","Oppo",25,,50,1,2
11851,"AT-WC-11851","realme-6-display-conector","Realme 6 Display Conector","Display Conectors","Realme",20,,50,1,2
11854,"AT-WC-11854","realme-5-display-conector","Realme 5 Display Conector","Display Conectors","Realme",20,,50,1,2
11855,"AT-WC-11855","oppo-f11-display-conector","Oppo F11 Display Conector","Display Conectors","Oppo",20,,50,1,2
11857,"AT-WC-11857","vivo-v20-display-conector","Vivo v20 Display Conector","Display Conectors","Vivo",25,,50,1,2
11858,"AT-WC-11858","samsung-j2-display-conector","Samsung J2 Display Conector","Display Conectors","Samsung",12,,50,1,1
11859,"AT-WC-11859","vivo-v3-max-display-conector","Vivo V3 Max Display Conector","Display Conectors","Vivo",25,,50,1,2
11860,"AT-WC-11860","oppo-a33-old-display-conector","Oppo A33 old Display Conector","Display Conectors","Oppo",20,,50,1,2
11861,"AT-WC-11861","vivo-y66-display-conector","Vivo Y66 Display Conector","Display Conectors","Vivo",25,,50,1,2
11862,"AT-WC-11862","oppo-f5-f9-display-conector","Oppo F5 / F9 Display Conector","Display Conectors","Oppo",20,,50,1,2
11882,"AT-WC-11882","mega-universal-stencil","Mega Universal stencil","Repair Tools","Unbranded",300,,0,1,1
11883,"AT-WC-11883","koocu-universal-stencil","Koocu Universal stencil","Repair Tools","Unbranded",245,,50,1,1
11886,"AT-WC-11886","realme-c25y-sim-holder","Realme C25Y Sim Holder","Sim Holder","Realme",25,,50,1,2
11890,"AT-WC-11890","narzo-50a-ringer-box","Narzo 50A Ringer Box","Speaker","Unbranded",70,,50,1,2
11891,"AT-WC-11891","vivo-v23e-camera-glass","Vivo V23E Camera glass","Camera Glass","Vivo",16,,50,1,2
11915,"AT-WC-11915","oppo-f11-pro-og-cc-flex","Oppo F11 Pro Og CC Flex","Charging Flex","Oppo",55,,50,1,2
11916,"AT-WC-11916","realme-5-pro-og-cc-flex","Realme 5 Pro Og CC Flex","Charging Flex","Realme",82,,50,1,2
11917,"AT-WC-11917","realme-x-og-cc-flex","Realme x Og CC Flex","Charging Flex","Realme",70,,50,1,2
11918,"AT-WC-11918","oppo-f15-og-cc-flex","Oppo F15 Og CC Flex","Charging Flex","Oppo",82,,50,1,2
11919,"AT-WC-11919","oppo-reno-6-og-cc-flex","Oppo Reno 6 Og CC Flex","Charging Flex","Oppo",70,,50,1,2
11921,"AT-WC-11921","oppo-f11-og-cc-flex","Oppo F11 Og CC Flex","Charging Flex","Oppo",50,,50,1,2
11922,"AT-WC-11922","samsung-a52-og-cc-flex","Samsung A52 Og CC Flex","Charging Flex","Samsung",600,,50,1,2
11923,"AT-WC-11923","oppo-k10-5g-og-cc-flex","Oppo K10 5G Og CC Flex","Charging Flex","Oppo",85,,50,1,2
11924,"AT-WC-11924","samsung-a31-og-cc-flex","Samsung A31 Og CC Flex","Charging Flex","Samsung",80,,50,1,2
12005,"AT-WC-12005","vivo-v20se-og-cc-flex","Vivo V20SE Og CC Flex","Charging Flex","Vivo",95,,50,1,2
12006,"AT-WC-12006","realme-11x-og-cc-flex","Realme 11X Og CC Flex","Charging Flex","Realme",110,,50,1,2
12007,"AT-WC-12007","realme-6-pro-og-cc-flex","Realme 6 Pro Og CC Flex","Charging Flex","Realme",95,,50,1,2
12009,"AT-WC-12009","samsung-a05-og-cc-flex","Samsung A05 Og CC Flex","Charging Flex","Samsung",90,,50,1,2
12010,"AT-WC-12010","samsung-a54-og-cc-flex","Samsung A54 Og CC Flex","Charging Flex","Samsung",280,,50,1,2
12011,"AT-WC-12011","moto-g71-og-cc-flex","Moto G71 Og CC Flex","Charging Flex","Motorola",85,,50,1,2
12012,"AT-WC-12012","oppo-a38-og-cc-flex","Oppo A38 Og CC Flex","Charging Flex","Oppo",90,,50,1,2
12013,"AT-WC-12013","realme-10-pro-og-cc-flex","Realme 10 pro Og CC Flex","Charging Flex","Realme",115,,50,1,2
12014,"AT-WC-12014","samsung-a03-core-og-cc-flex","Samsung A03 Core Og CC Flex","Charging Flex","Samsung",75,,50,1,2
12015,"AT-WC-12015","oppo-a79-5g-og-cc-flex","Oppo A79 5G Og CC Flex","Charging Flex","Oppo",90,,50,1,2
12017,"AT-WC-12017","samsung-a53-og-cc-flex","Samsung A53 Og CC Flex","Charging Flex","Samsung",170,,50,1,2
12018,"AT-WC-12018","moto-g22-og-cc-flex","Moto G22 Og CC Flex","Charging Flex","Motorola",90,,50,1,2
12019,"AT-WC-12019","moto-g40-og-cc-flex","Moto G40 Og CC Flex","Charging Flex","Motorola",75,,50,1,2
12020,"AT-WC-12020","moto-g52-og-cc-flex","Moto G52 Og CC Flex","Charging Flex","Motorola",85,,50,1,2
12021,"AT-WC-12021","narzo-30-pro-og-cc-flex","Realme Narzo 30 Pro Og CC Flex","Charging Flex","Realme",95,,50,1,2
12023,"AT-WC-12023","narzo-70-5g-og-cc-flex","Realme Narzo 70 5G Og CC Flex","Charging Flex","Realme",155,,50,1,2
12024,"AT-WC-12024","mi-note-10t-og-cc-flex","Mi Note 10T Og CC Flex","Charging Flex","Xiaomi",135,,50,1,2
12025,"AT-WC-12025","mi-a3-og-cc-flex","Mi A3 Og CC Flex","Charging Flex","Xiaomi",80,,50,1,2
12026,"AT-WC-12026","realme-8-pro-og-cc-flex","Realme 8 pro Og CC Flex","Charging Flex","Realme",115,,50,1,2
12027,"AT-WC-12027","oppo-f21-pro-5g-og-cc-flex","Oppo F21 Pro 5G Og CC Flex","Charging Flex","Oppo",125,,50,1,2
12028,"AT-WC-12028","mi-9c-og-cc-flex","Mi 9C Og CC Flex","Charging Flex","Xiaomi",65,,50,1,2
12029,"AT-WC-12029","mi-note-11-pro-og-cc-flex","Mi Note 11 Pro Og CC Flex","Charging Flex","Xiaomi",140,,50,1,2
12030,"AT-WC-12030","poco-c61-og-cc-flex","Poco C61 Og CC Flex","Charging Flex","Poco",90,,50,1,2
12031,"AT-WC-12031","poco-c50-og-cc-flex","Poco C50 Og CC Flex","Charging Flex","Poco",85,,50,1,2
12032,"AT-WC-12032","mi-5-og-cc-flex","Mi 5 Og CC Flex","Charging Flex","Xiaomi",60,,50,1,2
12034,"AT-WC-12034","vivo-t3x-5g-og-cc-flex","Vivo T3X 5G Og CC Flex","Charging Flex","Vivo",100,,50,1,2
12035,"AT-WC-12035","samsung-m40-og-cc-flex","Samsung M40 Og CC Flex","Charging Flex","Samsung",280,,50,1,2
12036,"AT-WC-12036","poco-m6-pro-og-cc-flex","Poco M6 Pro Og CC Flex","Charging Flex","Poco",90,,50,1,2
12037,"AT-WC-12037","moto-g10-og-cc-flex","Moto G10 Og CC Flex","Charging Flex","Motorola",85,,50,1,2
12038,"AT-WC-12038","mi-10-prime-og-cc-flex","Mi 10 Prime Og CC Flex","Charging Flex","Xiaomi",85,,50,1,2
12039,"AT-WC-12039","oppo-a18-og-cc-flex","Oppo A18 Og CC Flex","Charging Flex","Oppo",90,,50,1,2
12040,"AT-WC-12040","vivo-y27-og-cc-flex","Vivo Y27 Og CC Flex","Charging Flex","Vivo",110,,50,1,2
12041,"AT-WC-12041","vivo-v23e-5g-og-cc-flex","Vivo V23E 5G Og CC Flex","Charging Flex","Vivo",210,,50,1,2
12042,"AT-WC-12042","mi-10a-og-cc-flex","Mi 10A Og CC Flex","Charging Flex","Xiaomi",65,,50,1,2
12043,"AT-WC-12043","samsung-a3","Samsung A34 5G Og CC Flex","Charging Flex","Samsung",130,,50,1,2
12044,"AT-WC-12044","mi-13-5g-og-cc-flex","Mi 13 5G Og CC Flex","Charging Flex","Xiaomi",95,,50,1,2
12045,"AT-WC-12045","vivo-y31-new-og-cc-flex","Vivo Y31 New Og CC Flex","Charging Flex","Vivo",105,,50,1,2
12046,"AT-WC-12046","realme-c21-5g-og-cc-flex","Realme C21 5G Og CC Flex","Charging Flex","Realme",75,,50,1,2
12047,"AT-WC-12047","poco-m4-og-cc-flex","Poco M4 Og CC Flex","Charging Flex","Poco",85,,50,1,2
12048,"AT-WC-12048","mi-13c-4g-og-cc-flex","Mi 13C 4G Og CC Flex","Charging Flex","Xiaomi",90,,50,1,2
12049,"AT-WC-12049","mi-note-13-pro","Mi 11 Prime 5G Og CC Flex","Charging Flex","Xiaomi",85,,50,1,2
12050,"AT-WC-12050","samsung-a04e-og-cc-flex","Samsung A04E Og CC Flex","Charging Flex","Samsung",85,,50,1,2
12051,"AT-WC-12051","mi-12-5g-og-cc-flex","Mi 12 5G Og CC Flex","Charging Flex","Xiaomi",90,,50,1,2
12052,"AT-WC-12052","norzo-20a-og-cc-flex","Norzo 20A Og CC Flex","Charging Flex","Unbranded",80,,50,1,2
12053,"AT-WC-12053","vivo-s1-og-cc-flex","Vivo S1 Og CC Flex","Charging Flex","Vivo",85,,50,1,2
12055,"AT-WC-12055","mi-go-og-cc-flex","Mi Go Og CC Flex","Charging Flex","Xiaomi",65,,50,1,2
12056,"AT-WC-12056","narzo-50-5g-og-cc-flex","Realme Narzo 50 5G Og CC Flex","Charging Flex","Realme",100,,50,1,2
12057,"AT-WC-12057","vivo-y69-og-cc-flex","Vivo Y69 Og CC Flex","Charging Flex","Vivo",105,,50,1,2
12081,"AT-WC-12081","vivo-t2x-5g-og-cc-flex","Vivo T2X 5G Og CC Flex","Charging Flex","Vivo",100,,50,1,2
12082,"AT-WC-12082","vivo-y56-5g-og-cc-flex","Vivo Y56 5G Og CC Flex","Charging Flex","Vivo",100,,50,1,2
12083,"AT-WC-12083","vivo-y100-og-cc-flex","Vivo Y100 Og CC Flex","Charging Flex","Vivo",115,,50,1,2
12084,"AT-WC-12084","vivo-v17-pro-og-cc-flex","Vivo V17 Pro Og CC Flex","Charging Flex","Vivo",150,,50,1,2
12085,"AT-WC-12085","vivo-v20-pro-og-cc-flex","Vivo V20 Pro Og CC Flex","Charging Flex","Vivo",120,,50,1,2
12086,"AT-WC-12086","vivo-y03-og-cc-flex","Vivo Y03 Og CC Flex","Charging Flex","Vivo",100,,50,1,2
12087,"AT-WC-12087","vivo-y33s","Vivo Y33S Og CC Flex","Charging Flex","Vivo",140,,50,1,2
12088,"AT-WC-12088","vivo-y21l-og-cc-flex","Vivo Y21L Og CC Flex","Charging Flex","Vivo",85,,50,1,2
12089,"AT-WC-12089","vivo-z1-pro-og-cc-flex","Vivo Z1 Pro Og CC Flex","Charging Flex","Vivo",100,,50,1,2
12090,"AT-WC-12090","vivo-y18-og-cc-flex","Vivo Y18 Og CC Flex","Charging Flex","Vivo",100,,50,1,2
12091,"AT-WC-12091","realme-c31-5g-og-cc-flex","Realme C31 5G Og CC Flex","Charging Flex","Realme",80,,50,1,2
12092,"AT-WC-12092","vivo-z1x-og-cc-flex","Vivo Z1X Og CC Flex","Charging Flex","Vivo",85,,50,1,2
12093,"AT-WC-12093","moto-one-fusion-plus-5g-og-cc-flex","Moto One Fusion Plus 5G Og CC Flex","Charging Flex","Motorola",95,,50,1,2
12094,"AT-WC-12094","moto-g62-og-cc-flex","Moto G62 Og CC Flex","Charging Flex","Motorola",100,,50,1,2
12095,"AT-WC-12095","vivo-y200-og-cc-flex","Vivo Y200 Og CC Flex","Charging Flex","Vivo",170,,50,1,2
12096,"AT-WC-12096","vivo-t1x-og-cc-flex","Vivo T1X Og CC Flex","Charging Flex","Vivo",140,,50,1,2
12097,"AT-WC-12097","mi-note-13-pro-og-cc-flex","Mi Note 13 pro + Og CC Flex","Charging Flex","Xiaomi",100,,50,1,2
12156,"AT-WC-12156","one-plus-5t-og-cc-flex","One plus 5T Og CC Flex","Charging Flex","Unbranded",220,,50,1,2
12158,"AT-WC-12158","one-plus-8t-og-cc-flex","One Plus 8T Og CC Flex","Charging Flex","Unbranded",100,,50,1,2
12159,"AT-WC-12159","one-plus-7-og-cc-flex","One Plus 7 Og CC Flex","Charging Flex","Unbranded",110,,50,1,2
12160,"AT-WC-12160","one-plus-11-5g-og-cc-flex","One Plus 11 5G Og CC Flex","Charging Flex","OnePlus",110,,50,1,2
12161,"AT-WC-12161","one-plus-nord-2t-og-cc-flex","One Plus Nord 2T Og CC Flex","Charging Flex","Unbranded",85,,50,1,2
12162,"AT-WC-12162","itel-a60-og-cc-flex","Itel A60 Og CC Flex","Charging Flex","Itel",80,,50,1,2
12163,"AT-WC-12163","itel-a46-og-cc-flex","Itel A46 Og CC Flex","Charging Flex","Itel",75,,50,1,2
12164,"AT-WC-12164","honor-9-lite-og-cc-flex","Honor 9 Lite Og CC Flex","Charging Flex","Unbranded",85,,50,1,2
12165,"AT-WC-12165","honor-9n-og-cc-flex","Honor 9N Og CC Flex","Charging Flex","Unbranded",85,,50,1,2
12198,"AT-WC-12198","honor-7a-og-cc-flex","Honor 7A Og CC Flex","Charging Flex","Unbranded",70,,50,1,2
12199,"AT-WC-12199","lava-blaze-2-og-cc-flex","Lava Blaze 2 4G Og CC Flex","Charging Flex","Lava",130,,50,1,2
12200,"AT-WC-12200","honon-7x-og-cc-flex","Honon 7X Og CC Flex","Charging Flex","Unbranded",95,,50,1,2
12201,"AT-WC-12201","itel-a47-og-cc-flex","Itel Vision 2 Og CC Flex","Charging Flex","Itel",80,,50,1,2
12202,"AT-WC-12202","itel-a26-og-cc-flex","Itel A26 Og CC Flex","Charging Flex","Itel",70,,50,1,2
12203,"AT-WC-12203","itel-vision-2s-og-cc-flex","Itel Vision 2S Og CC Flex","Charging Flex","Itel",65,,50,1,2
12204,"AT-WC-12204","itel-vision-3-og-cc-flex","Itel Vision 3 Og CC Flex","Charging Flex","Itel",75,,50,1,2
12205,"AT-WC-12205","tecno-spark-5-pro-og-cc-flex","Tecno Spark 5 Pro Og CC Flex","Charging Flex","Tecno",75,,50,1,2
12206,"AT-WC-12206","infinix-hot-9-play-og-cc-flex","Infinix Hot 9 Play Og CC Flex","Charging Flex","Infinix",70,,50,1,2
12207,"AT-WC-12207","tecno-spark-7-og-cc-flex","Tecno Spark 7 Og CC Flex","Charging Flex","Tecno",70,,50,1,2
12208,"AT-WC-12208","infinix-note-11-og-cc-flex","Infinix Note 11 Og CC Flex","Charging Flex","Infinix",85,,50,1,2
12211,"AT-WC-12211","infinix-hot-30i-og-cc-flex","Infinix Hot 30i Og CC Flex","Charging Flex","Infinix",95,,50,1,2
12212,"AT-WC-12212","tecno-pova-2-og-cc-flex","Tecno Pova 2 Og CC Flex","Charging Flex","Tecno",85,,50,1,2
12213,"AT-WC-12213","infinix-smart-6-og-cc-flex","Infinix Smart 6 Og CC Flex","Charging Flex","Infinix",75,,50,1,2
12215,"AT-WC-12215","infinix-smart-6-hd-og-cc-flex","Infinix Smart 6 HD Og CC Flex","Charging Flex","Infinix",75,,50,1,2
12216,"AT-WC-12216","tecno-kc1-og-cc-flex","Tecno KC1 Og CC Flex","Charging Flex","Tecno",85,,50,1,2
12218,"AT-WC-12218","infinix-smart-4-og-cc-flex","Infinix Smart 4+ Og CC Flex","Charging Flex","Infinix",70,,50,1,2
12220,"AT-WC-12220","moto-e40-og-cc-flex","Moto E40 Og CC Flex","Charging Flex","Motorola",75,,50,1,2
12221,"AT-WC-12221","one-plus-nore-ce-og-cc-flex","One Plus Nore CE Og CC Flex","Charging Flex","Unbranded",105,,50,1,2
12222,"AT-WC-12222","tecno-in-3-og-cc-flex","Tecno In 3 Og CC Flex","Charging Flex","Tecno",70,,50,1,2
12225,"AT-WC-12225","infinix-hot-11s-og-cc-flex","Infinix Hot 11S Og CC Flex","Charging Flex","Infinix",85,,50,1,2
12226,"AT-WC-12226","tecno-bb4k-og-cc-flex","Tecno BB4K Og CC Flex","Charging Flex","Tecno",80,,50,1,2
12227,"AT-WC-12227","tecno-in-1-og-cc-flex","Tecno In 1 Og CC Flex","Charging Flex","Tecno",75,,50,1,2
12228,"AT-WC-12228","nokia-3-2-og-cc-flex","Nokia 3.2 Og CC Flex","Charging Flex","Nokia",70,,50,1,2
12238,"AT-WC-12238","realme-9-5g-og-cc-flex","Realme 9 5G Og CC Flex","Charging Flex","Realme",90,,50,1,2
12239,"AT-WC-12239","vivo-v23-og-cc-flex","Vivo V23 Og CC Flex","Charging Flex","Vivo",150,,50,1,2
12241,"AT-WC-12241","vivo-y58-og-cc-flex","Vivo Y58 Og CC Flex","Charging Flex","Vivo",100,,50,1,2
12242,"AT-WC-12242","lava-yuva-2-og-cc-flex","Lava Yuva 2 Og CC Flex","Charging Flex","Lava",115,,50,1,2
12243,"AT-WC-12243","itel-a49-og-cc-flex","Itel A49 Og CC Flex","Charging Flex","Itel",80,,50,1,2
12244,"AT-WC-12244","tecno-kg5k-og-cc-flex","Tecno KG5K Og CC Flex","Charging Flex","Tecno",75,,50,1,2
12260,"AT-WC-12260","itel-a47-og-cc-flex-2","Itel A47 Og CC Flex","Charging Flex","Itel",80,,50,1,2
12263,"AT-WC-12263","mi-y2-side-rubber-key","Mi Y2 Side Rubber Key","Side Rubber Key","Xiaomi",15,,50,1,2
12269,"AT-WC-12269","infinix-smart-8-og-cc-flex","One Plus 6T Og CC Flex","Charging Flex","Unbranded",125,,50,1,2
12270,"AT-WC-12270","honor-8x-og-cc-flex","Honor 8X Og CC Flex","Charging Flex","Unbranded",110,,50,1,2
12271,"AT-WC-12271","vivo-v15-og-cc-flex","Vivo V15 Og CC Flex","Charging Flex","Vivo",95,,50,1,2
12272,"AT-WC-12272","vivo-y36-og-cc-flex","Vivo Y36 Og CC Flex","Charging Flex","Vivo",110,,50,1,2
12273,"AT-WC-12273","vivo-y28-new-og-cc-flex","Vivo Y28 New Og CC Flex","Charging Flex","Vivo",110,,50,1,2
12274,"AT-WC-12274","vivo-y75-og-cc-flex","Vivo Y75 Og CC Flex","Charging Flex","Vivo",95,,50,1,2
12275,"AT-WC-12275","vivo-y73-5g-og-cc-flex","Vivo Y73 5G Og CC Flex","Charging Flex","Vivo",170,,50,1,2
12276,"AT-WC-12276","oppo-a59-5g-og-cc-flex","Oppo A59 5G Og CC Flex","Charging Flex","Oppo",85,,50,1,2
12277,"AT-WC-12277","oppo-a78-5g-og-cc-flex","Oppo A78 5G Og CC Flex","Charging Flex","Oppo",85,,50,1,2
12278,"AT-WC-12278","realme-6-og-cc-flex","Realme 6 Og CC Flex","Charging Flex","Realme",85,,50,1,2
12279,"AT-WC-12279","oppo-a83-og-cc-flex","Oppo A83 Og CC Flex","Charging Flex","Oppo",60,,50,1,2
12280,"AT-WC-12280","oppo-f3-og-cc-flex","Oppo F3 Og CC Flex","Charging Flex","Oppo",65,,50,1,2
12281,"AT-WC-12281","oppo-a54s-og-cc-flex","Oppo A54S Og CC Flex","Charging Flex","Oppo",85,,50,1,2
12282,"AT-WC-12282","oppo-reno-5-pro-og-cc-flex","Oppo Reno 5 Pro Og CC Flex","Charging Flex","Oppo",80,,50,1,2
12344,"AT-WC-12344","tecno-i4-og-cc-flex","Tecno I4 Og CC Flex","Charging Flex","Tecno",70,,50,1,2
12345,"AT-WC-12345","tecno-in-2-og-cc-flex","Tecno In 2 Og CC Flex","Charging Flex","Tecno",85,,50,1,2
12346,"AT-WC-12346","tecno-spark-7-pro-og-cc-flex","Tecno Spark 7 Pro Og CC Flex","Charging Flex","Tecno",80,,50,1,2
12347,"AT-WC-12347","tecno-comon-20-og-cc-flex","Tecno Comon 20 Og CC Flex","Charging Flex","Tecno",95,,50,1,2
12348,"AT-WC-12348","one-plus-nord-ce4-og-cc-flex","One Plus Nord CE4 Og CC Flex","Charging Flex","Unbranded",140,,50,1,2
12349,"AT-WC-12349","one-plus-7t-og-cc-flex","One Plus 7T Og CC Flex","Charging Flex","Unbranded",110,,50,1,2
12350,"AT-WC-12350","honor-6x-og-cc-flex","Honor 6X Og CC Flex","Charging Flex","Unbranded",105,,50,1,2
12351,"AT-WC-12351","mi-note-12-5g-og-cc-flex","Mi Note 12 5G Og CC Flex","Charging Flex","Xiaomi",125,,50,1,2
12352,"AT-WC-12352","poco-c65-og-cc-flex","Poco C65 Og CC Flex","Charging Flex","Poco",100,,50,1,2
12353,"AT-WC-12353","realme-1-og-cc-flex","Realme 1 Og CC Flex","Charging Flex","Realme",75,,50,1,2
12354,"AT-WC-12354","moto-e6-plus-og-cc-flex","Moto E6 Plus Og CC Flex","Charging Flex","Motorola",80,,50,1,2
12355,"AT-WC-12355","moto-e5-plus-og-cc-flex","Moto E5 Plus Og CC Flex","Charging Flex","Motorola",80,,50,1,2
12356,"AT-WC-12356","moto-e7-plus-og-cc-flex","Moto E7 Plus Og CC Flex","Charging Flex","Motorola",75,,50,1,2
12357,"AT-WC-12357","moto-g7-power-og-cc-flex","Moto G7 Power Og CC Flex","Charging Flex","Motorola",150,,50,1,2
12358,"AT-WC-12358","samsung-a30s-og-cc-flex","Samsung A30S Og CC Flex","Charging Flex","Samsung",80,,50,1,2
12359,"AT-WC-12359","one-plus-nord-n100-og-cc-flex","One Plus Nord N100 Og CC Flex","Charging Flex","Unbranded",115,,50,1,2
12360,"AT-WC-12360","one-plus-ce4-lite-og-cc-flex","One Plus CE4 Lite Og CC Flex","Charging Flex","Unbranded",150,,50,1,2
12361,"AT-WC-12361","one-plus-8-og-cc-flex","One Plus 8 Og CC Flex","Charging Flex","Unbranded",115,,50,1,2
12362,"AT-WC-12362","one-plus-11r-og-cc-flex","One Plus 11R Og CC Flex","Charging Flex","Unbranded",120,,50,1,2
12363,"AT-WC-12363","honor-10-lite-og-cc-flex","Honor 10 Lite Og CC Flex","Charging Flex","Unbranded",105,,50,1,2
12364,"AT-WC-12364","honor-p20-lite-og-cc-flex","Honor P20 Lite Og CC Flex","Charging Flex","Unbranded",105,,50,1,2
12365,"AT-WC-12365","honor-p30-lite-og-cc-flex","Honor P30 Lite Og CC Flex","Charging Flex","Unbranded",105,,50,1,2
12366,"AT-WC-12366","honor-7c-og-cc-flex","Honor 7C Og CC Flex","Charging Flex","Unbranded",100,,50,1,2
12367,"AT-WC-12367","moto-g82-og-cc-flex","Moto G82 Og CC Flex","Charging Flex","Motorola",90,,50,1,2
12368,"AT-WC-12368","moto-g34-og-cc-flex","Moto G34 Og CC Flex","Charging Flex","Motorola",115,,50,1,2
12369,"AT-WC-12369","moto-g14-og-cc-flex","Moto G14 Og CC Flex","Charging Flex","Motorola",90,,50,1,2
12370,"AT-WC-12370","moto-g13-og-cc-flex","Moto G13 Og CC Flex","Charging Flex","Motorola",90,,50,1,2
12371,"AT-WC-12371","moto-g8-power-lite-og-cc-flex","Moto G8 Power Lite Og CC Flex","Charging Flex","Motorola",90,,50,1,2
12372,"AT-WC-12372","moto-e32-og-cc-flex","Moto E32 Og CC Flex","Charging Flex","Motorola",80,,50,1,2
12373,"AT-WC-12373","moto-e32s-og-cc-flex","Moto E32S Og CC Flex","Charging Flex","Motorola",90,,50,1,2
12374,"AT-WC-12374","lava-yuva-2-pro-og-cc-flex","Lava Yuva 2 pro Og CC Flex","Charging Flex","Lava",125,,50,1,2
12381,"AT-WC-12381","lava-blaze-5g-og-cc-flex","Lava Blaze 5G Og CC Flex","Charging Flex","Lava",125,,50,1,2
12382,"AT-WC-12382","lava-blaze-2-pro-og-cc-flex","Lava Blaze 2 Pro Og CC Flex","Charging Flex","Lava",125,,50,1,2
12383,"AT-WC-12383","nokia-5-og-cc-flex","Nokia 5 Og CC Flex","Charging Flex","Nokia",105,,50,1,2
12384,"AT-WC-12384","nokia-3-1-og-cc-flex","Nokia 3.1 Og CC Flex","Charging Flex","Nokia",90,,50,1,2
12385,"AT-WC-12385","oppo-reno-6-pro-og-cc-flex","Oppo Reno 6 Pro Og CC Flex","Charging Flex","Oppo",90,,50,1,2
12386,"AT-WC-12386","nokia-2-4-og-cc-flex","Nokia 2.4 Og CC Flex","Charging Flex","Nokia",90,,50,1,2
12387,"AT-WC-12387","tecno-kb-2-og-cc-flex","Tecno KB 2 Og CC Flex","Charging Flex","Tecno",80,,50,1,2
12388,"AT-WC-12388","infinix-note-10-og-cc-flex","Infinix Note 10 Og CC Flex","Charging Flex","Infinix",90,,50,1,2
12389,"AT-WC-12389","mi-note-12-pro-og-cc-flex","Mi Note 12 Pro + Og CC Flex","Charging Flex","Xiaomi",225,,50,1,2
12390,"AT-WC-12390","itel-p40-og-cc-flex","Itel P40 Og CC Flex","Charging Flex","Itel",90,,50,1,2
12398,"AT-WC-12398","infinix-smart-7-hd-on-off-flex","Infinix Smart 7 HD On Off Flex","Other Products","Infinix",23,,50,1,2
12399,"AT-WC-12399","realme-narzo-n53-on-off-flex","Realme Narzo N53 On Off Flex","Other Products","Realme",24,,50,1,2
12400,"AT-WC-12400","samsung-a03-on-off-flex","Samsung A03 On Off Flex","Other Products","Samsung",22,,50,1,2
12401,"AT-WC-12401","infinix-smart-5-on-off-flex","Infinix Smart 5 On Off Flex","Other Products","Infinix",24,,50,1,2
12402,"AT-WC-12402","vivo-v17-on-off-flex","Vivo V17 On Off Flex","Other Products","Vivo",23,,50,1,2
12403,"AT-WC-12403","vivo-v21-5g-on-off-flex","Vivo V21 5G On Off Flex","Other Products","Vivo",23,,50,1,2
12404,"AT-WC-12404","samsung-a30s-on-off-flex","Samsung A30s On Off Flex","Other Products","Samsung",24,,50,1,2
12405,"AT-WC-12405","infinix-hot-20-on-off-flex","Infinix Hot 20 On Off Flex","Other Products","Infinix",23,,50,1,2
12406,"AT-WC-12406","tecno-pop-7-pro-on-off-flex","Tecno Pop 7 Pro On Off Flex","Other Products","Tecno",24,,50,1,2
12407,"AT-WC-12407","tecno-spark-7t-on-off-flex","Tecno Spark 7T On Off Flex","Other Products","Tecno",24,,50,1,2
12408,"AT-WC-12408","vivo-y15s-on-off-flex","Vivo Y15S On Off Flex","Other Products","Vivo",22,,50,1,2
12409,"AT-WC-12409","poco-m3-on-off-flex","Poco M3 On Off Flex","Other Products","Poco",22,,50,1,2
12410,"AT-WC-12410","vivo-v21-4g-on-off-flex","Vivo V21 4G On Off Flex","Other Products","Vivo",24,,50,1,2
12411,"AT-WC-12411","samsung-m20-on-off-flex","Samsung M20 On Off Flex","Other Products","Samsung",24,,50,1,2
12412,"AT-WC-12412","tecno-spark-8-on-off-flex","Tecno Spark 8 On Off Flex","Other Products","Tecno",23,,50,1,2
12444,"AT-WC-12444","infinix-hot-20-play-on-off-flex","Infinix Hot 20 Play On Off Flex","Other Products","Infinix",24,,50,1,2
12445,"AT-WC-12445","samsung-a20-on-off-flex","Samsung A20 On Off Flex","Other Products","Samsung",23,,50,1,2
12446,"AT-WC-12446","tecno-spark-8t-on-off-flex","Tecno Spark 8T On Off Flex","Other Products","Tecno",24,,50,1,2
12447,"AT-WC-12447","vivo-v20-5g-on-off-flex","Vivo V20 5G On Off Flex","Other Products","Vivo",23,,50,1,2
12449,"AT-WC-12449","samsung-a50s-on-off-flex","Samsung A50S On Off Flex","Other Products","Samsung",23,,50,1,2
12450,"AT-WC-12450","vivo-y11-on-off-flex","Vivo Y11 On Off Flex","Other Products","Vivo",23,,50,1,2
12451,"AT-WC-12451","realme-c11-2021-on-off-flex","Realme C11 2021 On Off Flex","Other Products","Realme",21,,50,1,2
12452,"AT-WC-12452","vivo-y35-on-off-flex","Vivo Y35 On Off Flex","Other Products","Vivo",22,,50,1,2
12453,"AT-WC-12453","samsung-m31-on-off-flex","Samsung M31 On Off Flex","Other Products","Samsung",24,,50,1,2
12454,"AT-WC-12454","samsung-m10-on-off-flex","Samsung M10 On Off Flex","Other Products","Samsung",24,,50,1,2
12455,"AT-WC-12455","one-plus-nord-ce-2-on-off-flex","One Plus Nord CE 2 On Off Flex","Other Products","Unbranded",16,,50,1,2
12456,"AT-WC-12456","oppo-f9-on-off-flex","Oppo F9 On Off Flex","Other Products","Oppo",14,,50,1,2
12457,"AT-WC-12457","one-plus-ce-2-lite-on-off-flex","One Plus CE 2 Lite On Off Flex","Other Products","Unbranded",16,,50,1,2
12458,"AT-WC-12458","samsung-a01-core-on-off-flex","Samsung A01 Core On Off Flex","Other Products","Samsung",16,,50,1,2
12465,"AT-WC-12465","samsung-a13-4g-finger-sensor","Samsung A13 4G Finger Sensor","Fingerprint Sensor","Samsung",50,,50,1,2
12467,"AT-WC-12467","samsung-m51-finger-sensor-2","Samsung M51 Finger Sensor","Fingerprint Sensor","Samsung",50,,50,1,2
12468,"AT-WC-12468","samsung-a04s-finger-sensor","Samsung A04S Finger Sensor","Fingerprint Sensor","Samsung",50,,50,1,2
12469,"AT-WC-12469","samsung-a22-5g-finger-sensor","Samsung A22 5G Finger Sensor","Fingerprint Sensor","Samsung",50,,50,1,2
12619,"AT-WC-12619","realme-c25-finger-sensor","Realme C25 Finger Sensor","Fingerprint Sensor","Realme",130,,50,1,2
12620,"AT-WC-12620","realme-5-finger-sensor","Realme 5 Finger Sensor","Fingerprint Sensor","Realme",130,,50,1,2
12621,"AT-WC-12621","oppo-a5s-finger-sensor","Oppo A5S Finger Sensor","Fingerprint Sensor","Oppo",150,,50,1,2
12622,"AT-WC-12622","tecno-ke-5-finger-sensor","Tecno KE 5 Finger Sensor","Fingerprint Sensor","Tecno",75,,50,1,2
12623,"AT-WC-12623","tecno-spark-6-air-finger-sensor","Tecno Spark 6 Air Finger Sensor","Fingerprint Sensor","Tecno",75,,50,1,2
12624,"AT-WC-12624","mi-note-10-4g-finger-sensor","Mi Note 10 4G Finger Sensor","Fingerprint Sensor","Xiaomi",175,,50,1,2
12625,"AT-WC-12625","mi-note-10-5g-finger-sensor","Mi Note 10 5G Finger Sensor","Fingerprint Sensor","Xiaomi",175,,50,1,2
12626,"AT-WC-12626","mi-6-pro-finger-sensor","Mi 6 Pro Finger Sensor","Fingerprint Sensor","Xiaomi",160,,50,1,2
12627,"AT-WC-12627","vivo-y16-finger-sensor","Vivo Y16 Finger Sensor","Fingerprint Sensor","Vivo",125,,50,1,2
12628,"AT-WC-12628","vivo-y11-finger-sensor","Vivo Y11 Finger Sensor","Fingerprint Sensor","Vivo",180,,50,1,2
12651,"AT-WC-12651","vivo-y19-finger-sensor","Vivo Y19 Finger Sensor","Fingerprint Sensor","Vivo",180,,50,1,2
12652,"AT-WC-12652","vivo-y30-finger-sensor","Vivo Y30 Finger Sensor","Fingerprint Sensor","Vivo",150,,50,1,2
12653,"AT-WC-12653","vivo-y35-finger-sensor","Vivo Y35 Finger Sensor","Fingerprint Sensor","Vivo",125,,50,1,2
12654,"AT-WC-12654","vivo-v11-finger-sensor","Vivo V11 Finger Sensor","Fingerprint Sensor","Vivo",160,,50,1,2
12655,"AT-WC-12655","vivo-y56-5g-finger-sensor","Vivo Y56 5G Finger Sensor","Fingerprint Sensor","Vivo",125,,50,1,2
12656,"AT-WC-12656","vivo-y83-finger-sensor","Vivo Y83 Finger Sensor","Fingerprint Sensor","Vivo",180,,50,1,2
12657,"AT-WC-12657","vivo-v15-finger-sensor","Vivo V15 Finger Sensor","Fingerprint Sensor","Vivo",180,,50,1,2
12658,"AT-WC-12658","vivo-y50-finger-sensor","Vivo Y50 Finger Sensor","Fingerprint Sensor","Vivo",150,,50,1,2
12661,"AT-WC-12661","realme-5-pro-finger-sensor","Realme 5 Pro Finger Sensor","Fingerprint Sensor","Realme",130,,50,1,2
12662,"AT-WC-12662","poco-c50-finger-sensor","Poco C50 Finger Sensor","Fingerprint Sensor","Poco",160,,50,1,2
12663,"AT-WC-12663","vivo-y33s-finger-sensor","Vivo Y33S Finger Sensor","Fingerprint Sensor","Vivo",125,,50,1,2
12664,"AT-WC-12664","vivo-z1-pro-finger-sensor","Vivo Z1 Pro Finger Sensor","Fingerprint Sensor","Vivo",150,,50,1,2
12696,"AT-WC-12696","realme-c35-finger-sensor","Realme C35 Finger Sensor","Fingerprint Sensor","Realme",160,,50,1,2
12697,"AT-WC-12697","realme-c30-finger-sensor","Realme C30 Finger Sensor","Fingerprint Sensor","Realme",160,,50,2,2
12698,"AT-WC-12698","narzo-n53-finger-sensor","Narzo N53 Finger Sensor","Fingerprint Sensor","Unbranded",185,,50,1,2
12699,"AT-WC-12699","realme-2-pro-finger-sensor","Realme 2 Pro Finger Sensor","Fingerprint Sensor","Realme",185,,50,1,2
12700,"AT-WC-12700","samsung-a10s-finger-sensor","Samsung A10S Finger Sensor","Fingerprint Sensor","Samsung",130,,50,1,2
12703,"AT-WC-12703","oppo-a16-finger-sensor","Oppo A16 Finger Sensor","Fingerprint Sensor","Oppo",160,,50,1,2
12704,"AT-WC-12704","oppo-f9-pro-finger-sensor","Oppo F9 Pro Finger Sensor","Fingerprint Sensor","Oppo",160,,50,1,2
12705,"AT-WC-12705","oppo-a18-finger-sensor","Oppo A18 Finger Sensor","Fingerprint Sensor","Oppo",170,,50,1,2
12758,"AT-WC-12758","honor-9-lite-finger-sensor","Honor 9 Lite Finger Sensor","Fingerprint Sensor","Unbranded",105,,50,1,2
12759,"AT-WC-12759","honor-8x-finger-sensor","Honor 8X Finger Sensor","Fingerprint Sensor","Unbranded",105,,50,1,2
12760,"AT-WC-12760","mi-9-power-finger-sensor","Mi 9 Power Finger Sensor","Fingerprint Sensor","Xiaomi",160,,50,1,2
12761,"AT-WC-12761","mi-9c-finger-sensor","Mi 9C Finger Sensor","Fingerprint Sensor","Xiaomi",175,,50,1,2
12762,"AT-WC-12762","mi-10-prime-finger-sensor","Mi 10 Prime Finger Sensor","Fingerprint Sensor","Xiaomi",185,,50,1,2
12763,"AT-WC-12763","tecno-kg5-finger-sensor","Tecno KG5 Finger Sensor","Fingerprint Sensor","Tecno",160,,50,1,2
12764,"AT-WC-12764","mi-note-10t-finger-sensor","Mi Note 10T Finger Sensor","Fingerprint Sensor","Xiaomi",200,,50,1,2
12765,"AT-WC-12765","one-plus-nord-ce2-lite-finger-sensor","One Plus Nord CE2 Lite Finger Sensor","Fingerprint Sensor","Unbranded",175,,50,1,2
12766,"AT-WC-12766","mi-note-12-pro-plus-finger-sensor","MI Note 12 Pro Plus Finger Sensor","Fingerprint Sensor","Xiaomi",230,,50,1,2
12767,"AT-WC-12767","vivo-t2x-5g-finger-sensor","Vivo T2X 5G Finger Sensor","Fingerprint Sensor","Vivo",180,,50,1,2
12768,"AT-WC-12768","mi-note-12-4g-finger-sensor","Mi Note 12 4G Finger Sensor","Fingerprint Sensor","Xiaomi",220,,50,1,2
12769,"AT-WC-12769","mi-11-prime-finger-sensor","Mi 11 Prime Finger Sensor","Fingerprint Sensor","Xiaomi",195,,50,1,2
12770,"AT-WC-12770","infinix-smart-7-finger-sensor","Infinix Smart 7 Finger Sensor","Fingerprint Sensor","Infinix",165,,50,1,2
12771,"AT-WC-12771","vivo-t3x-5g-finger-sensor","Vivo T3X 5G Finger Sensor","Fingerprint Sensor","Vivo",175,,50,1,2
12772,"AT-WC-12772","mi-note-8-pro-finger-sensor","Mi Note 8 Pro Finger Sensor","Fingerprint Sensor","Xiaomi",165,,50,1,2
12773,"AT-WC-12773","vivo-y02-finger-sensor","Vivo Y02 Finger Sensor","Fingerprint Sensor","Vivo",175,,50,1,2
12774,"AT-WC-12774","mi-note-13-4g-finger-sensor","Mi Note 13 4G Finger Sensor","Fingerprint Sensor","Xiaomi",210,,50,1,2
12775,"AT-WC-12775","infinix-hot-10-play-finger-sensor","Infinix Hot 10 Play Finger Sensor","Fingerprint Sensor","Infinix",160,,50,1,2
12776,"AT-WC-12776","vivo-y27-finger-sensor","Vivo Y27 Finger Sensor","Fingerprint Sensor","Vivo",140,,50,1,2
12777,"AT-WC-12777","mi-7-y3-finger-sensor","Mi 7 / Y3 Finger Sensor","Fingerprint Sensor","Xiaomi",150,,50,1,2
12778,"AT-WC-12778","honor-9n-finger-sensor","Honor 9N Finger Sensor","Fingerprint Sensor","Unbranded",100,,50,1,2
12779,"AT-WC-12779","mi-13c-finger-sensor","Mi 13C Finger Sensor","Fingerprint Sensor","Xiaomi",140,,50,1,2
12782,"AT-WC-12782","poco-c65-finger-sensor","Poco C65 Finger Sensor","Fingerprint Sensor","Poco",140,,50,1,2
12783,"AT-WC-12783","infinix-smart-4-finger-sensor","Infinix Smart 4+ Finger Sensor","Fingerprint Sensor","Infinix",210,,50,1,2
12784,"AT-WC-12784","samsung-a21s-finger-sensor","Samsung A21S Finger Sensor","Fingerprint Sensor","Samsung",230,,50,1,2
12785,"AT-WC-12785","oppo-f11-finger-sensor","Oppo F11 Finger Sensor","Fingerprint Sensor","Oppo",160,,50,1,2
12786,"AT-WC-12786","tecno-spark-go-2024-finger-sensor","Tecno Spark Go 2024 Finger Sensor","Fingerprint Sensor","Tecno",130,,50,1,2
12787,"AT-WC-12787","mi-8a-finger-sensor","Mi 8A Finger Sensor","Fingerprint Sensor","Xiaomi",170,,50,1,2
12788,"AT-WC-12788","mi-note-6-finger-sensor","Mi Note 6 Finger Sensor","Fingerprint Sensor","Xiaomi",190,,50,1,2
12789,"AT-WC-12789","mi-note-8-finger-sensor","Mi Note 8 Finger Sensor","Fingerprint Sensor","Xiaomi",140,,50,1,2
12799,"AT-WC-12799","mi-10-5g-main-flex","Mi 10 5G Main Flex","Main Flex","Xiaomi",45,,50,1,2
12801,"AT-WC-12801","oppo-reno-7-main-flex","Oppo Reno 7 Main Flex","Main Flex","Oppo",45,,50,1,2
12802,"AT-WC-12802","infinix-note-12-pro-main-flex","Infinix Note 12 Pro Main Flex","Main Flex","Infinix",95,,50,1,2
12803,"AT-WC-12803","vivo-y18-y03-finger-sensor","Vivo Y18 / Y03 Finger Sensor","Fingerprint Sensor","Vivo",170,,50,1,2
12804,"AT-WC-12804","poco-m6-pro-finger-sensor","Poco M6 Pro Finger Sensor","Fingerprint Sensor","Poco",180,,50,1,2
12807,"AT-WC-12807","realme-c67-ringer-box","Realme C67 Ringer Box","Speaker","Realme",110,,50,1,2
12808,"AT-WC-12808","vivo-y16-ringer-box","Vivo Y16 Ringer Box","Speaker","Vivo",70,,50,1,2
12809,"AT-WC-12809","vivo-y35-camera-glass","Vivo Y35 Camera glass","Camera Glass","Vivo",14,,50,1,2
12810,"AT-WC-12810","mi-11-lite-volume-flex","Mi 11 Lite Volume Flex","Volume Flex","Xiaomi",18,,50,1,2
12811,"AT-WC-12811","jio-next-6-pin-mic","Jio Next 6 Pin Mic","Microphone","Unbranded",10,,50,1,2
12812,"AT-WC-12812","realme-5i-og-cc-flex","Realme 5I Og CC Flex","Charging Flex","Realme",80,,50,1,2
12817,"AT-WC-12817","tecno-spark-go-2024-on-off-flex","Tecno Spark Go 2024 On Off Flex","Other Products","Tecno",22,,50,1,2
12818,"AT-WC-12818","moto-g54-on-off-flex","Moto G54 On Off Flex","Other Products","Motorola",22,,50,1,2
12822,"AT-WC-12822","t12d-soldering-iron-station","T12D+ Soldering Iron Station","Repair Tools","Unbranded",1599,,50,1,0
12873,"AT-WC-12873","samsaung-a12-a13","Samsaung A12/A13 Finger sensor Conector","Other Products","Unbranded",20,,50,1,2
12888,"AT-WC-12888","poco-c51-on-off-flex","Poco C51 On Off Flex","Other Products","Poco",2,,50,1,2
12889,"AT-WC-12889","itel-a44-power-on-off-flex","Itel A44 Power On Off Flex","Other Products","Itel",21,,50,1,2
12893,"AT-WC-12893","vivo-v15-camera-glass","Vivo V15 Camera glass","Camera Glass","Vivo",13,,50,1,2
12894,"AT-WC-12894","mi-note-4-camera-glass","Mi Note 4 Camera glass","Camera Glass","Xiaomi",8,,50,1,2
12895,"AT-WC-12895","oppo-a53-camera-glass","Oppo A53 Camera glass","Camera Glass","Oppo",14,,50,1,2
12896,"AT-WC-12896","oppo-f9-camera-glass","Oppo F9 Camera glass","Camera Glass","Oppo",9,,50,1,2
12900,"AT-WC-12900","realme-c20-side-rubber-key","Realme C20 Side Rubber Key","Side Rubber Key","Realme",15,,50,1,2
12901,"AT-WC-12901","realme-c11-side-rubber-key","Realme C11 Side Rubber Key","Side Rubber Key","Realme",15,,50,1,2
12902,"AT-WC-12902","oppo-a3s-side-rubber-key","Oppo A3S Side Rubber Key","Side Rubber Key","Oppo",15,,50,1,2
12903,"AT-WC-12903","oppo-a5s-side-rubber-key","Oppo A5S Side Rubber Key","Side Rubber Key","Oppo",15,,50,1,2
12904,"AT-WC-12904","realme-5-pro-side-rubber-key","Realme 5 Pro Side Rubber Key","Side Rubber Key","Realme",15,,50,1,2
12905,"AT-WC-12905","oppo-a33-new-side-rubber-key","Oppo A33 New Side Rubber Key","Side Rubber Key","Oppo",15,,50,1,2
12906,"AT-WC-12906","samsung-a01-core-side-rubber-key","Samsung A01 Core Side Rubber Key","Side Rubber Key","Samsung",15,,50,1,2
12907,"AT-WC-12907","samsung-j2-side-rubber-key","Samsung J2 Side Rubber Key","Side Rubber Key","Samsung",15,,50,1,2
12910,"AT-WC-12910","mi-note-5-side-rubber-key","Mi Note 5 Side Rubber Key","Side Rubber Key","Xiaomi",15,,50,1,2
12911,"AT-WC-12911","mi-note-6-pro-side-rubber-key","Mi Note 6 Pro Side Rubber Key","Side Rubber Key","Xiaomi",15,,50,1,2
12956,"AT-WC-12956","mi-note-10-main-flex","Mi Note 10 Main Flex","Main Flex","Xiaomi",40,,50,1,2
12957,"AT-WC-12957","mi-y1-main-flex","Mi Y1 Main Flex","Main Flex","Xiaomi",40,,50,1,2
12958,"AT-WC-12958","mi-note-9-pro-main-flex","Mi Note 9 Pro Main Flex","Main Flex","Xiaomi",40,,50,1,2
12959,"AT-WC-12959","mi-note-6-main-flex","Mi Note 6 Main Flex","Main Flex","Xiaomi",60,,50,1,2
12960,"AT-WC-12960","mi-7a-main-flex","Mi 7A Main Flex","Main Flex","Xiaomi",40,,50,1,2
12961,"AT-WC-12961","mi-note-8-main-flex","Mi Note 8 Main Flex","Main Flex","Xiaomi",35,,50,1,2
12963,"AT-WC-12963","poco-f1-main-flex","Poco F1 Main Flex","Main Flex","Poco",50,,50,1,2
12964,"AT-WC-12964","mi-note-8-pro-main-flex","Mi Note 8 Pro Main Flex","Main Flex","Xiaomi",40,,50,1,2
12965,"AT-WC-12965","mi-note-10-pro-main-flex","MI Note 10 Pro Main Flex","Main Flex","Xiaomi",60,,50,1,2
13121,"AT-WC-13121","mi-note-11-main-flex","Mi Note 11 Main Flex","Main Flex","Xiaomi",60,,50,1,2
13142,"AT-WC-13142","mi-note-12-5g-main-flex","Mi Note 12 5G Main Flex","Main Flex","Xiaomi",70,,50,1,2
13143,"AT-WC-13143","vivo-y16-main-flex","Vivo Y16 Main Flex","Main Flex","Vivo",40,,50,1,2
13144,"AT-WC-13144","vivo-y11-main-flex","Vivo Y11 Main Flex","Main Flex","Vivo",40,,50,1,2
13149,"AT-WC-13149","vivo-v7-main-flex","Vivo V7+ Main Flex","Main Flex","Vivo",40,,50,1,2
13150,"AT-WC-13150","vivo-z1-pro-main-flex","Vivo Z1 Pro Main Flex","Main Flex","Vivo",50,,50,1,2
13151,"AT-WC-13151","vivo-v15-pro-main-flex","Vivo V15 Pro Main Flex","Main Flex","Vivo",60,,50,1,2
13153,"AT-WC-13153","vivo-v21-5g-main-flex","Vivo V21 5G Main Flex","Main Flex","Vivo",50,,50,1,2
13154,"AT-WC-13154","vivo-y30-main-flex","Vivo Y30 Main Flex","Main Flex","Vivo",40,,50,1,2
13155,"AT-WC-13155","vivo-y50-main-flex","Vivo Y50 Main Flex","Main Flex","Vivo",45,,50,1,2
13156,"AT-WC-13156","vivo-v9-main-flex","Vivo V9 Main Flex","Main Flex","Vivo",40,,50,1,2
13157,"AT-WC-13157","vivo-v20-pro-main-flex","Vivo V20 Pro Main Flex","Main Flex","Vivo",60,,50,1,2
13158,"AT-WC-13158","oppo-a16-main-flex","Oppo A16 Main Flex","Main Flex","Oppo",40,,50,1,2
13159,"AT-WC-13159","realme-2-main-flex","Realme 2 Main Flex","Main Flex","Realme",40,,50,1,2
13160,"AT-WC-13160","realme-c21y-main-flex-2","Realme C21Y Main Flex","Main Flex","Realme",45,,50,1,2
13161,"AT-WC-13161","realme-5-main-flex-2","Realme 5 Main Flex","Main Flex","Realme",50,,50,1,2
13162,"AT-WC-13162","oppo-f15-main-flex","Oppo F15 Main Flex","Main Flex","Oppo",45,,50,1,2
13163,"AT-WC-13163","oppo-a3s-main-flex","Oppo A3S Main Flex","Main Flex","Oppo",40,,50,1,2
13164,"AT-WC-13164","narzo-50-main-flex","Narzo 50 Main Flex","Main Flex","Unbranded",60,,50,1,2
13165,"AT-WC-13165","oppo-f17-pro-main-flex","Oppo F17 Pro Main Flex","Main Flex","Oppo",60,,50,1,2
13166,"AT-WC-13166","realme-6-pro-main-flex","Realme 6 Pro Main Flex","Main Flex","Realme",60,,50,1,2
13167,"AT-WC-13167","oppo-a54-5g-main-flex","Oppo A54 5G Main Flex","Main Flex","Oppo",40,,50,1,2
13168,"AT-WC-13168","narzo-20a-main-flex","Narzo 20A Main Flex","Main Flex","Unbranded",45,,50,1,2
13169,"AT-WC-13169","oppo-a53-main-flex","Oppo A53 Main Flex","Main Flex","Oppo",40,,50,1,2
13170,"AT-WC-13170","realme-8-pro-main-flex","Realme 8 Pro Main Flex","Main Flex","Realme",50,,50,1,2
13171,"AT-WC-13171","narzo-30a-main-flex","Narzo 20 Main Flex","Main Flex","Unbranded",45,,50,1,2
13172,"AT-WC-13172","oppo-f19-main-flex","Oppo F19 Main Flex","Main Flex","Oppo",60,,50,1,2
13173,"AT-WC-13173","realme-6-main-flex","Realme 6 Main Flex","Main Flex","Realme",60,,50,1,2
13174,"AT-WC-13174","realme-c12-main-flex","Realme C12 Main Flex","Main Flex","Realme",40,,50,1,2
13175,"AT-WC-13175","samsung-m40-main-flex","Samsung M40 Main Flex","Main Flex","Samsung",60,,50,1,2
13176,"AT-WC-13176","samsung-a10-main-flex","Samsung A10 Main Flex","Main Flex","Samsung",45,,50,1,2
13178,"AT-WC-13178","samsung-a21s-main-flex","Samsung A21S Main Flex","Main Flex","Samsung",45,,50,1,2
13179,"AT-WC-13179","samsung-a22-5g-main-flex","Samsung A22 5G Main Flex","Main Flex","Samsung",45,,50,1,2
13180,"AT-WC-13180","oneplus-nord-2t-main-flex","Oneplus Nord 2T Main Flex","Main Flex","OnePlus",70,,50,1,2
13181,"AT-WC-13181","samsung-a34-5g-main-flex","Samsung A34 5G Main Flex","Main Flex","Samsung",65,,50,1,2
13182,"AT-WC-13182","samsung-a33-5g-main-flex","Samsung A33 5G Main Flex","Main Flex","Samsung",75,,50,1,2
13183,"AT-WC-13183","samsung-a70-main-flex","Samsung A70 Main Flex","Main Flex","Samsung",80,,50,1,2
13184,"AT-WC-13184","samsung-a53-main-flex","Samsung A53 Main Flex","Main Flex","Samsung",65,,50,1,2
13185,"AT-WC-13185","samsung-a32-main-flex","Samsung A32 Main Flex","Main Flex","Samsung",55,,50,1,2
13186,"AT-WC-13186","samsung-m51-main-flex","Samsung M51 Main Flex","Main Flex","Samsung",60,,50,1,2
13187,"AT-WC-13187","samsung-a22-4g-main-flex","Samsung A22 4G Main Flex","Main Flex","Samsung",65,,50,1,2
13213,"AT-WC-13213","mi-6-pro-main-flex","Mi 6 Pro Main Flex","Main Flex","Xiaomi",60,,50,1,2
13214,"AT-WC-13214","moto-g7-power-main-flex","Moto G7 Power Main Flex","Main Flex","Motorola",70,,50,1,2
13215,"AT-WC-13215","moto-e7-plus-main-flex","Moto E7 Plus Main Flex","Main Flex","Motorola",100,,50,1,2
13216,"AT-WC-13216","moto-one-fusion-plus-main-flex","Moto One Fusion Plus Main Flex","Main Flex","Motorola",100,,50,1,2
13217,"AT-WC-13217","moto-e5-plus-main-flex","Moto E5 Plus Main Flex","Main Flex","Motorola",80,,50,1,2
13218,"AT-WC-13218","moto-g71-main-flex","Moto G71 Main Flex","Main Flex","Motorola",130,,50,1,2
13220,"AT-WC-13220","vivo-t1x-main-flex","Vivo T1X Main Flex","Main Flex","Vivo",50,,50,1,2
13222,"AT-WC-13222","vivo-v23-main-flex","Vivo V23 Main Flex","Main Flex","Vivo",50,,50,1,2
13223,"AT-WC-13223","vivo-y200-main-flex","Vivo Y200 Main Flex","Main Flex","Vivo",85,,50,1,2
13224,"AT-WC-13224","vivo-v21-4g-main-flex","Vivo V21 4G Main Flex","Main Flex","Vivo",50,,50,1,2
13226,"AT-WC-13226","vivo-y27-main-flex","Vivo Y27 Main Flex","Main Flex","Vivo",50,,50,1,2
13227,"AT-WC-13227","vivo-y22-main-flex","Vivo Y22 Main Flex","Main Flex","Vivo",50,,50,1,2
13228,"AT-WC-13228","vivo-y35-main-flex","Vivo Y35 Main Flex","Main Flex","Vivo",50,,50,1,2
13229,"AT-WC-13229","vivo-y31-new-main-flex","Vivo Y31 New Main Flex","Main Flex","Vivo",45,,50,1,2
13230,"AT-WC-13230","vivo-y56-5g-main-flex","Vivo Y56 5G Main Flex","Main Flex","Vivo",50,,50,1,2
13231,"AT-WC-13231","vivo-t1-5g-main-flex","Vivo T1 5G Main Flex","Main Flex","Vivo",50,,50,1,2
13232,"AT-WC-13232","vivo-y75-5g-main-flex","Vivo Y75 5G Main Flex","Main Flex","Vivo",100,,50,1,2
13233,"AT-WC-13233","vivo-v20-5g-main-flex","Vivo V20 5G Main Flex","Main Flex","Vivo",50,,50,1,2
13234,"AT-WC-13234","oneplus-7t-main-flex","Oneplus 7T Main Flex","Main Flex","OnePlus",70,,50,1,2
13235,"AT-WC-13235","oneplus-6-main-flex","Oneplus 6 Main Flex","Main Flex","OnePlus",80,,50,1,2
13238,"AT-WC-13238","oneplus-8-main-flex","Oneplus 8 Main Flex","Main Flex","OnePlus",50,,50,1,2
13246,"AT-WC-13246","oppo-a57-new-main-flex","Oppo A57 New Main Flex","Main Flex","Oppo",50,,50,1,2
13253,"AT-WC-13253","oneplus-7-main-flex","Oneplus 7 Main Flex","Main Flex","OnePlus",65,,50,1,2
13254,"AT-WC-13254","oneplus-nord-2-main-flex","Oneplus Nord 2 Main Flex","Main Flex","OnePlus",100,,50,1,2
13255,"AT-WC-13255","oneplus-6t-main-flex","Oneplus 6T Main Flex","Main Flex","OnePlus",65,,50,1,2
13256,"AT-WC-13256","vivo-v21e-5g-main-flex","Vivo V21E 5G Main Flex","Main Flex","Vivo",50,,50,1,2
13257,"AT-WC-13257","vivo-y33s-main-flex","Vivo Y33S Main Flex","Main Flex","Vivo",50,,50,1,2
13258,"AT-WC-13258","vivo-y28-new-main-flex","Vivo Y28 New Main Flex","Main Flex","Vivo",50,,50,1,2
13259,"AT-WC-13259","vivo-y36-main-flex","Vivo Y36 Main Flex","Main Flex","Vivo",50,,50,1,2
13264,"AT-WC-13264","oppo-a72-5g-main-flex","Oppo A72 5G Main Flex","Main Flex","Oppo",60,,50,1,2
13269,"AT-WC-13269","realme-pro-main-flex","Realme pro Main Flex","Main Flex","Realme",50,,50,1,2
13270,"AT-WC-13270","oppo-f19-pro-main-flex","Oppo F19 Pro Main Flex","Main Flex","Oppo",50,,50,1,2
13271,"AT-WC-13271","realme-10-pro-main-flex","Realme 10 Pro Main Flex","Main Flex","Realme",55,,50,1,2
13272,"AT-WC-13272","oppo-a38-new-main-flex","Oppo A38 New Main Flex","Main Flex","Oppo",50,,50,1,2
13273,"AT-WC-13273","oppoo-f21-pro-5g-main-flex","Oppoo F21 Pro 5G Main Flex","Main Flex","Unbranded",55,,50,1,2
13274,"AT-WC-13274","oppo-a18-main-flex","Oppo A18 Main Flex","Main Flex","Oppo",45,,50,1,2
13275,"AT-WC-13275","realme-c25y-main-flex","Realme C25Y Main Flex","Main Flex","Realme",40,,50,0,2
13276,"AT-WC-13276","realme-c35-main-flex","Realme C35 Main Flex","Main Flex","Realme",45,,50,1,2
13277,"AT-WC-13277","narzo-30-pro-main-flex","Narzo 30 Pro Main Flex","Main Flex","Unbranded",45,,50,1,2
13278,"AT-WC-13278","realme-8i-main-flex","Realme 8I Main Flex","Main Flex","Realme",45,,50,1,2
13280,"AT-WC-13280","oppo-a17-main-flex","Oppo A17 Main Flex","Main Flex","Oppo",55,,50,1,2
13281,"AT-WC-13281","narzo-n53-main-flex","Narzo N53 Main Flex","Main Flex","Unbranded",55,,50,1,2
13282,"AT-WC-13282","oppo-f11-pro-main-flex","Oppo F11 Pro Main Flex","Main Flex","Oppo",45,,50,1,2
13283,"AT-WC-13283","oppo-reno-6-5g-main-flex","Oppo Reno 6 5G Main Flex","Main Flex","Oppo",110,,50,1,2
13284,"AT-WC-13284","realme-c51-main-flex","Realme C51 Main Flex","Main Flex","Realme",50,,50,1,2
13285,"AT-WC-13285","honor-8x-main-flex","Honor 8X Main Flex","Main Flex","Unbranded",50,,50,1,2
13286,"AT-WC-13286","honor-10-lite-main-flex","Honor 10 Lite Main Flex","Main Flex","Unbranded",70,,50,1,2
13287,"AT-WC-13287","honor-9-lite-main-flex","Honor 9 Lite Main Flex","Main Flex","Unbranded",60,,50,1,2
13288,"AT-WC-13288","infinix-hot-11-main-flex","Infinix Hot 11 Main Flex","Main Flex","Infinix",85,,50,1,2
13289,"AT-WC-13289","infinix-note-10-main-flex","Infinix Note 10 Main Flex","Main Flex","Infinix",85,,50,1,2
13290,"AT-WC-13290","infinix-note-11-main-flex","Infinix Note 11 Main Flex","Main Flex","Infinix",85,,50,1,2
13302,"AT-WC-13302","narzo-50a-prime-main-flex","Narzo 50A Prime Main Flex","Main Flex","Unbranded",45,,50,1,2
13303,"AT-WC-13303","realme-11x-5g-main-flex","Realme 11X 5G Main Flex","Main Flex","Realme",60,,50,1,2
13304,"AT-WC-13304","realme-x-main-flex","Realme X Main Flex","Main Flex","Realme",40,,50,1,2
13305,"AT-WC-13305","narzo-70-5g-main-flex","Narzo 70 5G Main Flex","Main Flex","Unbranded",50,,50,1,2
13306,"AT-WC-13306","realme-9-pro-main-flex","Realme 9 Pro Main Flex","Main Flex","Realme",60,,50,1,2
13307,"AT-WC-13307","oppo-k10-5g-main-flex","Oppo K10 5G Main Flex","Main Flex","Oppo",50,,50,1,2
13308,"AT-WC-13308","oppo-a57-5g-main-flex","Oppo A57 5G Main Flex","Main Flex","Oppo",45,,50,1,2
13309,"AT-WC-13309","oppo-f11-main-flex","Oppo F11 Main Flex","Main Flex","Oppo",40,,50,1,2
13310,"AT-WC-13310","oppo-a33-new-main-flex","Oppo A33 New Main Flex","Main Flex","Oppo",45,,50,1,2
13311,"AT-WC-13311","oppo-a78-5g-main-flex","Oppo A78 5G Main Flex","Main Flex","Oppo",55,,50,1,2
13313,"AT-WC-13313","oppo-a79-5g-main-flex","Oppo A79 5G Main Flex","Main Flex","Oppo",45,,50,1,2
13314,"AT-WC-13314","vivo-y73-4g-main-flex","Vivo Y73 4G Main Flex","Main Flex","Vivo",45,,50,1,2
13315,"AT-WC-13315","vivo-y100-main-flex","Vivo Y100 Main Flex","Main Flex","Vivo",75,,50,1,2
13316,"AT-WC-13316","vivo-t2-pro-main-flex","Vivo T2 Pro Main Flex","Main Flex","Vivo",85,,50,1,2
13317,"AT-WC-13317","vivo-v20se-main-flex","Vivo V20SE Main Flex","Main Flex","Vivo",55,,50,1,2
13318,"AT-WC-13318","vivo-v23e-main-flex","Vivo V23E Main Flex","Main Flex","Vivo",55,,50,1,2
13319,"AT-WC-13319","vivo-v20-pro-main-flex-2","Vivo V20 Pro Main Flex","Main Flex","Vivo",50,,50,1,2
13320,"AT-WC-13320","vivo-v17-main-flex","Vivo V17 Main Flex","Main Flex","Vivo",45,,50,1,2
13321,"AT-WC-13321","vivo-v17-pro-main-flex","Vivo V17 Pro Main Flex","Main Flex","Vivo",45,,50,1,2
13322,"AT-WC-13322","vivo-t2x-5g-main-flex","Vivo T2X 5G Main Flex","Main Flex","Vivo",50,,50,1,2
13323,"AT-WC-13323","vivo-y75-4g-main-flex","Vivo Y75 4G Main Flex","Main Flex","Vivo",60,,50,1,2
13324,"AT-WC-13324","vivo-y15-main-flex","Vivo Y15 Main Flex","Main Flex","Vivo",40,,50,1,2
13325,"AT-WC-13325","mi-note-13-5g-main-flex","Mi Note 13 5G Main Flex","Main Flex","Xiaomi",40,,50,1,2
13326,"AT-WC-13326","mi-note-11-pro-5g-main-flex","Mi Note 11 Pro 5G Main Flex","Main Flex","Xiaomi",45,,50,1,2
13330,"AT-WC-13330","samsung-a90-main-flex","Samsung A90 Main Flex","Main Flex","Samsung",60,,50,1,2
13331,"AT-WC-13331","samsung-a71-main-flex","Samsung A71 Main Flex","Main Flex","Samsung",55,,50,1,2
13332,"AT-WC-13332","samsung-a54-main-flex","Samsung A54 Main Flex","Main Flex","Samsung",55,,50,1,2
13333,"AT-WC-13333","oneplus-nord-ce2-main-flex","Oneplus Nord CE2 Main Flex","Main Flex","OnePlus",55,,50,1,2
13334,"AT-WC-13334","mi-note-12-pro-main-flex","Mi Note 12 Pro+ Main Flex","Main Flex","Xiaomi",60,,50,1,2
13335,"AT-WC-13335","mi-note-13-pro-main-flex","Mi Note 13 Pro Main Flex","Main Flex","Xiaomi",55,,50,1,2
13336,"AT-WC-13336","oneplus-nord-ce2-lite-5g-main-flex","Oneplus Nord CE2 Lite 5G Main Flex","Main Flex","OnePlus",60,,50,1,2
13337,"AT-WC-13337","oneplus-8t-main-flex","Oneplus 8T Main Flex","Main Flex","OnePlus",50,,50,1,2
13338,"AT-WC-13338","oneplus-11-main-flex","Oneplus 11 Main Flex","Main Flex","OnePlus",65,,50,1,2
13339,"AT-WC-13339","oneplus-11r-main-flex","Oneplus 11R Main Flex","Main Flex","OnePlus",85,,50,1,2
13340,"AT-WC-13340","oneplus-nord-ce-5g-main-flex","Oneplus Nord CE 5G Main Flex","Main Flex","OnePlus",55,,50,1,2
13341,"AT-WC-13341","honor-9n-main-flex","Honor 9N Main Flex","Main Flex","Unbranded",45,,50,1,2
13342,"AT-WC-13342","moto-g52-main-flex","Moto G52 Main Flex","Main Flex","Motorola",65,,50,1,2
13343,"AT-WC-13343","moto-g32-main-flex","Moto G32 Main Flex","Main Flex","Motorola",85,,50,1,2
13344,"AT-WC-13344","moto-g62-main-flex","Moto G62 Main Flex","Main Flex","Motorola",75,,50,1,2
13345,"AT-WC-13345","moto-g40-main-flex","Moto G40 Main Flex","Main Flex","Motorola",85,,50,1,2
13346,"AT-WC-13346","moto-g14-main-flex","Moto G14 Main Flex","Main Flex","Motorola",80,,50,1,2
13347,"AT-WC-13347","realme-9-5g-main-flex","Realme 9 5G Main Flex","Main Flex","Realme",65,,50,1,2
13407,"AT-WC-13407","oppo-a54-main-flex-2","Oppo A54 Main Flex","Main Flex","Oppo",40,,50,1,2
13413,"AT-WC-13413","narzo-30a-main-flex-2","Narzo 30A Main Flex","Main Flex","Unbranded",40,,50,1,2
13414,"AT-WC-13414","for-kechaoda-k115-battery","For Kechaoda K115 BL- 4C Battery","Battery","Unbranded",80,,50,1,2
13415,"AT-WC-13415","for-kechaoda-a26-battery","For Kechaoda A26 Battery","Battery","Unbranded",90,,50,1,2
13416,"AT-WC-13416","for-jio-bharat-20-pin-2-4-size-l-c-d","For Jio Bharat 20 pin 2.4 size L.C.D.","Keypad LCD","Unbranded",100,,50,1,2
13435,"AT-WC-13435","vivo-y51-2020-midil-panel","Vivo Y51 New Middle Panel","Middle Panel","Vivo",65,,50,1,2
13511,"AT-WC-13511","sunshine-g21-combo-pesting-black-glue","Sunshine G21 Combo Pesting Black Glue","Repair Tools","Unbranded",75,,50,1,1
13523,"AT-WC-13523","koocu-6-port-kc-328-charger","Koocu 6 port KC 328 Charger","Repair Tools","Unbranded",1100,,50,1,0
13537,"AT-WC-13537","mechanic-ip-15-boot-cable","Mechanic IP 15 Boot Cable","Repair Tools","Unbranded",1000,,50,2,0
13538,"AT-WC-13538","tiger-07-nipper","Tiger 07 Nipper","Repair Tools","Unbranded",45,,50,1,0
13541,"AT-WC-13541","2-pin-smd-element","2 Pin SMD Element","Repair Tools","Unbranded",60,,50,1,0
13542,"AT-WC-13542","mechanic-hk5090","Mechanic HK5090 Non dust Cloths","Repair Tools","Unbranded",90,,50,1,0
13545,"AT-WC-13545","mechenic-183c-og-ppd-pest","Mechenic 183C Og PPD Pest","Repair Tools","Unbranded",180,,50,1,0
13546,"AT-WC-13546","mechanic-sak-11-high-quality-smd-tweezer","MECHANIC SAK-11 High Quality SMD Tweezer","Repair Tools","OnePlus",85,,50,2,0
13547,"AT-WC-13547","mechanic-sak-15-high-quality-smd-tweezer","MECHANIC SAK-15 High Quality SMD Tweezer","Repair Tools","Unbranded",85,,50,2,0
13548,"AT-WC-13548","tiger-06-nipper","Tiger 06 Nipper","Repair Tools","Unbranded",75,,50,1,0
13552,"AT-WC-13552","koocu-ic-opener-tool","Koocu Ic Opener Tool","Repair Tools","Unbranded",300,,50,1,0
13553,"AT-WC-13553","double-head-anti-static-cleaning-brush","Double Head Anti-Static Cleaning Brush","Repair Tools","Unbranded",85,,50,2,0
13555,"AT-WC-13555","4-pin-auto-cut-smd-element","4 Pin Auto Cut SMD Element","Repair Tools","Unbranded",120,,50,2,0
13587,"AT-WC-13587","moto-g40-finger-sensor","Moto G40 Finger Sensor","Fingerprint Sensor","Motorola",160,,50,1,2
13598,"AT-WC-13598","realme-c3-main-flex","Realme C3 Main Flex","Main Flex","Realme",35,,50,1,2
13599,"AT-WC-13599","realme-7-pro-main-flex","Realme 7 Pro Main Flex","Main Flex","Realme",50,,50,1,2
13600,"AT-WC-13600","infinix-hot-30-og-cc-flex","Infinix Hot 30 Og CC Flex","Charging Flex","Infinix",110,,50,1,2
13601,"AT-WC-13601","nokia-c31-og-cc-flex","Nokia C31 Og CC Flex","Charging Flex","Nokia",90,,50,1,2
13602,"AT-WC-13602","moto-edge-40-og-cc-flex","Moto EDGE 40 Og CC Flex","Charging Flex","Motorola",260,,50,1,2
13603,"AT-WC-13603","moto-g84-og-cc-flex","Moto G84 Og CC Flex","Charging Flex","Motorola",95,,50,1,2
13604,"AT-WC-13604","mi-13-4g-og-cc-flex","Mi 13 4G Og CC Flex","Charging Flex","Xiaomi",105,,50,1,2
13605,"AT-WC-13605","vivo-y01-on-off-flex","Vivo Y01 On Off Flex","Other Products","Vivo",16,,50,1,2
13685,"AT-WC-13685","13685","Samsung A10S Camera glass","Camera Glass","Samsung",6,,50,1,2
13686,"AT-WC-13686","samsung-a52-set-camera-glass","Samsung A52 Set Camera glass","Camera Glass","Samsung",15,,50,1,2
13687,"AT-WC-13687","samsung-a70-camera-glass","Samsung A70 Camera glass","Camera Glass","Samsung",8,,50,1,2
13688,"AT-WC-13688","samsung-a51-camera-glass-2","Samsung A51 Camera glass","Camera Glass","Samsung",9,,50,1,2
13689,"AT-WC-13689","samsung-a01-camera-glass","Samsung A01 Camera glass","Camera Glass","Samsung",8,,50,1,2
13690,"AT-WC-13690","samsung-a04-core-camera-glass","Samsung A01 core Camera glass","Camera Glass","Samsung",8,,50,1,2
13691,"AT-WC-13691","samsung-a03-core-camera-glass","Samsung A03 core Camera glass","Camera Glass","Samsung",6,,50,1,2
13692,"AT-WC-13692","samsung-a20-camera-glass","samsung A20 Camera glass","Camera Glass","Samsung",6,,50,1,2
13693,"AT-WC-13693","samsung-a03-camera-glass","Samsung A03 Camera glass","Camera Glass","Samsung",9,,50,1,2
13694,"AT-WC-13694","samsung-a14-5g-camera-glass","Samsung A14 5G Camera glass","Camera Glass","Samsung",10,,50,1,2
13952,"AT-WC-13952","samsung-a22-5g-camera-glass","Samsung A22 5G Camera glass","Camera Glass","Samsung",11,,50,1,2
13953,"AT-WC-13953","samsung-a34-5g-camera-glass","Samsung A34 5G Camera glass","Camera Glass","Samsung",10,,50,1,2
13954,"AT-WC-13954","samsung-a31-camera-glass","Samsung A31 Camera glass","Camera Glass","Samsung",10,,50,2,2
13955,"AT-WC-13955","samsung-a02-camera-glass","Samsung A02 Camera glass","Camera Glass","Samsung",6,,50,1,2
13956,"AT-WC-13956","samsung-a33-5g-camera-glass","Samsung A33 5G Camera glass","Camera Glass","Samsung",16,,50,1,2
13957,"AT-WC-13957","samsung-a40-camera-glass","Samsung A40 Camera glass","Camera Glass","Samsung",8,,50,1,2
13958,"AT-WC-13958","sasmung-a15-5g-camera-glass","Sasmung A15 5G Camera glass","Camera Glass","Unbranded",10,,50,1,2
13959,"AT-WC-13959","samsung-a53-camera-glass","Samsung A53 Camera glass","Camera Glass","Samsung",16,,50,1,2
13960,"AT-WC-13960","samsung-a04-camera-glass","Samsung A04 Camera glass","Camera Glass","Samsung",9,,50,1,2
13961,"AT-WC-13961","samsung-a71-camera-glass","Samsung A71 Camera glass","Camera Glass","Samsung",13,,50,1,2
13964,"AT-WC-13964","samsung-a22-4g-camera-glass","Samsung A22 4G Camera glass","Camera Glass","Samsung",9,,50,1,2
13965,"AT-WC-13965","samsung-a05-camera-glass","Samsung A05 Camera glass","Camera Glass","Samsung",9,,50,1,2
13966,"AT-WC-13966","samsung-a04s-camera-glass","Samsung A04S Camera glass","Camera Glass","Samsung",12,,50,1,2
13967,"AT-WC-13967","samsung-a50s-camera-glass","Samsung A50S Camera glass","Camera Glass","Samsung",9,,50,1,2
13969,"AT-WC-13969","samsung-a04e-camera-glass","Samsung A04E Camera glass","Camera Glass","Samsung",9,,50,1,2
13970,"AT-WC-13970","samsung-a13-4g-camera-glass","Samsung A13 4G Camera glass","Camera Glass","Samsung",10,,50,1,2
13971,"AT-WC-13971","vivo-y51-old-camera-glass","Vivo Y51 Old Camera glass","Camera Glass","Vivo",7,,50,1,2
13973,"AT-WC-13973","vivo-v20-pro-camera-glass","Vivo V20 Pro Camera glass","Camera Glass","Vivo",10,,50,1,2
13974,"AT-WC-13974","samsung-a23-5g-camera-glass","Samsung A23 5G Camera glass","Camera Glass","Samsung",16,,50,1,2
13975,"AT-WC-13975","vivo-y53-camera-glass","Vivo Y53 Camera glass","Camera Glass","Vivo",7,,50,1,2
13977,"AT-WC-13977","vivo-v7-camera-glass","Vivo V7 Camera glass","Camera Glass","Vivo",7,,50,1,2
13978,"AT-WC-13978","vivo-v5-camera-glass","Vivo V5 Camera glass","Camera Glass","Vivo",7,,50,1,2
13979,"AT-WC-13979","vivo-v7-camera-glass-2","Vivo V7+ Camera glass","Camera Glass","Vivo",8,,50,1,2
13980,"AT-WC-13980","vivo-y28-new-camera-glass","Vivo Y28 New Camera glass","Camera Glass","Vivo",14,,50,1,2
13981,"AT-WC-13981","vivo-y03-camera-glass","Vivo Y03 Camera glass","Camera Glass","Vivo",13,,50,1,2
13982,"AT-WC-13982","vivo-y36-camera-glass","Vivo Y36 Camera glass","Camera Glass","Vivo",13,,50,1,2
13983,"AT-WC-13983","infinix-smart-4-camera-glass","Infinix Smart 4+ Camera glass","Camera Glass","Infinix",13,,50,1,2
13984,"AT-WC-13984","infinix-note-10-camera-glass","Infinix Note 10 Camera glass","Camera Glass","Infinix",15,,50,1,2
13985,"AT-WC-13985","infinix-hot-11-2022-camera-glass","Infinix Hot 11 2022 Camera glass","Camera Glass","Infinix",9,,50,1,2
13986,"AT-WC-13986","infinix-hot-10s-camera-glass","Infinix Hot 10S Camera glass","Camera Glass","Infinix",13,,50,1,2
13987,"AT-WC-13987","infinix-hot-20-5g-camera-glass","Infinix Hot 20 5G Camera glass","Camera Glass","Infinix",14,,50,1,2
13988,"AT-WC-13988","infinix-hot-8-camera-glass","Infinix Hot 8 Camera glass","Camera Glass","Infinix",14,,50,1,2
13989,"AT-WC-13989","infinix-hot-11s-camera-glass","Infinix Hot 11S Camera glass","Camera Glass","Infinix",14,,50,1,2
13990,"AT-WC-13990","infinix-hot-10-camera-glass","Infinix Hot 10 Camera glass","Camera Glass","Infinix",15,,50,1,2
13991,"AT-WC-13991","infinix-hot-9-play-camera-glass","Infinix Hot 9 Play Camera glass","Camera Glass","Infinix",15,,50,1,2
13992,"AT-WC-13992","infinix-hot-20-play-camera-glass","Infinix Hot 20 Play Camera glass","Camera Glass","Infinix",13,,50,1,2
13994,"AT-WC-13994","infinix-hot-30i-camera-glass","Infinix Hot 30I Camera glass","Camera Glass","Infinix",16,,50,1,2
13995,"AT-WC-13995","infinix-smart-7-hd-camera-glass","Infinix Smart 7 HD Camera glass","Camera Glass","Infinix",14,,50,1,2
13996,"AT-WC-13996","infinix-hot-9-camera-glass","Infinix Hot 9 Camera glass","Camera Glass","Infinix",13,,50,1,2
13997,"AT-WC-13997","infinix-hot-12-play-camera-glass","Infinix Hot 12 Play Camera glass","Camera Glass","Infinix",11,,50,1,2
14015,"AT-WC-14015","honor-9n-camera-glass","Honor 9N Camera glass","Camera Glass","Unbranded",9,,50,1,2
14016,"AT-WC-14016","huwai-p30-lite-camera-glass","Huwai P30 Lite Camera glass","Camera Glass","Unbranded",12,,50,1,2
14017,"AT-WC-14017","honor-7c-camera-glass","Honor 7C Camera glass","Camera Glass","Unbranded",12,,50,1,2
14019,"AT-WC-14019","honor-7x-camera-glass","Honor 7X Camera glass","Camera Glass","Unbranded",10,,50,1,2
14020,"AT-WC-14020","honor-8x-camera-glass","Honor 8X Camera glass","Camera Glass","Unbranded",12,,50,1,2
14021,"AT-WC-14021","honor-7s-camera-glass","Honor 7S Camera glass","Camera Glass","Unbranded",8,,50,1,2
14022,"AT-WC-14022","huwai-p20-lite-camera-glass","Huwai P20 Lite Camera glass","Camera Glass","Unbranded",9,,50,1,2
14023,"AT-WC-14023","honor-9-lite-camera-glass","Honor 9 lite Camera glass","Camera Glass","Unbranded",9,,50,1,2
14025,"AT-WC-14025","honor-6x-camera-glass","Honor 6X Camera glass","Camera Glass","Unbranded",13,,50,1,2
14027,"AT-WC-14027","honor-7a-camera-glass","Honor 7A Camera glass","Camera Glass","Unbranded",11,,50,1,2
14028,"AT-WC-14028","tecno-kg5-camera-glass","Tecno KG5 Camera glass","Camera Glass","Tecno",16,,50,1,2
14029,"AT-WC-14029","tecno-spark-7t-camera-glass","Tecno Spark 7T Camera glass","Camera Glass","Tecno",11,,50,1,2
14030,"AT-WC-14030","infinix-smart-7-camera-glass","Infinix Smart 7 Camera glass","Camera Glass","Infinix",15,,50,1,2
14031,"AT-WC-14031","tecno-in-1-camera-glass","Tecno In 1 Camera glass","Camera Glass","Tecno",13,,50,1,2
14032,"AT-WC-14032","tecno-in-2-camera-glass","Tecno in 2 Camera glass","Camera Glass","Tecno",12,,50,1,2
14033,"AT-WC-14033","tecno-pova-4-camera-glass","Tecno Pova 4 Camera glass","Camera Glass","Tecno",12,,50,1,2
14034,"AT-WC-14034","tecno-comon-20-camera-glass","Tecno Comon 20 Camera glass","Camera Glass","Tecno",16,,50,1,2
14035,"AT-WC-14035","tecno-spark-6-air-camera-glass","Tecno Spark 6 Air Camera glass","Camera Glass","Tecno",16,,50,1,2
14036,"AT-WC-14036","tecno-spark-7-camera-glass","Tecno Spark 7 Camera glass","Camera Glass","Tecno",10,,50,1,2
14037,"AT-WC-14037","tecno-spark-10c-camera-glass","Tecno Spark 10C Camera glass","Camera Glass","Tecno",16,,50,1,2
14040,"AT-WC-14040","tecno-ke5-camera-glass","Tecno KE5 Camera glass","Camera Glass","Tecno",14,,50,1,2
14041,"AT-WC-14041","tecno-spark-8t-camera-glass","Tecno Spark 8T Camera glass","Camera Glass","Tecno",16,,50,1,2
14042,"AT-WC-14042","tecno-kc1-camera-glass","Tecno KC1 Camera glass","Camera Glass","Tecno",13,,50,1,2
14043,"AT-WC-14043","tecno-spark-5-pro-camera-glass","Tecno Spark 5 Pro Camera glass","Camera Glass","Tecno",13,,50,1,2
14044,"AT-WC-14044","tecno-kb2-camera-glass","Tecno KB2 Camera glass","Camera Glass","Tecno",11,,50,1,2
14045,"AT-WC-14045","tecno-bb4k-camera-glass","Tecno BB4K Camera glass","Camera Glass","Tecno",13,,50,1,2
14046,"AT-WC-14046","tecno-pop-7-pro-camera-glass","Tecno Pop 7 Pro Camera glass","Camera Glass","Tecno",13,,50,1,2
14047,"AT-WC-14047","tecno-in3-camera-glass","Tecno IN3 Camera glass","Camera Glass","Tecno",8,,50,1,2
14048,"AT-WC-14048","tecno-spark-7-pro-camera-glass","Tecno Spark 7 Pro Camera glass","Camera Glass","Tecno",13,,50,1,2
14049,"AT-WC-14049","tecno-pop-6-pro-camera-glass","Tecno Pop 6 Pro Camera glass","Camera Glass","Tecno",16,,50,1,2
14050,"AT-WC-14050","tecno-pova-camera-glass","Tecno Pova Camera glass","Camera Glass","Tecno",15,,50,1,2
14051,"AT-WC-14051","moto-g8-power-camera-glass","Moto G8 Power Camera glass","Camera Glass","Motorola",16,,50,1,2
14052,"AT-WC-14052","moto-g32-camera-glass","Moto G32 Camera glass","Camera Glass","Motorola",14,,50,1,2
14053,"AT-WC-14053","moto-g34-camera-glass","Moto G34 Camera glass","Camera Glass","Motorola",13,,50,1,2
14054,"AT-WC-14054","moto-e7-power-camera-glass","Moto E7 Power Camera glass","Camera Glass","Motorola",16,,50,1,2
14055,"AT-WC-14055","moto-g62-camera-glass","Moto G62 Camera glass","Camera Glass","Motorola",14,,50,1,2
14056,"AT-WC-14056","moto-g20-camera-glass","Moto G20 Camera glass","Camera Glass","Motorola",16,,50,1,2
14057,"AT-WC-14057","moto-e7-camera-glass","Moto E7+ Camera glass","Camera Glass","Motorola",16,,50,1,2
14058,"AT-WC-14058","moto-e6-camera-glass","Moto E6+ Camera glass","Camera Glass","Motorola",14,,50,1,2
14059,"AT-WC-14059","moto-e5-camera-glass","Moto E5+ Camera glass","Camera Glass","Motorola",18,,50,1,2
14060,"AT-WC-14060","itel-vision-2-camera-glass","Itel Vision 2 Camera glass","Camera Glass","Itel",9,,50,1,2
14061,"AT-WC-14061","itel-vision-2s-camera-glass","Itel Vision 2s Camera glass","Camera Glass","Itel",9,,50,1,2
14062,"AT-WC-14062","itel-a49-camera-glass","Itel A49 Camera glass","Camera Glass","Itel",10,,50,1,2
14063,"AT-WC-14063","itel-p40-camera-glass","Itel P40 Camera glass","Camera Glass","Itel",16,,50,1,2
14071,"AT-WC-14071","oneplus-nord-camera-glass","Oneplus Nord Camera glass","Camera Glass","OnePlus",14,,50,1,2
14072,"AT-WC-14072","oneplus-8-camera-glass","Oneplus 8 Camera glass","Camera Glass","OnePlus",10,,50,1,2
14073,"AT-WC-14073","itel-vision-3-camera-glass","Itel Vision 3 Camera glass","Camera Glass","Itel",13,,50,1,2
14074,"AT-WC-14074","oneplus-11-5g-camera-glass","Oneplus 11 5G Camera glass","Camera Glass","OnePlus",220,,50,1,0
14075,"AT-WC-14075","itel-a26-camera-glass","Itel A26 Camera glass","Camera Glass","Itel",12,,50,1,2
14076,"AT-WC-14076","3-3-2110200000","Itel Vision 1 Pro Camera glass","Camera Glass","Itel",13,,50,1,2
14078,"AT-WC-14078","itel-a48-camera-glass","Itel A48 Camera glass","Camera Glass","Itel",15,,50,1,2
14079,"AT-WC-14079","itel-vision-1-camera-glass","Itel Vision 1 Camera glass","Camera Glass","Itel",13,,50,1,2
14080,"AT-WC-14080","oneplus-nord-ce2-camera-glass","Oneplus Nord CE2 Camera glass","Camera Glass","OnePlus",13,,50,1,2
14081,"AT-WC-14081","one-nord-2t-camera-glass","One + Nord 2T Camera glass","Camera Glass","Unbranded",10,,50,1,2
14082,"AT-WC-14082","one6","One+6  Camera glass","Camera Glass","Unbranded",13,,50,1,2
14083,"AT-WC-14083","one7-camera-glass","One+7  Camera glass","Camera Glass","Unbranded",13,,50,1,2
14084,"AT-WC-14084","onenord-ce2-lite-camera-glass","One+Nord CE2 Lite  Camera glass","Camera Glass","Unbranded",13,,50,1,2
14085,"AT-WC-14085","one8t-camera-glass","One+8T  Camera glass","Camera Glass","Unbranded",15,,50,1,2
14086,"AT-WC-14086","onenord-ce-5g-camera-glass","One+Nord CE 5G  Camera glass","Camera Glass","Unbranded",13,,50,1,2
14087,"AT-WC-14087","one6t-camera-glass","One+6T  Camera glass","Camera Glass","Unbranded",10,,50,1,2
14088,"AT-WC-14088","one7t-camera-glass","One+7T  Camera glass","Camera Glass","Unbranded",15,,50,1,2
14089,"AT-WC-14089","nokia-5-camera-glass","Nokia 5 Camera glass","Camera Glass","Nokia",16,,50,2,2
14094,"AT-WC-14094","oppo-a38-new-camera-glass","Oppo A38 New Camera glass","Camera Glass","Oppo",14,,50,1,2
14095,"AT-WC-14095","oppo-a78-5g-camera-glass","Oppo A78 5G Camera glass","Camera Glass","Oppo",14,,50,1,2
14096,"AT-WC-14096","oppo-a5s-camera-glass","Oppo A5s Camera glass","Camera Glass","Oppo",8,,50,1,2
14097,"AT-WC-14097","oppo-a18-new-camera-glass","Oppo A18 New Camera glass","Camera Glass","Oppo",15,,50,1,2
14098,"AT-WC-14098","oppo-a57","Oppo A57 Camera glass","Camera Glass","Oppo",8,,50,1,2
14099,"AT-WC-14099","oppo-a59-5g-camera-glass","Oppo A59 5G Camera glass","Camera Glass","Oppo",14,,50,1,2
14102,"AT-WC-14102","oppo-a79-5g-camera-glass","Oppo A79 5G Camera glass","Camera Glass","Oppo",14,,50,1,2
14103,"AT-WC-14103","oppo-a52-camera-glass","Oppo A52 Camera glass","Camera Glass","Oppo",14,,50,1,2
14104,"AT-WC-14104","oppo-a31-new-camera-glass","Oppo A31 New Camera glass","Camera Glass","Oppo",10,,50,1,2
14105,"AT-WC-14105","oppo-a17-camera-glass","Oppo A17 Camera glass","Camera Glass","Oppo",13,,50,1,2
14106,"AT-WC-14106","oppo-a33-2020-camera-glass","Oppo A33 (2020) Camera glass","Camera Glass","Oppo",10,,50,1,2
14107,"AT-WC-14107","oppo-a33-old-camera-glass","Oppo A33 Old Camera glass","Camera Glass","Oppo",8,,50,1,2
14108,"AT-WC-14108","oppo-a83-camera-glass","Oppo A83 Camera glass","Camera Glass","Oppo",8,,50,1,2
14109,"AT-WC-14109","realme-c2-camera-glass","Realme C2 Camera glass","Camera Glass","Realme",8,,50,1,2
14110,"AT-WC-14110","oneplus-nord-2-camera-glass","Oneplus Nord 2 Camera glass","Camera Glass","OnePlus",13,,50,1,2
14111,"AT-WC-14111","nokia-3-1-camera-glass","Nokia 3.1+ Camera glass","Camera Glass","Nokia",16,,50,1,2
14112,"AT-WC-14112","nokia-5-1-camera-glass","Nokia 5.1+ Camera glass","Camera Glass","Nokia",16,,50,1,2
14113,"AT-WC-14113","nokia-3-2-camera-glass","Nokia 3.2 Camera glass","Camera Glass","Nokia",10,,50,1,2
14114,"AT-WC-14114","oppo-a16-camera-glass","Oppo A16 Camera glass","Camera Glass","Oppo",12,,50,1,2
14115,"AT-WC-14115","oppo-a57-new-camera-glass","Oppo A57 New Camera glass","Camera Glass","Oppo",15,,50,1,2
14116,"AT-WC-14116","realme-11x-camera-glass","Realme 11X Camera glass","Camera Glass","Realme",20,,50,1,2
14118,"AT-WC-14118","realme-8-4g-camera-glass","Realme 8 4G Camera glass","Camera Glass","Realme",13,,50,1,2
14120,"AT-WC-14120","realme-7i-camera-glass","Realme 7i Camera glass","Camera Glass","Realme",11,,50,1,2
14122,"AT-WC-14122","realme-9-pro-camera-glass","Realme 9 Pro Camera glass","Camera Glass","Realme",14,,50,1,2
14123,"AT-WC-14123","realme-6-pro-camera-glass","Realme 6 pro Camera glass","Camera Glass","Realme",13,,50,1,2
14124,"AT-WC-14124","realme-xt-camera-glass","Realme XT Camera glass","Camera Glass","Realme",9,,50,1,2
14127,"AT-WC-14127","realme-x-camera-glass","Realme X Camera glass","Camera Glass","Realme",8,,50,1,2
14128,"AT-WC-14128","realme-8-5g-camera-glass","Realme 8 5G Camera glass","Camera Glass","Realme",13,,50,1,2
14129,"AT-WC-14129","realme-10-pro-camera-glass","Realme 10 Pro Camera glass","Camera Glass","Realme",12,,50,1,2
14130,"AT-WC-14130","realme-8i-camera-glass","Realme 8I Camera glass","Camera Glass","Realme",15,,50,1,2
14131,"AT-WC-14131","realme-9-5g-camera-glass","Realme 9 5G Camera glass","Camera Glass","Realme",14,,50,1,2
14132,"AT-WC-14132","oppo-f19-camera-glass","Oppo F19 Camera glass","Camera Glass","Oppo",13,,50,1,2
14133,"AT-WC-14133","oppo-f15-camera-glass","Oppo F15 Camera glass","Camera Glass","Oppo",13,,50,1,2
14134,"AT-WC-14134","oppo-f19-pro-camera-glass","Oppo F19 Pro Camera glass","Camera Glass","Oppo",12,,50,1,2
14135,"AT-WC-14135","oppo-k10-5g-camera-glass","Oppo K10 5G Camera glass","Camera Glass","Oppo",14,,50,1,2
14136,"AT-WC-14136","oppo-f9-pro-camera-glass","Oppo F9 Pro Camera glass","Camera Glass","Oppo",8,,50,1,2
14138,"AT-WC-14138","oppo-f17-camera-glass","Oppo F17 Camera glass","Camera Glass","Oppo",10,,50,1,2
14139,"AT-WC-14139","oppo-f11-camera-glass","Oppo F11 Camera glass","Camera Glass","Oppo",8,,50,1,2
14140,"AT-WC-14140","oppo-f5-camera-glass","Oppo F5 Camera glass","Camera Glass","Oppo",8,,50,1,2
14141,"AT-WC-14141","oppo-f17-pro-camera-glass","Oppo F17 Pro Camera glass","Camera Glass","Oppo",9,,50,1,2
14142,"AT-WC-14142","oppo-f3-camera-glass","Oppo F3 Camera glass","Camera Glass","Oppo",8,,50,1,2
14143,"AT-WC-14143","oppo-f21-pro-5g-camera-glass","Oppo F21 Pro 5G Camera glass","Camera Glass","Oppo",10,,50,1,2
14144,"AT-WC-14144","oppo-f9-camera-glass-2","Oppo F9 Camera glass","Camera Glass","Oppo",8,,50,1,2
14146,"AT-WC-14146","realme-c30-camera-glass","Realme C30 Camera glass","Camera Glass","Realme",8,,50,1,2
14147,"AT-WC-14147","realme-c21-camera-glass","Realme C21 Camera glass","Camera Glass","Realme",12,,50,1,2
14148,"AT-WC-14148","realme-narzo-20-camera-glass","Realme Narzo 20 Camera glass","Camera Glass","Realme",9,,50,1,2
14149,"AT-WC-14149","realme-c11-2021-camera-glass","Realme C11 (2021) Camera glass","Camera Glass","Realme",13,,50,1,2
14150,"AT-WC-14150","realme-c25y-camera-glass","Realme C25Y Camera glass","Camera Glass","Realme",11,,50,1,2
14151,"AT-WC-14151","realme-c25-camera-glass","Realme C25 Camera glass","Camera Glass","Realme",10,,50,1,2
14152,"AT-WC-14152","realme-c51-camera-glass","Realme C51 Camera glass","Camera Glass","Realme",15,,50,1,2
14153,"AT-WC-14153","realme-c21y-camera-glass","Realme C21Y Camera glass","Camera Glass","Realme",9,,50,1,2
14154,"AT-WC-14154","realme-c35-camera-glass","Realme C35 Camera glass","Camera Glass","Realme",16,,50,1,2
14155,"AT-WC-14155","realme-narzo-70-5g-camera-glass","Realme Narzo 70 5G Camera glass","Camera Glass","Realme",16,,50,1,2
14157,"AT-WC-14157","realme-narzo-n53-camera-glass","Realme Narzo N53 Camera glass","Camera Glass","Realme",14,,50,1,2
14158,"AT-WC-14158","realme-narzo-30a-camera-glass","Realme Narzo 30A Camera glass","Camera Glass","Realme",13,,50,1,2
14159,"AT-WC-14159","oppo-reno-6-pro-camera-glass","Oppo Reno 6 Pro Camera glass","Camera Glass","Oppo",15,,50,1,2
14160,"AT-WC-14160","realme-narzo-50a-prime-camera-glass","Realme Narzo 50A Prime Camera glass","Camera Glass","Realme",14,,50,1,2
14161,"AT-WC-14161","vivo-y56-5g-camera-glass","Vivo Y56 5G Camera glass","Camera Glass","Vivo",16,,50,1,2
14162,"AT-WC-14162","narzo-20a-camera-glass","Narzo 20A Camera glass","Camera Glass","Unbranded",13,,50,1,2
14163,"AT-WC-14163","realme-narzo-50-camera-glass","Realme Narzo 50 Camera glass","Camera Glass","Realme",14,,50,1,2
14164,"AT-WC-14164","vivo-y75-5g-camera-glass","Vivo Y75 5G Camera glass","Camera Glass","Vivo",13,,50,1,2
14165,"AT-WC-14165","oppo-reno-6-5g-camera-glass","Oppo Reno 6 5G Camera glass","Camera Glass","Oppo",16,,50,1,2
14166,"AT-WC-14166","narzo-30-pro-camera-glass","Narzo 30 Pro Camera glass","Camera Glass","Unbranded",14,,50,1,2
14169,"AT-WC-14169","vivo-y50","Vivo Y50 Camera glass","Camera Glass","Vivo",14,,50,1,2
14170,"AT-WC-14170","vivo-y15s-camera-glass","Vivo Y15S Camera glass","Camera Glass","Vivo",12,,50,1,2
14171,"AT-WC-14171","vivo-y16-camera-glass","Vivo Y16 Camera glass","Camera Glass","Vivo",12,,50,1,2
14172,"AT-WC-14172","vivo-y18-camera-glass","Vivo Y18 Camera glass","Camera Glass","Vivo",14,,50,1,2
14173,"AT-WC-14173","vivo-y75-4g-camera-glass","Vivo Y75 4G Camera glass","Camera Glass","Vivo",11,,50,1,2
14174,"AT-WC-14174","vivo-y02-camera-glass","Vivo Y02 Camera glass","Camera Glass","Vivo",11,,50,1,2
14175,"AT-WC-14175","vivo-y31-2020-camera-glass","Vivo Y31 2020 Camera glass","Camera Glass","Vivo",12,,50,1,2
14176,"AT-WC-14176","vivo-y100-camera-glass","Vivo Y100 Camera glass","Camera Glass","Vivo",14,,50,1,2
14177,"AT-WC-14177","vivo-z1x-camera-glass","Vivo Z1X Camera glass","Camera Glass","Vivo",14,,50,1,2
14178,"AT-WC-14178","vivo-v23-camera-glass","Vivo V23 Camera glass","Camera Glass","Vivo",13,,50,1,2
14180,"AT-WC-14180","vivo-t2-pro-camera-glass","Vivo T2 pro Camera Glass","Camera Glass","Vivo",14,,50,1,2
14181,"AT-WC-14181","vivo-t1-5g-camera-glass","Vivo T1 5g Camera Glass","Camera Glass","Vivo",11,,50,1,2
14182,"AT-WC-14182","vivo-v20se-camera-glass","Vivo V20SE Camera Glass","Camera Glass","Vivo",12,,50,1,2
14183,"AT-WC-14183","vivo-v11-camera-glass","Vivo V11 Camera Glass","Camera Glass","Vivo",8,,50,1,2
14184,"AT-WC-14184","vivo-v17-camera-glass","Vivo V17 Camera Glass","Camera Glass","Vivo",13,,50,1,2
14186,"AT-WC-14186","vivo-v20-5g-camera-glass","Vivo V20 5G Camera Glass","Camera Glass","Vivo",12,,50,1,2
14188,"AT-WC-14188","vivo-t1x-camera-glass","Vivo T1X Camera Glass","Camera Glass","Vivo",13,,50,1,2
14190,"AT-WC-14190","mi-k20-camera-glass","MI K20 Camera Glass","Camera Glass","Xiaomi",14,,50,1,2
14193,"AT-WC-14193","mi-note-13-pro-camera-glass","Mi Note 13 Pro+ Camera Glass","Camera Glass","Xiaomi",14,,50,1,2
14194,"AT-WC-14194","mi-note-12-pro-camera-glass","Mi Note 12 Pro+ Camera Glass","Camera Glass","Xiaomi",16,,50,1,2
14195,"AT-WC-14195","mi-note-11-pro-camera-glass","Mi Note 11 Pro Camera Glass","Camera Glass","Xiaomi",16,,50,1,2
14196,"AT-WC-14196","mi-note-12-4g-camera-glass","Mi Note 12 4G Camera Glass","Camera Glass","Xiaomi",14,,50,1,2
14197,"AT-WC-14197","mi-note-10-5g-camera-glass","Mi Note 10 5G Camera Glass","Camera Glass","Xiaomi",12,,50,1,2
14198,"AT-WC-14198","mi-note-13-5g-camera-glass","Mi Note 13 5G Camera Glass","Camera Glass","Xiaomi",13,,50,1,2
14199,"AT-WC-14199","poco-c61-camera-glass","Poco C61 Camera Glass","Camera Glass","Poco",13,,50,1,2
14200,"AT-WC-14200","mi-6-pro-camera-glass","Mi 6 Pro Camera Glass","Camera Glass","Xiaomi",10,,50,1,2
14201,"AT-WC-14201","mi-7-camera-glass","Mi 7 Camera Glass","Camera Glass","Xiaomi",9,,50,1,2
14202,"AT-WC-14202","mi-a3-camera-glass","Mi A3 Camera Glass","Camera Glass","Xiaomi",10,,50,1,2
14203,"AT-WC-14203","poco-c65-camera-glass","Poco C65 Camera Glass","Camera Glass","Poco",13,,50,1,2
14204,"AT-WC-14204","mi-12c-camera-glass","Mi 12C Camera Glass","Camera Glass","Xiaomi",11,,50,1,2
14205,"AT-WC-14205","poco-m6-pro-camera-glass","Poco M6 Pro Camera Glass","Camera Glass","Poco",15,,50,1,2
14206,"AT-WC-14206","mi-y1-camera-glass","MI Y1 Camera Glass","Camera Glass","Xiaomi",8,,50,1,2
14207,"AT-WC-14207","mi-7a-camera-glass","Mi 7A Camera Glass","Camera Glass","Xiaomi",9,,50,1,2
14208,"AT-WC-14208","poco-c50-camera-glass","Poco C50 Camera Glass","Camera Glass","Poco",11,,50,1,2
14209,"AT-WC-14209","mi-9-prime-camera-glass","Mi 9 Prime Camera Glass","Camera Glass","Xiaomi",13,,50,1,2
14210,"AT-WC-14210","poco-m3-camera-glass","Poco M3 Camera Glass","Camera Glass","Poco",12,,50,1,2
14211,"AT-WC-14211","poco-m4-5g-camera-glass","Poco M4 5G Camera Glass","Camera Glass","Poco",11,,50,1,2
14212,"AT-WC-14212","mi-10a-camera-glass","Mi 10A Camera Glass","Camera Glass","Xiaomi",10,,50,1,2
14219,"AT-WC-14219","mi-a2-new-camera-glass","Mi A2 New Camera Glass","Camera Glass","Xiaomi",10,,50,1,2
14220,"AT-WC-14220","mi-8-camera-glass","Mi 8 Camera Glass","Camera Glass","Xiaomi",8,,50,1,2
14221,"AT-WC-14221","mi-10-prime-camera-glass","Mi 10 Prime Camera Glass","Camera Glass","Xiaomi",12,,50,1,2
14222,"AT-WC-14222","mi-11-prime-5g-camera-glass","MI 11 Prime 5G Camera Glass","Camera Glass","Xiaomi",12,,50,1,2
14223,"AT-WC-14223","mi-note-10t-camera-glass","Mi Note 10T Camera Glass","Camera Glass","Xiaomi",12,,50,1,2
14224,"AT-WC-14224","mi-a1-new-camera-glass","Mi A1 New Camera Glass","Camera Glass","Xiaomi",12,,50,1,2
14225,"AT-WC-14225","mi-y2-camera-glass","Mi Y2 Camera Glass","Camera Glass","Xiaomi",9,,50,1,2
14226,"AT-WC-14226","mi-a3-new-camera-glass","Mi A3 New Camera Glass","Camera Glass","Xiaomi",10,,50,1,2
14227,"AT-WC-14227","mi-a2-old-camera-glass","Mi A2 Old Camera Glass","Camera Glass","Xiaomi",12,,50,1,2
14228,"AT-WC-14228","samsung-m51-camera-glass","Samsung M51 Camera Glass","Camera Glass","Samsung",11,,50,1,2
14229,"AT-WC-14229","samsung-m40-camera-glass","Samsung M40 Camera Glass","Camera Glass","Samsung",11,,50,1,2
14230,"AT-WC-14230","samsung-f62-camera-glass","Samsung F62 Camera Glass","Camera Glass","Samsung",12,,50,1,2
14231,"AT-WC-14231","samsung-m30s-camera-glass","Samsung M30S Camera Glass","Camera Glass","Samsung",9,,50,1,2
14232,"AT-WC-14232","samsung-a32-4g-camera-glass","Samsung A32 4G Camera Glass","Camera Glass","Samsung",16,,50,1,2
14233,"AT-WC-14233","vivo-y27-new-camera-glass","Vivo Y27 Camera Glass","Camera Glass","Vivo",14,,50,1,2
14234,"AT-WC-14234","vivo-v21-5g-camera-glass-2","Vivo V21 5G Camera Glass","Camera Glass","Vivo",12,,50,1,2
14235,"AT-WC-14235","vivo-y22-camera-glass","Vivo Y22 Camera Glass","Camera Glass","Vivo",13,,50,1,2
14237,"AT-WC-14237","oppo-a53-camera-glass-2","Oppo A53 Camera Glass","Camera Glass","Oppo",10,,50,1,2
14238,"AT-WC-14238","vivo-v20-pro-camera-glass-2","Vivo V20 Pro Camera Glass","Camera Glass","Vivo",12,,50,1,2
14239,"AT-WC-14239","tecno-spark-8t-camera-glass-2","Tecno Spark 8T Camera Glass","Camera Glass","Tecno",16,,50,1,2
14240,"AT-WC-14240","tecno-kg5k-camera-glass","Tecno KG5K Camera Glass","Camera Glass","Tecno",16,,50,1,2
14241,"AT-WC-14241","tecno-spark-8-camera-glass","Tecno Spark 8 Camera Glass","Camera Glass","Tecno",16,,50,1,2
14242,"AT-WC-14242","infinix-smart-6-hd-camera-glass","Infinix Smart 6 HD Camera Glass","Camera Glass","Infinix",8,,50,1,2
14243,"AT-WC-14243","infinix-note-11-2022-camera-glass","Infinix Note 11 2022 Camera Glass","Camera Glass","Infinix",9,,50,1,2
14245,"AT-WC-14245","infinix-smart-5-camera-glass","Infinix Smart 5 Camera Glass","Camera Glass","Infinix",14,,50,1,2
14246,"AT-WC-14246","itel-a60-camera-glass","Itel A60 Camera Glass","Camera Glass","Itel",16,,50,1,2
14247,"AT-WC-14247","honor-10-lite-camera-glass","Honor 10 Lite Camera Glass","Camera Glass","Unbranded",9,,50,1,2
14248,"AT-WC-14248","oppo-reno-5-pro-camera-glass","Oppo Reno 5 Pro Camera Glass","Camera Glass","Oppo",12,,50,1,2
14250,"AT-WC-14250","moto-g71-camera-glass","Moto G71 Camera Glass","Camera Glass","Motorola",9,,50,1,2
14251,"AT-WC-14251","moto-g40-camera-glass","Moto G40 Camera Glass","Camera Glass","Motorola",14,,50,1,2
14253,"AT-WC-14253","vivo-t3x-y58-5g-camera-glass","Vivo T3X / Y58 5G Camera Glass","Camera Glass","Vivo",75,,50,1,0
14254,"AT-WC-14254","oneplus-nord-n100-camera-glass","Oneplus Nord N100 Camera Glass","Camera Glass","OnePlus",13,,50,1,2
14255,"AT-WC-14255","moto-g82-camera-glass","Moto G82 Camera Glass","Camera Glass","Motorola",13,,50,1,2
14256,"AT-WC-14256","samsung-a54-camera-glass","Samsung A54 Camera Glass","Camera Glass","Samsung",14,,50,1,2
14257,"AT-WC-14257","samsung-a21s-camera-glass","Samsung A21S Camera Glass","Camera Glass","Samsung",12,,50,1,2
14258,"AT-WC-14258","infinix-smart-8-camera-glass","Infinix Smart 8 Camera Glass","Camera Glass","Infinix",16,,50,1,2
14259,"AT-WC-14259","oneplus-nord-ce4-camera-glass","Oneplus Nord CE4 Camera Glass","Camera Glass","OnePlus",10,,50,1,2
14260,"AT-WC-14260","oneplus-nord-ce4-lite-camera-glass","Oneplus Nord CE4 Lite Camera Glass","Camera Glass","OnePlus",11,,50,1,2
14261,"AT-WC-14261","tecno-comon-i4-camera-glass","Tecno Comon I4 Camera Glass","Camera Glass","Tecno",11,,50,1,2
14262,"AT-WC-14262","realme-8-pro-camera-glass","Realme 8 Pro Camera Glass","Camera Glass","Realme",12,,50,1,2
14263,"AT-WC-14263","mi-12-5g-camera-glass","Mi 12 5G Camera Glass","Camera Glass","Xiaomi",11,,50,1,2
14264,"AT-WC-14264","samsung-m20-camera-glass-2","Samsung M20 Camera Glass","Camera Glass","Samsung",9,,50,1,2
14265,"AT-WC-14265","mi-13c-5g-camera-glass","Mi 13C 5G Camera Glass","Camera Glass","Xiaomi",12,,50,1,2
14266,"AT-WC-14266","realme-c31-camera-glass","Realme C31 Camera Glass","Camera Glass","Realme",14,,50,1,2
14267,"AT-WC-14267","moto-e40-camera-glass","Moto E40 Camera Glass","Camera Glass","Motorola",15,,50,1,2
14354,"AT-WC-14354","poco-c55-og-cc-flex","Poco C55 Og CC Flex","Charging Flex","Poco",90,,50,1,2
14356,"AT-WC-14356","oppo-a78-4g-on-off-flex","Oppo A78 4G On Off Flex","Other Products","Oppo",22,,50,1,2
14384,"AT-WC-14384","samsung-a02-a02-core-on-off-flex","Samsung A02 / A02 core On Off Flex","Other Products","Samsung",18,,50,1,2
14385,"AT-WC-14385","mi-9-power-outer-camera-glass","MI 9 Power Outer Camera Glass","Camera Glass","Xiaomi",12,,50,1,2
14386,"AT-WC-14386","oppo-a55-5g-main-flex","Oppo A55 5G Main Flex","Main Flex","Oppo",40,,50,1,2
14387,"AT-WC-14387","mi-11-lite-finger-sensor","Mi 11 Lite Finger Sensor","Fingerprint Sensor","Xiaomi",95,,50,1,2
14388,"AT-WC-14388","mi-11-lite-finger-sensor-100-working","Mi 11 Lite Finger Sensor 100% Working","Fingerprint Sensor","Xiaomi",220,,50,1,2
14389,"AT-WC-14389","oppo-a55-4g-a54-volume-flex","Oppo A55 4G / A54 Volume Flex","Volume Flex","Oppo",15,,50,1,2
14399,"AT-WC-14399","oppo-a55-5g-volume-flex","Oppo A55 5G Volume Flex","Volume Flex","Oppo",15,,50,1,2
14401,"AT-WC-14401","mi-11-lite-back-panel","For Mi 11 Lite Back Panel","Back Panel","Xiaomi",90,,50,1,2
14484,"AT-WC-14484","cellcor-16-pin-2-8-size-l-c-d","For Cellcor 16 pin 2.8 Size L.C.D.","Keypad LCD","Unbranded",135,,50,1,2
14485,"AT-WC-14485","nokia-130-16-pin-2-4-l-c-d","Nokia 130 16 Pin 2.4 L.C.D.","Keypad LCD","Nokia",105,,50,1,2
14526,"AT-WC-14526","sunshine-ss-304q-6-port-usb-smart-lightning-charger-with-qc-3-0-port","Sunshine SS-304Q 6 Port USB Smart Lightning Charger With QC 3.0 Port","Repair Tools","Unbranded",950,,50,1,0
14529,"AT-WC-14529","realme-7-pro-midil-panel-refresh","Realme 7 Pro  Middle Panel Refresh","Middle Panel","Realme",45,,50,1,2
14532,"AT-WC-14532","realme-x7-midil-panel-refresh","Realme X7 Middle Panel Refresh","Middle Panel","Realme",45,,50,1,2
14535,"AT-WC-14535","realme-9-midil-panel-refresh","Realme 9 Middle Panel Refresh","Middle Panel","Realme",45,,50,1,2
14547,"AT-WC-14547","realme-8-midil-panel-refresh","Realme 8 4g Middle Panel Refresh","Middle Panel","Realme",45,,50,1,2
14550,"AT-WC-14550","realme-9-pro-midil-panel-refresh","Realme 9 Pro + Middle Panel Refresh","Middle Panel","Realme",45,,50,1,2
14564,"AT-WC-14564","realme-narzo-30-pro-midil-panel-refresh","Realme Narzo 30 Pro Middle Panel Refresh","Middle Panel","Realme",45,,50,1,2
14567,"AT-WC-14567","realme-x7-maxx-midil-panel-refresh","Realme X7 Maxx Middle Panel Refresh","Middle Panel","Realme",45,,50,1,2
14679,"AT-WC-14679","infinix-smart-6-hd-back-panel","Infinix Smart 6 HD Back Panel","Back Panel","Infinix",90,,50,1,2
14680,"AT-WC-14680","itel-vision-1-pro-og-cc-flex","Itel Vision 1 Pro Og CC Flex","Charging Flex","Itel",85,,50,1,2
14681,"AT-WC-14681","infinix-smart-8-hd-og-cc-flex","Infinix Smart 8 HD Og CC Flex","Charging Flex","Infinix",90,,50,1,2
14682,"AT-WC-14682","tecno-spark-10-4g-sim-holder","Tecno Spark 10 4G Sim Holder","Sim Holder","Tecno",30,,50,1,2
14683,"AT-WC-14683","tecno-spark-10-5g-sim-holder","Tecno Spark 10 5G Sim Holder","Sim Holder","Tecno",30,,50,1,2
14841,"AT-WC-14841","oppo-f9-middil-panel","Oppo F9 Middle Panel","Middle Panel","Oppo",90,,50,1,2
14842,"AT-WC-14842","mi-10-prime-midil-panel-small-sim-tray","Mi 10 Prime Middle Panel Small Sim Tray","Middle Panel","Xiaomi",90,,50,1,2
14845,"AT-WC-14845","oppo-reno-2-charging-conector","Oppo Reno 2 Charging Conector","Charging Connectors","Oppo",15,,50,1,0
14846,"AT-WC-14846","mi-12-charging-conector","Mi 12 Charging Conector","Charging Connectors","Xiaomi",20,,50,1,0
14847,"AT-WC-14847","oppo-reno-1-charging-conector","Oppo Reno 1 Charging Conector","Charging Connectors","Oppo",16,,50,1,0
14848,"AT-WC-14848","vivo-y78-charging-conector","Vivo Y78 Charging Conector","Charging Connectors","Vivo",20,,50,1,0
14849,"AT-WC-14849","oppo-reno-12-charging-conector","Oppo Reno 12 Charging Conector","Charging Connectors","Oppo",35,,50,1,0
14850,"AT-WC-14850","samsung-x200-charging-conector","Samsung X200 Charging Conector","Charging Connectors","Samsung",32,,50,1,0
14851,"AT-WC-14851","oppo-reno-9-charging-conector","Oppo Reno 9 Charging Conector","Charging Connectors","Oppo",16,,50,1,0
14852,"AT-WC-14852","oppo-a52-charging-conector","Oppo A52 Charging Conector","Charging Connectors","Oppo",8,,50,1,2
14868,"AT-WC-14868","one-5t-main-flex","One + 5T Main Flex","Main Flex","Unbranded",75,,50,1,0
14872,"AT-WC-14872","one-5t-finger-sensor","One + 5T  Finger Sensor","Fingerprint Sensor","Unbranded",200,,50,1,0
14913,"AT-WC-14913","moto-g52-camera-glass","Moto G52 Camera glass","Camera Glass","Motorola",16,,50,1,2
14914,"AT-WC-14914","moto-g7-power-camera-glass","Moto G7 Power Camera glass","Camera Glass","Motorola",16,,50,1,2
14915,"AT-WC-14915","tecno-kg6-camera-glass","Tecno KG6 Camera glass","Camera Glass","Tecno",16,,50,1,2
14917,"AT-WC-14917","realme-13-pro-5g-og-cc-flex","Realme 13 Pro 5G OG CC Flex","Charging Flex","Realme",90,,50,1,2
14933,"AT-WC-14933","one-5-finger-sensor","One + 5 Finger Sensor","Fingerprint Sensor","Unbranded",220,,50,1,0
14967,"AT-WC-14967","oppo-a57-old-volume-flex","Oppo A57 Old Volume Flex","Volume Flex","Oppo",15,,50,1,2
14968,"AT-WC-14968","vivo-t3x-sim-holder","Vivo T3X Sim Holder","Sim Holder","Vivo",30,,50,1,2
14970,"AT-WC-14970","smart-7-sim-holder","Smart 7  Sim Holder","Sim Holder","Unbranded",30,,50,1,2
14983,"AT-WC-14983","one-5-l-c-d-flex","One + 5 L.C.D Flex","Main Flex","Unbranded",75,,50,1,0
14985,"AT-WC-14985","one-5t-l-c-d-flex","One + 5T L.C.D Flex","Main Flex","Unbranded",75,,50,1,0
14986,"AT-WC-14986","one-plus-5-main-flex","One Plus 5 Main Flex","Main Flex","Unbranded",75,,50,1,0
14988,"AT-WC-14988","samsung-a15-l-c-d-flex","Samsung A15 L.C.D Flex","Main Flex","Samsung",55,,50,1,2
14991,"AT-WC-14991","one-5-ringer-set","One +5  Ringer set","Speaker","Unbranded",120,,50,1,0
14993,"AT-WC-14993","mi-12-5g-ringer-set","Mi 12 5G Ringer set","Speaker","Xiaomi",100,,50,1,0
15006,"AT-WC-15006","lava-18-pin-2-8-size-l-c-d","Lava 18 pin 2.8 size L.C.D.","Keypad LCD","Lava",125,,50,1,2
15012,"AT-WC-15012","14-6-cm-network-wire","14.6 CM NETWORK WIRE","Other Products","Unbranded",20,,50,1,1
15013,"AT-WC-15013","12-5-cm-network-wire","12.5 CM NETWORK WIRE","Other Products","Unbranded",20,,50,1,1
15014,"AT-WC-15014","17-2-cm-network-wire","17.2 CM Network Wire","Other Products","Unbranded",20,,50,1,1
15015,"AT-WC-15015","25-cm-network-wire","25 CM NETWORK WIRE","Other Products","Unbranded",25,,50,1,1
15016,"AT-WC-15016","11-3-cm-network-wire","11.3 CM NETWORK WIRE","Other Products","OnePlus",20,,50,1,1
15017,"AT-WC-15017","10-2-cm-network-wire","10.2 CM NETWORK WIRE","Other Products","Unbranded",20,,50,1,1
15018,"AT-WC-15018","13-9-cm-network-wire","13.9 CM NETWORK WIRE","Other Products","Unbranded",20,,50,1,1
15019,"AT-WC-15019","12-6-cm-network-wire","12.6 CM NETWORK WIRE","Other Products","Unbranded",20,,50,1,1
15020,"AT-WC-15020","14-5-cm-network-wire","14.5 CM NETWORK WIRE","Other Products","Unbranded",20,,50,1,1
15039,"AT-WC-15039","15-cm-network-wire","15 CM NETWORK WIRE","Other Products","Unbranded",20,,50,1,1
15040,"AT-WC-15040","11-2-cm-network-wire","11.2 CM NETWORK WIRE","Other Products","OnePlus",20,,50,1,1
15041,"AT-WC-15041","9-7-cm-network-wire","9.7 CM NETWORK WIRE","Other Products","Unbranded",20,,50,1,1
15042,"AT-WC-15042","12-9-cm-network-wire","12.9 CM NETWORK WIRE","Other Products","Unbranded",20,,50,1,1
15043,"AT-WC-15043","17-cm-network-wire","17 CM NETWORK WIRE","Other Products","Unbranded",20,,50,1,1
15044,"AT-WC-15044","15-6-cm-network-wire","15.6 CM NETWORK WIRE","Other Products","Unbranded",20,,50,1,1
15045,"AT-WC-15045","16-6-cm-network-wire","16.6 CM NETWORK WIRE","Other Products","Unbranded",20,,50,1,1
15046,"AT-WC-15046","13-6-cm-network-wire","13.6 CM NETWORK WIRE","Other Products","Unbranded",20,,50,1,1
15063,"AT-WC-15063","iphone-12-og-cc-flex","Iphone 12 OG CC Flex","Charging Flex","Apple",360,,50,1,2
15064,"AT-WC-15064","iphone-xs-max-og-cc-flex","Iphone XS Max OG CC Flex","Charging Flex","Apple",230,,50,1,2
15065,"AT-WC-15065","iphone-12-pro-og-cc-flex","Iphone 12 Pro OG CC Flex","Charging Flex","Apple",550,,50,1,2
15066,"AT-WC-15066","iphone-xr-og-cc-flex","Iphone XR OG CC Flex","Charging Flex","Apple",145,,50,1,2
15067,"AT-WC-15067","iphone-6s-og-cc-flex","Iphone 6S OG CC Flex","Charging Flex","Apple",130,,50,1,2
15068,"AT-WC-15068","iphone-7-og-cc-flex","Iphone 7 OG CC Flex","Charging Flex","Apple",170,,50,1,2
15083,"AT-WC-15083","iphone-7-og-cc-flex-2","Iphone 7+ OG CC Flex","Charging Flex","Apple",170,,50,1,2
15084,"AT-WC-15084","iphone-11-og-cc-flex","Iphone 11 OG CC Flex","Charging Flex","Apple",280,,50,1,2
15085,"AT-WC-15085","iphone-xs-og-cc-flex","Iphone XS OG CC Flex","Charging Flex","Apple",220,,50,1,2
15086,"AT-WC-15086","iphone-8g-og-cc-flex","Iphone 8G OG CC Flex","Charging Flex","Apple",190,,50,1,2
15087,"AT-WC-15087","iphone-x-og-cc-flex","Iphone X OG CC Flex","Charging Flex","Apple",160,,50,1,2
15088,"AT-WC-15088","iphone-11-pro-og-cc-flex","Iphone 11 pro OG CC Flex","Charging Flex","Apple",420,,50,1,2
15089,"AT-WC-15089","iphone-6g-og-cc-flex","Iphone 6G OG CC Flex","Charging Flex","Apple",110,,50,1,2
15136,"AT-WC-15136","sim-ejector-pin","sim ejector pin","Other Products","Unbranded",1.5,,50,1,2
15245,"AT-WC-15245","mi-note-10-l-c-d-flex","Mi Note 10 L.C.D Flex","Main Flex","Xiaomi",75,,50,1,0
15246,"AT-WC-15246","oppo-reno-7-l-c-d-flex","Oppo Reno 7 L.C.D Flex","Main Flex","Oppo",75,,50,1,0
15252,"AT-WC-15252","moto-edge-40-neo","Moto Edge 40 Neo Side Rubber Key","Side Rubber Key","Motorola",15,,50,1,2
15253,"AT-WC-15253","one-5-mic","One + 5 Mic","Microphone","Unbranded",110,,50,1,0
15271,"AT-WC-15271","vivo-y20-display-conector","Vivo Y20  Display Conector","Display Conectors","Vivo",25,,50,1,2
15275,"AT-WC-15275","mi-a1-og-cc-flex","Mi A1+ OG CC Flex","Charging Flex","Xiaomi",100,,50,1,2
15276,"AT-WC-15276","realme-c51-og-cc-flex-2","Realme C51 OG CC Flex","Charging Flex","Realme",100,,50,1,2
15322,"AT-WC-15322","vivo-y16-side-rubber-key-2","Vivo Y18 Side Rubber Key","Side Rubber Key","Vivo",15,,50,1,2
15327,"AT-WC-15327","for-cellcor-14-pin-2-4-l-c-d","For Cellcor 14 Pin 2.4 L.C.D","Keypad LCD","Unbranded",105,,50,1,2
15328,"AT-WC-15328","for-lava-15-pin-2-8-l-c-d","For Itel 15 Pin 2.8 L.C.D","Keypad LCD","Itel",135,,50,1,2
15587,"AT-WC-15587","samsung-a20s-l-c-d-flex","Samsung A20s L.C.D Flex","Main Flex","Samsung",55,,50,1,2
15588,"AT-WC-15588","samsung-a50s-l-c-d-flex","Samsung A50s L.C.D Flex","Main Flex","Samsung",50,,50,1,2
15589,"AT-WC-15589","samsung-a30-l-c-d-flex","Samsung A30 L.C.D Flex","Main Flex","Samsung",60,,50,1,2
15590,"AT-WC-15590","vivo-v15-pro-l-c-d-flex","Vivo V15 Pro L.C.D Flex","Main Flex","Vivo",60,,50,1,2
15591,"AT-WC-15591","samsung-a50-l-c-d-flex","Samsung A50 L.C.D Flex","Main Flex","Samsung",55,,50,1,2
15620,"AT-WC-15620","infinix-note-12-5g-camera-glass","Infinix Note 12 5G Camera glass","Camera Glass","Infinix",13,,50,1,2
15621,"AT-WC-15621","infinix-note12-sim-holder","Infinix Note12 Sim Holder","Sim Holder","Infinix",30,,50,1,2
15622,"AT-WC-15622","benco-s1-og-cc-flex","Benco S1 OG CC Flex","Charging Flex","Unbranded",100,,50,1,2
15623,"AT-WC-15623","realme-11-pro-ringer-box","Realme 11 Pro Ringer Set","Speaker","Realme",80,,50,1,2
15624,"AT-WC-15624","nokia-8-1-back-panel","Nokia 8.1 Back Panel","Back Panel","Nokia",130,,50,1,2
15625,"AT-WC-15625","infinix-note-40-pro-5g-gold-middil-panel","Infinix Note 40 Pro 5G &#8211; Gold Middle Panel","Middle Panel","Infinix",260,,50,1,2
15797,"AT-WC-15797","samsung-a20-18-pin-charging-conector","Samsung A20 18 Pin Charging Conector","Charging Connectors","Samsung",8,,50,1,2
16255,"AT-WC-16255","benco-14-pin-l-c-d","Benco 14 Pin L.C.D.","Keypad LCD","Unbranded",105,,50,1,2
16256,"AT-WC-16256","micromaxx-16-pin-l-c-d","Micromaxx 16 Pin L.C.D.","Keypad LCD","Unbranded",105,,50,1,2
16259,"AT-WC-16259","nokia-16-pin-2-0-l-c-d","Nokia 16 Pin 2.0 L.C.D.","Keypad LCD","Nokia",85,,50,1,2
16558,"AT-WC-16558","vivo-v25-pro-on-off-flex","Vivo V25 Pro On Off Flex","Other Products","Vivo",20,,50,1,2
16559,"AT-WC-16559","vivo-v40-on-off-flex","Vivo V40 On Off Flex","Other Products","Vivo",18,,50,1,2
16560,"AT-WC-16560","vivo-v29e-on-off-flex","Vivo V29E On Off Flex","Other Products","Vivo",18,,50,1,2
16561,"AT-WC-16561","vivo-t1-pro-on-off-flex","Vivo T1 Pro On Off Flex","Other Products","Vivo",22,,50,1,2
16562,"AT-WC-16562","vivo-v30-5g-on-off-flex","Vivo V30 5G On Off Flex","Other Products","Vivo",20,,50,1,2
16563,"AT-WC-16563","vivo-v25-on-off-flex","Vivo V25 On Off Flex","Other Products","Vivo",22,,50,1,2
16564,"AT-WC-16564","vivo-v27-on-off-flex","Vivo V27 On Off Flex","Other Products","Vivo",18,,50,1,2
16599,"AT-WC-16599","narzo-50-4g-middil-panel","Realme Narzo 50 4G Middle Panel","Middle Panel","Realme",85,,50,1,2
16600,"AT-WC-16600","narzo-50-5g-middil-panel","Realme Narzo 50 5G Middle Panel","Middle Panel","Realme",80,,50,1,2
16601,"AT-WC-16601","iqoo-z6-pro-5g-middil-panel","Iqoo Z6 Pro 5G Middle Panel","Middle Panel","Unbranded",90,,50,1,2
16610,"AT-WC-16610","poco-c61-outer-camera-glass","Poco C61 Outer Camera glass","Camera Glass","Poco",15,,50,1,2
16611,"AT-WC-16611","mi-a3-new-outer-camera-glass","Mi A3 New Outer Camera glass","Camera Glass","Xiaomi",15,,50,1,2
16612,"AT-WC-16612","realme-13-5g-og-cc-flex","Realme 13 5G Og Cc Flex","Charging Flex","Realme",95,,50,1,2
16613,"AT-WC-16613","honor-9i-og-cc-flex","Honor 9i Og Cc Flex","Charging Flex","Unbranded",105,,50,1,2
16614,"AT-WC-16614","infinix-hot-11-sim-holder","Infinix Hot 11 Sim Holder","Sim Holder","Infinix",30,,50,1,2
16615,"AT-WC-16615","samsung-m52-ringer-set","Samsung M52 Ringer Set","Speaker","Samsung",80,,50,1,2
16616,"AT-WC-16616","oppo-a12-finger-sensor","Oppo A12 Finger Sensor","Fingerprint Sensor","Oppo",120,,50,1,2
16617,"AT-WC-16617","mi-a3-l-c-d-flex","Mi A3 L.C.D Flex","Main Flex","Xiaomi",50,,50,1,2
16621,"AT-WC-16621","realme-c35-ringback-panel","Realme C35 Ring+Back Panel","Back Panel","Realme",130,,50,1,2
16622,"AT-WC-16622","narzo-50-4g-ringback-panel","Narzo 50 4G Ring+Back Panel","Back Panel","Unbranded",0,,50,1,0
16623,"AT-WC-16623","mi-11-prime-5g-back-panel","Mi 11 Prime 5G Back Panel","Back Panel","Xiaomi",115,,50,1,2
16624,"AT-WC-16624","narzo-50-back-panel","Narzo 50 Back Panel","Back Panel","Unbranded",80,,50,1,2
16625,"AT-WC-16625","samsung-m40-ringback-panel","Samsung M40 Ring+Back Panel","Back Panel","Samsung",240,,50,1,2
16626,"AT-WC-16626","mi-11-prime-4g-back-panel","Mi 11 Prime 4G Back Panel","Back Panel","Xiaomi",100,,50,1,2
16630,"AT-WC-16630","nokia-37-pin-2-4-size-l-c-d","Nokia 37 Pin 2.4 Size L.C.D","Keypad LCD","Nokia",100,,50,1,2
16670,"AT-WC-16670","iqoo-neo-6-on-off-flex","IQOO Neo 6 On Off Flex","Other Products","Unbranded",20,,50,1,2
16671,"AT-WC-16671","vivo-nex-on-off-flex","Vivo Nex On Off Flex","Other Products","Vivo",22,,50,1,2
16685,"AT-WC-16685","mi-11i-finger-sensor","Mi 11i Finger Sensor","Fingerprint Sensor","Xiaomi",240,,50,1,2
16686,"AT-WC-16686","nokia-5-1-finger-sensor","Nokia 5.1+ Finger Sensor","Fingerprint Sensor","Nokia",190,,50,1,2
16689,"AT-WC-16689","mi-note-13-5g-og-cc-flex","Mi Note 13 5G Og Cc Flex","Charging Flex","Xiaomi",110,,50,1,2
16690,"AT-WC-16690","oppo-reno-7-5g-og-cc-flex","Oppo Reno 7 5G Og Cc Flex","Charging Flex","Oppo",130,,50,1,2
16691,"AT-WC-16691","samsung-m30-l-c-d-flex","Samsung M30 L.C.D Flex","Main Flex","Samsung",45,,50,1,2
16692,"AT-WC-16692","oppo-reno-3-pro-4g-l-c-d-flex","Oppo Reno 3 Pro 4G L.C.D Flex","Main Flex","Oppo",50,,50,1,2
16693,"AT-WC-16693","realme-7-main-flex","Realme 7 Main Flex","Main Flex","Realme",55,,50,1,2
16694,"AT-WC-16694","honor-8c-main-flex","Honor 8C Main Flex","Main Flex","Unbranded",55,,50,1,2
16696,"AT-WC-16696","oppo-reno-8-ringer-box","Oppo Reno 8 Ringer Box","Speaker","Oppo",80,,50,1,2
16697,"AT-WC-16697","mi-9-power-ear-spk","Mi 9 Power Ear Spk","Speaker","Xiaomi",25,,50,1,2
16698,"AT-WC-16698","samsung-a12-power-key-bracket","Samsung A12 Power Key Bracket","Other Products","Samsung",25,,50,1,2
16949,"AT-WC-16949","realme-narzo-n65-middil-panel","Realme Narzo N65 Middle Panel","Middle Panel","Realme",90,,50,1,2
16950,"AT-WC-16950","infinix-note-12-pro-middil-panel","Infinix Note 12 Pro Middle Panel","Middle Panel","Infinix",120,,50,1,2
16951,"AT-WC-16951","mi-11-lite-middil-panel","Mi 11 Lite Middle Panel","Middle Panel","Xiaomi",300,,50,1,2
16952,"AT-WC-16952","mi-a1-new-middil-panel","Mi A1 New Middle Panel","Middle Panel","Xiaomi",70,,50,1,2
16953,"AT-WC-16953","samsung-m40-middil-panel","Samsung M40 Middle Panel","Middle Panel","Samsung",75,,50,1,2
16954,"AT-WC-16954","realme-11-pro-middil-panel","Realme 11 pro Middle Panel","Middle Panel","Realme",300,,50,1,2
16955,"AT-WC-16955","vivo-y22-y35-middil-panel","Vivo Y22 / Y35 Middle Panel","Middle Panel","Vivo",75,,50,1,2
16956,"AT-WC-16956","vivo-t2-pro-middil-panel","Vivo T2 Pro Middle Panel","Middle Panel","Vivo",450,,50,1,2
16981,"AT-WC-16981","infinix-smart-8-x6525-back-panel","Infinix Smart 8 X6525 Back Panel","Back Panel","Infinix",100,,50,1,2
16982,"AT-WC-16982","infinix-smart-8-x6525-og-ringback-panel","Infinix Smart 8 X6525 OG Ring+Back Panel","Back Panel","Infinix",300,,50,1,2
16983,"AT-WC-16983","samsung-m52-ringback-panel","Samsung M52 Ring+Back Panel","Back Panel","Samsung",250,,50,1,2
16984,"AT-WC-16984","samsung-a21s-ringback-panel","Samsung A21s Ring+Back Panel","Back Panel","Samsung",170,,50,1,2
16992,"AT-WC-16992","infinix-note-12-5g-sim-holder","Infinix Note 12 5G Sim Holder","Sim Holder","Infinix",30,,50,1,2
16993,"AT-WC-16993","realme-13-pro-sim-holder","Realme 13 Pro + Sim Holder","Sim Holder","Realme",30,,50,1,2
16999,"AT-WC-16999","oppo-f27-pro-main-flex","Oppo F27 Pro Main Flex","Main Flex","Oppo",60,,50,1,2
17000,"AT-WC-17000","pcoco-x2-main-flex","Pcoco X2 Main Flex","Main Flex","Unbranded",50,,50,1,2
17001,"AT-WC-17001","infinix-hot-30-5g-main-flex","Infinix Hot 30 5G Main Flex","Main Flex","Infinix",55,,50,1,2
17002,"AT-WC-17002","samsung-m15-5g-main-flex","Samsung M15 5G Main Flex","Main Flex","Samsung",65,,50,1,2
17007,"AT-WC-17007","realme-c65-5g-ringer-box","Realme C65 5G Ringer Box","Speaker","Realme",95,,50,1,2
17009,"AT-WC-17009","realme-7-pro-og-cc-flex","Realme 7 Pro Og Cc Flex","Charging Flex","Realme",120,,50,1,2
17209,"AT-WC-17209","tecno-pop-5-pro-on-off-flex","Tecno Pop 5 Pro On Off Flex","Other Products","Tecno",18,,50,1,2
17212,"AT-WC-17212","infinix-hot-9-main-flex","Infinix Hot 9 Main Flex","Main Flex","Infinix",65,,50,1,2
17245,"AT-WC-17245","oppo-a3x-ringer-box","Oppo A3x Ringer Box","Speaker","Oppo",80,,50,1,2
17356,"AT-WC-17356","infinix-smart-8-x6525-middil-panel","Infinix Smart 8 X6525 Middle Panel","Middle Panel","Infinix",80,,50,1,2
17515,"AT-WC-17515","itel-vision-1-pro-back-panel","Itel Vision 1 Pro Back Panel","Back Panel","Itel",120,,50,1,2
17516,"AT-WC-17516","samsung-a22-4g-back-panel","Samsung A22 4G Back Panel","Back Panel","Samsung",75,,50,1,2
17517,"AT-WC-17517","vivo-y73-back-panel","Vivo Y73 Back Panel","Back Panel","Vivo",120,,50,1,2
17518,"AT-WC-17518","mi-note-13-pro-back-panel","Mi Note 13 Pro Back Panel","Back Panel","Xiaomi",85,,50,1,2
17520,"AT-WC-17520","one-plus-ce2-lite-ringback-panel","One Plus CE2 Lite Ring+Back Panel","Back Panel","Unbranded",240,,50,1,2
17522,"AT-WC-17522","samsung-m33-back-panel","Samsung M33 Back Panel","Back Panel","Samsung",100,,50,1,2
17537,"AT-WC-17537","vivo-t1-4g-ringback-panel","Vivo T1 4G Ring+Back Panel","Back Panel","Vivo",240,,50,1,2
17539,"AT-WC-17539","infinix-note-11-x663-back-panel","Infinix Note 11 X663 Back Panel","Back Panel","Infinix",110,,50,1,2
17540,"AT-WC-17540","vivo-y20-side-rubber-key","Vivo Y20 Side Rubber Key","Side Rubber Key","Vivo",15,,50,1,2
17541,"AT-WC-17541","for-iphone-6g-finger-sensor","For IPhone 6G Finger Sensor","Fingerprint Sensor","Apple",115,,50,1,1
17542,"AT-WC-17542","moto-g34-main-flex","Moto G34 Main Flex","Main Flex","Motorola",80,,50,1,2
17543,"AT-WC-17543","poco-c51-og-cc-flex","Poco C51 Og Cc Flex","Charging Flex","Poco",80,,50,1,2
17544,"AT-WC-17544","for-lava-yuwa-pro-og-cc-flex","For Lava Yuwa Pro Og Cc Flex","Charging Flex","Lava",95,,50,1,2
17546,"AT-WC-17546","oppo-a3x-on-off-flex","Oppo A3X On/Off Flex","Other Products","Oppo",18,,50,1,2
17704,"AT-WC-17704","lava-15-pin-2-0-size-l-c-d","Lava 15 Pin 2.0 size L.C.d.","Keypad LCD","Lava",95,,50,1,2
17707,"AT-WC-17707","oppo-reno-7-5g-sim-flex","Oppo Reno 7 5G Sim Flex","Main Flex","Oppo",140,,50,1,2
17838,"AT-WC-17838","itel-15-pin-2-4-size-l-c-d","Itel 15 Pin 2.4 Size L.C.D.","Keypad LCD","Itel",105,,50,1,2
17947,"AT-WC-17947","i-phone-8-back-panel-red","For I Phone 8 Back panel &#8211; RED","Back Panel","Unbranded",80,,50,1,2
17948,"AT-WC-17948","i-phone-8-back-panel-gold","For I Phone 8 Back panel &#8211; GOLD","Back Panel","Unbranded",80,,50,1,2
17949,"AT-WC-17949","i-phone-8-back-panel-white","For I Phone 8 Back panel &#8211; WHITE","Back Panel","Unbranded",80,,50,1,2
17950,"AT-WC-17950","i-phone-8-back-panel-black","For I Phone 8 Back panel &#8211; BLACK","Back Panel","Unbranded",80,,50,1,2
18046,"AT-WC-18046","i-phone-8-back-panel-black-2","For I Phone 8+ Back panel &#8211; BLACK","Back Panel","Unbranded",110,,50,1,2
18047,"AT-WC-18047","i-phone-8-back-panel-red-2","For I Phone 8+ Back panel &#8211; RED","Back Panel","Unbranded",110,,50,1,2
18048,"AT-WC-18048","i-phone-8-back-panel-white-2","For I Phone 8+ Back panel &#8211; WHITE","Back Panel","Unbranded",110,,50,1,2
18051,"AT-WC-18051","i-phone-11-back-panel-white","For I Phone 11 Back panel &#8211; WHITE","Back Panel","OnePlus",80,,50,1,2
18052,"AT-WC-18052","i-phone-11-back-panel-red","For I Phone 11 Back panel &#8211; RED","Back Panel","OnePlus",80,,50,1,2
18053,"AT-WC-18053","i-phone-11-back-panel-purpal","For I Phone 11 Back panel &#8211; PURPAL","Back Panel","OnePlus",80,,50,1,2
18054,"AT-WC-18054","i-phone-11-back-panel-yellow","For I Phone 11 Back panel &#8211; YELLOW","Back Panel","OnePlus",80,,50,1,2
18056,"AT-WC-18056","i-phone-11-pro-back-panel-gold","For I Phone 11 Pro Back panel &#8211; GOLD","Back Panel","OnePlus",150,,50,1,2
18057,"AT-WC-18057","i-phone-11-pro-back-panel-black","For I Phone 11 Pro Back panel &#8211; BLACK","Back Panel","OnePlus",150,,50,1,2
18058,"AT-WC-18058","i-phone-11-pro-back-panel-white","For I Phone 11 Pro Back panel &#8211; WHITE","Back Panel","OnePlus",150,,50,1,2
18059,"AT-WC-18059","i-phone-11-pro-max-back-panel-white","For I Phone 11 Pro Max Back panel &#8211; WHITE","Back Panel","OnePlus",145,,50,1,2
18060,"AT-WC-18060","i-phone-11-pro-max-back-panel-green","For I Phone 11 Pro Max Back panel &#8211; GREEN","Back Panel","OnePlus",145,,50,1,2
18061,"AT-WC-18061","i-phone-11-pro-max-back-panel-gold","For I Phone 11 Pro Max Back panel &#8211; GOLD","Back Panel","OnePlus",145,,50,1,2
18062,"AT-WC-18062","i-phone-11-pro-max-back-panel-black","For I Phone 11 Pro Max Back panel &#8211; BLACK","Back Panel","OnePlus",145,,50,1,2
18063,"AT-WC-18063","i-phone-12-mini-back-panel-red","For I Phone 12 Mini Back panel &#8211; RED","Back Panel","Unbranded",110,,50,1,2
18064,"AT-WC-18064","i-phone-12-mini-back-panel-green","For I Phone 12 Mini Back panel &#8211; GREEN","Back Panel","Unbranded",110,,50,1,2
18066,"AT-WC-18066","i-phone-12-pro-back-panel-white","For I Phone 12 Pro Back panel &#8211; WHITE","Back Panel","Unbranded",140,,50,1,2
18067,"AT-WC-18067","i-phone-12-pro-back-panel-black","For I Phone 12 Pro Back panel &#8211; BLACK","Back Panel","Unbranded",140,,50,1,2
18069,"AT-WC-18069","i-phone-12-back-panel-black","For I Phone 12 Back panel &#8211; BLACK","Back Panel","Unbranded",100,,50,1,2
18070,"AT-WC-18070","i-phone-12-back-panel-purpal","For I Phone 12 Back panel &#8211; PURPAL","Back Panel","Unbranded",100,,50,1,2
18071,"AT-WC-18071","i-phone-12-back-panel-red","For I Phone 12 Back panel &#8211; RED","Back Panel","Unbranded",100,,50,1,2
18072,"AT-WC-18072","i-phone-12-back-panel-green","For I Phone 12 Back panel &#8211; GREEN","Back Panel","Unbranded",100,,50,1,2
18073,"AT-WC-18073","i-phone-12-back-panel-blue","For I Phone 12 Back panel &#8211; BLUE","Back Panel","Unbranded",100,,50,1,2
18080,"AT-WC-18080","for-i-phone-12-pro-max-back-panel-black","For I Phone 12 Pro Max Back panel &#8211; Black","Back Panel","Unbranded",150,,50,1,2
18081,"AT-WC-18081","for-i-phone-12-pro-max-back-panel-blue","For I Phone 12 Pro Max Back panel &#8211; Blue","Back Panel","Unbranded",150,,50,1,2
18082,"AT-WC-18082","for-i-phone-12-pro-max-back-panel-gold","For I Phone 12 Pro Max Back panel &#8211; Gold","Back Panel","Unbranded",150,,50,1,2
18083,"AT-WC-18083","for-i-phone-12-pro-max-back-panel-white","For I Phone 12 Pro Max Back panel &#8211; White","Back Panel","Unbranded",150,,50,1,2
18084,"AT-WC-18084","for-i-phone-13-back-panel-white","For I Phone 13 Back panel -White","Back Panel","Unbranded",150,,50,1,2
18085,"AT-WC-18085","for-i-phone-13-back-panel-red","For I Phone 13 Back panel &#8211; Red","Back Panel","Unbranded",150,,50,1,2
18086,"AT-WC-18086","for-i-phone-13-mini-back-panel-red","For I Phone 13 Mini Back panel &#8211; Red","Back Panel","Unbranded",110,,50,1,2
18087,"AT-WC-18087","for-i-phone-13-mini-back-panel-green","For I Phone 13 Mini Back panel &#8211; Green","Back Panel","Unbranded",110,,50,1,2
18088,"AT-WC-18088","for-i-phone-13-mini-back-panel-black","For I Phone 13 Mini Back panel &#8211; Black","Back Panel","Unbranded",110,,50,1,2
18089,"AT-WC-18089","for-i-phone-13-mini-back-panel-blue","For I Phone 13 Mini Back panel &#8211; Blue","Back Panel","Unbranded",110,,50,1,2
18090,"AT-WC-18090","for-i-phone-13-mini-back-panel-white","For I Phone 13 Mini Back panel &#8211; White","Back Panel","Unbranded",110,,50,1,2
18091,"AT-WC-18091","for-i-phone-13-mini-back-panel-pink","For I Phone 13 Mini Back panel &#8211; Pink","Back Panel","Unbranded",110,,50,1,2
18092,"AT-WC-18092","for-i-phone-13-pro-back-panel-white","For I Phone 13 Pro Back panel &#8211; White","Back Panel","Unbranded",95,,50,1,1
18093,"AT-WC-18093","for-i-phone-13-pro-back-panel-gold","For I Phone 13 Pro Back panel &#8211; Gold","Back Panel","Unbranded",95,,50,1,2
18094,"AT-WC-18094","for-i-phone-13-pro-back-panel-black","For I Phone 13 Pro Back panel &#8211; Black","Back Panel","Unbranded",95,,50,1,2
18095,"AT-WC-18095","for-i-phone-13-pro-max-back-panel-gold","For I Phone 13 Pro Max Back panel &#8211; Gold","Back Panel","Unbranded",150,,50,1,2
18096,"AT-WC-18096","for-i-phone-13-pro-max-back-panel-blue","For I Phone 13 Pro Max Back panel &#8211; Blue","Back Panel","Unbranded",150,,50,1,2
18097,"AT-WC-18097","for-i-phone-13-pro-max-back-panel-white","For I Phone 13 Pro Max Back panel &#8211; White","Back Panel","Unbranded",150,,50,1,2
18098,"AT-WC-18098","for-i-phone-13-pro-max-back-panel-black","For I Phone 13 Pro Max Back panel &#8211; Black","Back Panel","Unbranded",150,,50,1,2
18099,"AT-WC-18099","for-i-phone-14-back-panel-red","For I Phone 14 Back panel &#8211; Red","Back Panel","Unbranded",100,,50,1,2
18101,"AT-WC-18101","for-i-phone-14-back-panel-purple","For I Phone 14 Back panel &#8211; Purple","Back Panel","Unbranded",100,,50,0,2
18102,"AT-WC-18102","for-i-phone-14-back-panel-black","For I Phone 14 Back panel &#8211; Black","Back Panel","Unbranded",100,,50,1,2
18103,"AT-WC-18103","for-i-phone-14-back-panel-white","For I Phone 14 Back panel &#8211; White","Back Panel","Unbranded",100,,50,1,2
18104,"AT-WC-18104","for-i-phone-14-back-panel-blue","For I Phone 14 Back panel &#8211; Blue","Back Panel","Unbranded",100,,50,1,2
18105,"AT-WC-18105","for-i-phone-14-pro-back-panel-gold","For I Phone 14 Pro Back panel &#8211; Gold","Back Panel","Unbranded",150,,50,1,2
18106,"AT-WC-18106","for-i-phone-14-pro-back-panel-purple","For I Phone 14 Pro Back panel &#8211; Purple","Back Panel","Unbranded",150,,50,1,2
18107,"AT-WC-18107","for-i-phone-14-pro-back-panel-white","For I Phone 14 Pro Back panel &#8211; White","Back Panel","Unbranded",150,,50,1,2
18108,"AT-WC-18108","for-i-phone-14-pro-back-panel-black","For I Phone 14 Pro Back panel &#8211; Black","Back Panel","Unbranded",150,,50,1,2
18109,"AT-WC-18109","for-i-phone-14-plus-back-panel-purple","For I Phone 14 Plus Back panel &#8211; Purple","Back Panel","Unbranded",100,,50,1,2
18111,"AT-WC-18111","for-i-phone-14-plus-back-panel-yellow","For I Phone 14 Plus Back panel &#8211; Yellow","Back Panel","Unbranded",100,,50,1,2
18113,"AT-WC-18113","for-i-phone-14-plus-back-panel-red","For I Phone 14 Plus Back panel &#8211; Red","Back Panel","Unbranded",100,,50,1,2
18114,"AT-WC-18114","for-i-phone-14-plus-back-panel-white","For I Phone 14 Plus Back panel &#8211; White","Back Panel","Unbranded",100,,50,1,2
18115,"AT-WC-18115","for-i-phone-14-plus-back-panel-blue","For I Phone 14 Plus Back panel &#8211; Blue","Back Panel","Unbranded",100,,50,1,2
18137,"AT-WC-18137","for-i-phone-14-pro-max-back-panel-gold","For I Phone 14 Pro Max Back panel &#8211; Gold","Back Panel","Unbranded",170,,50,1,2
18138,"AT-WC-18138","for-i-phone-14-pro-max-back-panel-purple","For I Phone 14 Pro Max Back panel &#8211; Purple","Back Panel","Unbranded",170,,50,1,2
18139,"AT-WC-18139","for-i-phone-14-pro-max-back-panel-black","For I Phone 14 Pro Max Back panel &#8211; Black","Back Panel","Unbranded",170,,50,1,2
18140,"AT-WC-18140","for-i-phone-14-pro-max-back-panel-white","For I Phone 14 Pro Max Back panel &#8211; White","Back Panel","Unbranded",170,,50,1,2
18141,"AT-WC-18141","for-i-phone-15-back-panel-yellow","For I Phone 15 Back panel &#8211; Yellow","Back Panel","Unbranded",150,,50,1,2
18142,"AT-WC-18142","for-i-phone-15-back-panel-black","For I Phone 15 Back panel &#8211; Black","Back Panel","Unbranded",150,,50,1,2
18143,"AT-WC-18143","for-i-phone-15-back-panel-green","For I Phone 15 Back panel &#8211; Green","Back Panel","Unbranded",150,,50,1,2
18144,"AT-WC-18144","for-i-phone-15-plus-back-panel-blue","For I Phone 15 Plus Back panel &#8211; Blue","Back Panel","Unbranded",150,,50,1,2
18145,"AT-WC-18145","for-i-phone-15-plus-back-panel-pink","For I Phone 15 Plus Back panel &#8211; Pink","Back Panel","Unbranded",150,,50,1,2
18146,"AT-WC-18146","for-i-phone-15-plus-back-panel-green","For I Phone 15 Plus Back panel &#8211; Green","Back Panel","Unbranded",150,,50,1,2
18147,"AT-WC-18147","for-i-phone-15-plus-back-panel-black","For I Phone 15 Plus Back panel &#8211; Black","Back Panel","Unbranded",150,,50,1,2
18149,"AT-WC-18149","for-i-phone-15-plus-back-panel-yellow","For I Phone 15 Plus Back panel &#8211; YELLOW","Back Panel","Unbranded",150,,50,1,2
18150,"AT-WC-18150","for-i-phone-15-pro-back-panel-black","For I Phone 15 Pro Back panel &#8211; Black","Back Panel","Unbranded",170,,50,1,2
18151,"AT-WC-18151","for-i-phone-15-pro-back-panel-white","For I Phone 15 Pro Back panel &#8211; WHITE","Back Panel","Unbranded",170,,50,1,2
18152,"AT-WC-18152","for-i-phone-15-pro-back-panel-blue","For I Phone 15 Pro Back panel &#8211; BLUE","Back Panel","Unbranded",170,,50,1,2
18153,"AT-WC-18153","for-i-phone-15-pro-back-panel-titanium","For I Phone 15 Pro Back panel &#8211; TITANIUM","Back Panel","Unbranded",170,,50,1,2
18178,"AT-WC-18178","for-i-phone-15-pro-max-back-panel-titanium","For I Phone 15 Pro Max Back panel &#8211; TITANIUM","Back Panel","Unbranded",175,,50,1,2
18179,"AT-WC-18179","for-i-phone-15-pro-max-back-panel-black","For I Phone 15 Pro Max Back panel &#8211; BLACK","Back Panel","Unbranded",175,,50,1,2
18180,"AT-WC-18180","for-i-phone-15-pro-max-back-panel-blue","For I Phone 15 Pro Max Back panel &#8211; BLUE","Back Panel","Unbranded",175,,50,1,2
18181,"AT-WC-18181","for-i-phone-15-pro-max-back-panel-white","For I Phone 15 Pro Max Back panel &#8211; WHITE","Back Panel","Unbranded",175,,50,1,2
18182,"AT-WC-18182","for-i-phone-xs-back-panel-white","For I Phone XS Back panel &#8211; WHITE","Back Panel","Unbranded",80,,50,1,2
18183,"AT-WC-18183","for-i-phone-xs-back-panel-gold","For I Phone XS Back panel &#8211; GOLD","Back Panel","Unbranded",110,,50,1,2
18184,"AT-WC-18184","for-i-phone-xs-back-panel-black","For I Phone XS Back panel &#8211; BLACK","Back Panel","Unbranded",110,,50,1,2
18186,"AT-WC-18186","for-i-phone-xs-max-back-panel-black","For I Phone XS Max Back panel &#8211; BLACK","Back Panel","Unbranded",100,,50,1,2
18187,"AT-WC-18187","for-i-phone-xs-max-back-panel-gold","For I Phone XS Max Back panel &#8211; GOLD","Back Panel","Unbranded",100,,50,1,2
18188,"AT-WC-18188","for-i-phone-xs-max-back-panel-white","For I Phone XS Max Back panel &#8211; WHITE","Back Panel","Unbranded",100,,50,1,2
18189,"AT-WC-18189","for-i-phone-x-back-panel-white","For I Phone X Back panel &#8211; WHITE","Back Panel","Unbranded",80,,50,1,2
18190,"AT-WC-18190","for-i-phone-x-back-panel-black","For I Phone X Back panel &#8211; BLACK","Back Panel","Unbranded",80,,50,1,2
18191,"AT-WC-18191","for-i-phone-xr-back-panel-orenge","For I Phone XR Back panel &#8211; ORENGE","Back Panel","Unbranded",100,,50,1,2
18192,"AT-WC-18192","for-i-phone-xr-back-panel-blue","For I Phone XR Back panel &#8211; BLUE","Back Panel","Unbranded",100,,50,1,2
18193,"AT-WC-18193","for-i-phone-xr-back-panel-red","For I Phone XR Back panel &#8211; RED","Back Panel","Unbranded",100,,50,1,2
18194,"AT-WC-18194","for-i-phone-xr-back-panel-yellow","For I Phone XR Back panel &#8211; YELLOW","Back Panel","Unbranded",100,,50,1,2
18195,"AT-WC-18195","for-i-phone-se-2020-back-panel-white","For I Phone SE (2020) Back panel &#8211; WHITE","Back Panel","Unbranded",115,,50,1,2
18196,"AT-WC-18196","for-i-phone-se-2020-back-panel-black","For I Phone SE (2020) Back panel &#8211; BLACK","Back Panel","Unbranded",115,,50,1,2
18197,"AT-WC-18197","for-i-phone-se-2020-back-panel-red","For I Phone SE (2020) Back panel &#8211; RED","Back Panel","Unbranded",115,,50,1,2
18203,"AT-WC-18203","mi-13c-5g-og-cc-flex","Mi 13C 5G Og Cc Flex","Charging Flex","Xiaomi",85,,50,1,2
18204,"AT-WC-18204","tecno-spark-go-2022-og-cc-flex","Tecno Spark Go 2022 Og Cc Flex","Charging Flex","Tecno",90,,50,1,2
18215,"AT-WC-18215","realme-narzo-60x-og-cc-flex","Realme Narzo 60x Og Cc Flex","Charging Flex","Realme",95,,50,1,2
18216,"AT-WC-18216","oppo-a11x-on-off-flex","Oppo A11X On/Off Flex","Other Products","Oppo",15,,50,1,2
18217,"AT-WC-18217","vivo-t2x-finger-sensor","Vivo T2X Finger Sensor","Fingerprint Sensor","Vivo",150,,50,1,1
18218,"AT-WC-18218","vivo-y28-new-y17s-finger-sensor","Vivo Y28 New &#8211; Y17S Finger Sensor","Fingerprint Sensor","Vivo",180,,50,1,2
18219,"AT-WC-18219","realme-7-pro-main-flex-2","Realme 7 Pro L.C.D. Flex","Main Flex","Realme",80,,50,1,2
18220,"AT-WC-18220","one-10r-main-flex","One +10R Main Flex","Main Flex","Unbranded",90,,50,1,2
18222,"AT-WC-18222","oppo-reno-8-5g-sim-holder","Oppo Reno 8 (5G) Sim Holder","Sim Holder","Oppo",30,,50,1,2
18485,"AT-WC-18485","infinix-smart-8-hd-finger-sensor","Infinix Smart 8 HD Finger Sensor","Fingerprint Sensor","Infinix",180,,50,1,2
18487,"AT-WC-18487","for-vivo-z1x-ring-back-panel","For Vivo Z1x Ring+ Back Panel","Back Panel","Vivo",350,,50,1,1
18526,"AT-WC-18526","2-pin-switch-small","2 Pin Switch Small","Other Products","Unbranded",4,,50,1,2
18527,"AT-WC-18527","4-pin-switch-small","4 Pin Switch Small","Other Products","Unbranded",4,,50,1,2
18528,"AT-WC-18528","samsung-j2-power-switch","Samsung J2 Power Switch","Other Products","Samsung",5,,50,1,2
18529,"AT-WC-18529","samsung-7262-power-switch","Samsung 7262 Power Switch","Other Products","Samsung",5,,50,1,2
18535,"AT-WC-18535","cellcor-11-pin-1-8-size-l-c-d","Cellcor 11 Pin 1.8 Size L.C.D.","Keypad LCD","OnePlus",65,,50,1,2
18536,"AT-WC-18536","jio-bharat-24-pin-2-4-size-l-c-d","Jio Bharat 24 Pin 2.4 Size L.C.D.","Keypad LCD","Unbranded",100,,50,1,2
18537,"AT-WC-18537","jio-bharat-15-pin-1-8-size-l-c-d","Jio Bharat 15 Pin 1.8 Size L.C.D.","Keypad LCD","OnePlus",65,,50,1,2
18565,"AT-WC-18565","moto-g72-middil-panel","Moto G72 Middle Panel","Middle Panel","Motorola",110,,50,1,2
18566,"AT-WC-18566","benco-s1-pro-middil-panel","Benco S1 Pro Middle Panel","Middle Panel","Unbranded",190,,50,1,2
18568,"AT-WC-18568","benco-v82-middil-panel","Benco V82 Middle Panel","Middle Panel","Unbranded",130,,50,1,2
18569,"AT-WC-18569","18569","Benco Y40 Middle Panel","Middle Panel","Unbranded",140,,50,1,2
18570,"AT-WC-18570","benco-y50-pro-middil-panel","Benco Y50 Pro Middle Panel","Middle Panel","Unbranded",130,,50,1,2
18571,"AT-WC-18571","vivo-t3-lite-y18-y03-y28s-middil-panel","Vivo T3 Lite / Y18 / Y03 / Y28s Middle Panel","Middle Panel","Vivo",70,,50,1,2
18574,"AT-WC-18574","benco-s1-middil-panel","Benco S1 Middle Panel","Middle Panel","Unbranded",190,,50,1,2
18610,"AT-WC-18610","lava-yuwa-pro-main-flex","Lava Yuwa Pro Main Flex","Main Flex","Lava",65,,50,1,2
18611,"AT-WC-18611","lava-z3-main-flex","Lava Z3 Main Flex","Main Flex","Lava",65,,50,1,2
18618,"AT-WC-18618","oppo-k1-volume-flex","Oppo K1 Volume Flex","Volume Flex","Oppo",16,,50,1,2
18619,"AT-WC-18619","infinix-pop-5-pro-og-cc-flex","Infinix Pop 5 Pro Og Cc Flex","Charging Flex","Infinix",85,,50,1,2
18620,"AT-WC-18620","vivo-v29e-ringer-box","Vivo V29E Ringer Box","Speaker","Vivo",90,,50,1,2
18622,"AT-WC-18622","t12-skussoldring-iron-bit","T12 &#8211; SKUSSoldring Iron bit","Repair Tools","Unbranded",180,,50,1,0
18623,"AT-WC-18623","front-camera-dust-proof-sponge","Front Camera Dust Proof Sponge","Other Products","Unbranded",10,,50,2,2
18632,"AT-WC-18632","for-benco-v82-back-panel","For Benco V82 Back Panel","Back Panel","Unbranded",130,,50,1,2
18633,"AT-WC-18633","for-benco-y50-pro-back-panel","For Benco Y50 Pro Back Panel","Back Panel","Unbranded",130,,50,1,2
18634,"AT-WC-18634","for-samsung-m13-5g-back-panel","For Samsung M13 5G Back Panel","Back Panel","Samsung",110,,50,1,2
18635,"AT-WC-18635","for-benco-y40-back-panel","For Benco Y40 Back Panel","Back Panel","Unbranded",130,,50,1,2
18636,"AT-WC-18636","realme-c21-2020-back-panel","Realme C21 2020 Back Panel","Back Panel","Realme",110,,50,1,2
18637,"AT-WC-18637","lava-yuwa-pro-back-panel","Lava Yuwa Pro Back Panel","Back Panel","Lava",90,,50,1,2
18638,"AT-WC-18638","benco-v70-back-panel","Benco V70 Back Panel","Back Panel","Unbranded",130,,50,1,2
18639,"AT-WC-18639","for-benco-v91-back-panel","For Benco V91 Back Panel","Back Panel","Unbranded",130,,50,1,2
18640,"AT-WC-18640","for-vivo-v20-5g-back-panel-white","For Vivo V20 5G Back Panel &#8211; White","Back Panel","Vivo",110,,50,1,2
18641,"AT-WC-18641","for-vivo-v20-5g-back-panel-blue","For Vivo V20 5G Back Panel &#8211; Blue","Back Panel","Vivo",110,,50,1,2
18689,"AT-WC-18689","oppo-a31-2020-middil-panel","Oppo A31 2020 Middle Panel","Middle Panel","Oppo",70,,50,1,2
19009,"AT-WC-19009","vivo-v23-back-panel-blue","Vivo V23 Back Panel &#8211; Blue","Back Panel","Vivo",170,,50,1,2
19010,"AT-WC-19010","vivo-v23-back-panel-black","Vivo V23 Back Panel &#8211; Black","Back Panel","Vivo",170,,50,1,2
19011,"AT-WC-19011","vivo-v23-back-panel-yellow","Vivo V23 Back Panel &#8211; Yellow","Back Panel","Vivo",170,,50,1,2
19012,"AT-WC-19012","vivo-v30e-back-panel-brown","Vivo V30E Back Panel &#8211; Brown","Back Panel","Vivo",270,,50,1,2
19013,"AT-WC-19013","vivo-v30e-back-panel-white","Vivo V30E Back Panel &#8211; White","Back Panel","Vivo",270,,50,1,2
19014,"AT-WC-19014","vivo-v40e-back-panel-green","Vivo V40E Back Panel &#8211; Green","Back Panel","Vivo",200,,50,1,2
19015,"AT-WC-19015","vivo-v40e-back-panel-gold","Vivo V40E Back Panel &#8211; Gold","Back Panel","Vivo",200,,50,1,2
19016,"AT-WC-19016","vivo-v30-back-panel-blue","Vivo V30 Back Panel &#8211; Blue","Back Panel","Vivo",210,,50,1,2
19017,"AT-WC-19017","vivo-v30-back-panel-white","Vivo V30 Back Panel &#8211; White","Back Panel","Vivo",210,,50,1,2
19018,"AT-WC-19018","vivo-v30-back-panel-green","Vivo V30 Back Panel &#8211; Green","Back Panel","Vivo",210,,50,1,2
19035,"AT-WC-19035","vivo-v23e-back-panel-green","Vivo V23E Back Panel &#8211; Green","Back Panel","Vivo",160,,50,1,2
19036,"AT-WC-19036","vivo-v23e-back-panel-blue","Vivo V23E Back Panel &#8211; Blue","Back Panel","Vivo",160,,50,1,2
19037,"AT-WC-19037","vivo-v23e-back-panel-yellow","Vivo V23E Back Panel &#8211; Yellow","Back Panel","Vivo",160,,50,1,2
19038,"AT-WC-19038","vivo-v23e-back-panel-black","Vivo V23E Back Panel &#8211; Black","Back Panel","Vivo",160,,50,1,2
19039,"AT-WC-19039","vivo-v23-pro-back-panel-black","Vivo V23 Pro Back Panel &#8211; Black","Back Panel","Vivo",180,,50,1,2
19040,"AT-WC-19040","vivo-v23-pro-back-panel-yellow","Vivo V23 Pro Back Panel &#8211; Yellow","Back Panel","Vivo",180,,50,1,2
19041,"AT-WC-19041","vivo-v23-pro-back-panel-blue","Vivo V23 Pro Back Panel &#8211; Blue","Back Panel","Vivo",180,,50,1,2
19042,"AT-WC-19042","vivo-v27-pro-back-panel-black","Vivo V27 Pro Back Panel &#8211; Black","Back Panel","Vivo",180,,50,1,2
19044,"AT-WC-19044","vivo-v27-pro-back-panel-green","Vivo V27 Pro Back Panel &#8211; Green","Back Panel","Vivo",180,,50,1,2
19045,"AT-WC-19045","vivo-v27-pro-back-panel-yellow","Vivo V27 Pro Back Panel &#8211; Yellow","Back Panel","Vivo",180,,50,1,2
19046,"AT-WC-19046","vivo-v27-pro-back-panel-blue","Vivo V27 Pro Back Panel &#8211; Blue","Back Panel","Vivo",180,,50,1,2
19047,"AT-WC-19047","vivo-v21-5g-back-panel-blue","Vivo V21 5g Back Panel &#8211; Blue","Back Panel","Vivo",160,,50,1,2
19048,"AT-WC-19048","vivo-v21-5g-back-panel-white","Vivo V21 5g Back Panel &#8211; White","Back Panel","Vivo",160,,50,1,2
19049,"AT-WC-19049","vivo-v21-5g-back-panel-black","Vivo V21 5g Back Panel &#8211; Black","Back Panel","Vivo",160,,50,1,2
19050,"AT-WC-19050","vivo-v27-back-panel-yellow","Vivo V27 Back Panel &#8211; Yellow","Back Panel","Vivo",180,,50,1,2
19051,"AT-WC-19051","vivo-v27-back-panel-green","Vivo V27 Back Panel &#8211; Green","Back Panel","Vivo",180,,50,1,2
19052,"AT-WC-19052","vivo-v27-back-panel-blue","Vivo V27 Back Panel &#8211; Blue","Back Panel","Vivo",180,,50,1,2
19053,"AT-WC-19053","vivo-v27-back-panel-black","Vivo V27 Back Panel &#8211; Black","Back Panel","Vivo",180,,50,1,2
19054,"AT-WC-19054","vivo-v30-pro-back-panel-black","Vivo V30 Pro Back Panel &#8211; Black","Back Panel","Vivo",220,,50,1,2
19055,"AT-WC-19055","vivo-v30-pro-back-panel-white","Vivo V30 Pro Back Panel &#8211; White","Back Panel","Vivo",220,,50,1,2
19056,"AT-WC-19056","vivo-v30-pro-back-panel-blue","Vivo V30 Pro Back Panel &#8211; Blue","Back Panel","Vivo",220,,50,1,2
19057,"AT-WC-19057","vivo-v30-pro-back-panel-green","Vivo V30 Pro Back Panel &#8211; Green","Back Panel","Vivo",220,,50,1,2
19058,"AT-WC-19058","vivo-v40-back-panel-black","Vivo V40 Back Panel &#8211; Black","Back Panel","Vivo",260,,50,1,2
19059,"AT-WC-19059","vivo-v40-back-panel-white","Vivo V40 Back Panel &#8211; White","Back Panel","Vivo",260,,50,1,2
19060,"AT-WC-19060","vivo-v40-back-panel-purple","Vivo V40 Back Panel &#8211; Purple","Back Panel","Vivo",260,,50,1,2
19061,"AT-WC-19061","vivo-v29e-back-panel-blue","Vivo V29E Back Panel &#8211; Blue","Back Panel","Vivo",180,,50,1,2
19062,"AT-WC-19062","vivo-v29e-back-panel-black","Vivo V29E Back Panel &#8211; Black","Back Panel","Vivo",180,,50,1,2
19063,"AT-WC-19063","vivo-v29e-back-panel-brown","Vivo V29E Back Panel &#8211; Brown","Back Panel","Vivo",180,,50,1,2
19069,"AT-WC-19069","vivo-v40-pro-back-panel-green","Vivo V40 Pro Back Panel &#8211; Green","Back Panel","Vivo",250,,50,1,2
19071,"AT-WC-19071","vivo-v40-pro-back-panel-white","Vivo V40 Pro Back Panel &#8211; White","Back Panel","Vivo",250,,50,1,2
19072,"AT-WC-19072","vivo-v40-pro-back-panel-purple","Vivo V40 Pro Back Panel &#8211; Purple","Back Panel","Vivo",250,,50,1,2
19073,"AT-WC-19073","vivo-v40-pro-back-panel-black","Vivo V40 Pro Back Panel &#8211; Black","Back Panel","Vivo",250,,50,1,2
19074,"AT-WC-19074","vivo-v29-pro-back-panel-pink","Vivo V29 Pro Back Panel &#8211; Pink","Back Panel","Vivo",200,,50,1,2
19075,"AT-WC-19075","vivo-v29-pro-back-panel-white","Vivo V29 Pro Back Panel &#8211; White","Back Panel","Vivo",200,,50,1,2
19076,"AT-WC-19076","vivo-v29-pro-back-panel-black","Vivo V29 Pro Back Panel &#8211; Black","Back Panel","Vivo",200,,50,1,2
19077,"AT-WC-19077","vivo-v29-pro-back-panel-brown","Vivo V29 Pro Back Panel &#8211; Brown","Back Panel","Vivo",200,,50,1,2
19078,"AT-WC-19078","vivo-v29-back-panel-white","Vivo v29 Back Panel &#8211; White","Back Panel","Vivo",190,,50,1,2
19079,"AT-WC-19079","vivo-v29-back-panel-pink","Vivo v29 Back Panel &#8211; Pink","Back Panel","Vivo",190,,50,1,2
19080,"AT-WC-19080","vivo-v29-back-panel-black","Vivo v29 Back Panel &#8211; Black","Back Panel","Vivo",190,,50,1,1
19081,"AT-WC-19081","vivo-v29-back-panel-gold","Vivo v29 Back Panel &#8211; Gold","Back Panel","Vivo",190,,50,1,2
19082,"AT-WC-19082","vivo-v20-4g-back-panel-black","Vivo V20 4G Back Panel &#8211; Black","Back Panel","Vivo",170,,50,1,2
19083,"AT-WC-19083","vivo-v20-4g-back-panel-blue","Vivo V20 4G Back Panel &#8211; Blue","Back Panel","Vivo",170,,50,1,2
19084,"AT-WC-19084","vivo-v20-4g-back-panel-white","Vivo V20 4G Back Panel &#8211; White","Back Panel","Vivo",170,,50,1,2
19085,"AT-WC-19085","vivo-x50-back-panel-black","Vivo X50 Back Panel &#8211; Black","Back Panel","Vivo",200,,50,1,2
19086,"AT-WC-19086","vivo-x50-back-panel-blue","Vivo X50 Back Panel &#8211; Blue","Back Panel","Vivo",200,,50,1,2
19087,"AT-WC-19087","vivo-x80-back-panel-green","Vivo X80 Back Panel &#8211; Green","Back Panel","Vivo",230,,50,1,2
19088,"AT-WC-19088","vivo-t2-pro-back-panel-white","Vivo T2 Pro Back Panel &#8211; White","Back Panel","Vivo",240,,50,1,2
19089,"AT-WC-19089","vivo-t2-pro-back-panel-black","Vivo T2 Pro Back Panel &#8211; Black","Back Panel","Vivo",240,,50,1,2
19090,"AT-WC-19090","vivo-t2-pro-back-panel","Vivo T2 Pro Back Panel &#8211; Blue","Back Panel","Vivo",240,,50,1,2
19094,"AT-WC-19094","vivo-x70-back-panel-blue","Vivo X70 Back Panel &#8211; Blue","Back Panel","Vivo",220,,50,1,2
19095,"AT-WC-19095","vivo-x70-back-panel-black","Vivo X70 Back Panel &#8211; Black","Back Panel","Vivo",220,,50,1,2
19096,"AT-WC-19096","vivo-x70-pro-back-panel-blue","Vivo X70 Pro Back Panel &#8211; Blue","Back Panel","Vivo",230,,50,1,2
19097,"AT-WC-19097","vivo-x70-pro-back-panel-black","Vivo X70 Pro Back Panel &#8211; Black","Back Panel","Vivo",230,,50,1,2
19098,"AT-WC-19098","vivo-x60-back-panel-blue","Vivo X60 Back Panel &#8211; Blue","Back Panel","Vivo",210,,50,1,2
19099,"AT-WC-19099","vivo-x60-back-panel-black","Vivo X60 Back Panel &#8211; Black","Back Panel","Vivo",210,,50,1,2
19100,"AT-WC-19100","vivo-x80-pro-back-panel-green","Vivo X80 Pro Back Panel &#8211; Green","Back Panel","Vivo",330,,50,1,2
19101,"AT-WC-19101","vivo-x80-pro-back-panel-black","Vivo X80 Pro Back Panel &#8211; Black","Back Panel","Vivo",330,,50,1,2
19102,"AT-WC-19102","vivo-v25-pro-back-panel-yellow","Vivo V25 Pro Back Panel &#8211; Yellow","Back Panel","Vivo",190,,50,1,2
19103,"AT-WC-19103","vivo-x50-pro-back-panel-black","Vivo X50 Pro Back Panel &#8211; Black","Back Panel","Vivo",200,,50,1,2
19104,"AT-WC-19104","vivo-v25-back-panel-black","Vivo V25 Back Panel &#8211; Blue","Back Panel","Vivo",180,,50,1,2
19105,"AT-WC-19105","vivo-v25-back-panel-yellow","Vivo V25 Back Panel &#8211; Yellow","Back Panel","Vivo",180,,50,1,2
19106,"AT-WC-19106","vivo-v25-back-panel-black-2","Vivo V25 Back Panel &#8211; Black","Back Panel","Vivo",180,,50,1,2
19107,"AT-WC-19107","vivo-y300-back-panel-green","Vivo Y300 Back Panel &#8211; Green","Back Panel","Vivo",140,,50,1,2
19108,"AT-WC-19108","vivo-y300-back-panel-purple","Vivo Y300 Back Panel &#8211; Purple","Back Panel","Vivo",140,,50,1,2
19109,"AT-WC-19109","vivo-y300-back-panel-black","Vivo Y300 Back Panel &#8211; Black","Back Panel","Vivo",140,,50,1,2
19110,"AT-WC-19110","vivo-y300-pro-back-panel-black","Vivo Y300 Pro Back Panel &#8211; Black","Back Panel","Vivo",160,,50,1,2
19111,"AT-WC-19111","vivo-y300-pro-back-panel-blue","Vivo Y300 Pro Back Panel &#8211; Blue","Back Panel","Vivo",160,,50,1,2
19112,"AT-WC-19112","vivo-y300-pro-back-panel-white","Vivo Y300 Pro Back Panel &#8211; White","Back Panel","Vivo",160,,50,1,2
19113,"AT-WC-19113","vivo-y300-pro-back-panel-silver","Vivo Y300 Pro Back Panel &#8211; Silver","Back Panel","Vivo",160,,50,1,2
19114,"AT-WC-19114","vivo-y36-back-panel-blue","Vivo Y36 Back Panel &#8211; Blue","Back Panel","Vivo",120,,50,1,2
19115,"AT-WC-19115","vivo-y36-back-panel-black","Vivo Y36 Back Panel &#8211; Black","Back Panel","Vivo",120,,50,1,2
19116,"AT-WC-19116","vivo-y36-back-panel-yellow","Vivo Y36 Back Panel &#8211; Yellow","Back Panel","Vivo",120,,50,1,2
19117,"AT-WC-19117","vivo-x60-pro-back-panel-blue","Vivo X60 Pro Back Panel &#8211; Blue","Back Panel","Vivo",220,,50,1,2
19139,"AT-WC-19139","moto-g04-middil-panel","Moto G04 Middle Panel","Middle Panel","Motorola",120,,50,1,2
19140,"AT-WC-19140","vivo-v19e-middil-panel","Vivo V19E Middle Panell","Middle Panel","Vivo",90,,50,1,2
19159,"AT-WC-19159","mi-11-prime-5g-back-panel-2","Mi 11 Prime 5G Back Panel","Back Panel","Xiaomi",140,,50,1,2
19160,"AT-WC-19160","mi-a2-old-back-panel","Mi A2 Old Back Panel","Back Panel","Xiaomi",350,,50,1,2
19161,"AT-WC-19161","narzo-50a-back-panel","Narzo 50A Back Panel","Back Panel","Unbranded",110,,50,1,2
19162,"AT-WC-19162","mi-10t-back-panel","Mi 10T Back Panel","Back Panel","Xiaomi",150,,50,1,2
19163,"AT-WC-19163","realme-11-pro-back-panel","Realme 11 Pro + Back Panel","Back Panel","Realme",250,,50,1,2
19164,"AT-WC-19164","oppo-a3x-ringback-panel","Oppo A3X Ring+Back Panel","Back Panel","Oppo",270,,50,1,2
19165,"AT-WC-19165","realme-9i-5g-back-panel","Realme 9i 5G Back Panel","Back Panel","Realme",110,,50,1,2
19166,"AT-WC-19166","vivo-y04-ringback-panel","Vivo Y04 Ring+Back Panel","Back Panel","Vivo",220,,50,1,2
19189,"AT-WC-19189","samsung-m32-4g-og-cc-flex","Samsung M32 4G Og Cc Flex","Charging Flex","Samsung",90,,50,1,2
19190,"AT-WC-19190","oppo-a54-4g-on-off-flex","Oppo A54 4g On/Off Flex","Other Products","Oppo",13,,50,1,2
19193,"AT-WC-19193","realme-11x-ringer-box","Realme 11X Ringer Box","Speaker","Realme",80,,50,1,2
19195,"AT-WC-19195","realme-2-volume-flex","Realme 2 Volume Flex","Volume Flex","Realme",12,,50,1,2
19197,"AT-WC-19197","samsung-j2-ringer","Samsung J2 Ringer","Speaker Grill / Jali","Samsung",12,,50,1,2
19204,"AT-WC-19204","mi-12-5g-back-panel-black","Mi 12 5G Back Panel &#8211; Black","Back Panel","Xiaomi",60,,50,1,2
19205,"AT-WC-19205","mi-12-5g-back-panel-white","Mi 12 5G Back Panel &#8211; White","Back Panel","Xiaomi",60,,50,1,2
19206,"AT-WC-19206","mi-12-5g-back-panel-blue","Mi 12 5G Back Panel &#8211; Blue","Back Panel","Xiaomi",60,,50,1,2
19207,"AT-WC-19207","mi-12-4g-back-panel-black","Mi 12 4G Back Panel &#8211; Black","Back Panel","Xiaomi",60,,50,1,2
19208,"AT-WC-19208","mi-12-4g-back-panel-white","Mi 12 4G Back Panel &#8211; White","Back Panel","Xiaomi",60,,50,1,2
19209,"AT-WC-19209","mi-12-4g-back-panel-blue","Mi 12 4G Back Panel &#8211; Blue","Back Panel","Xiaomi",60,,50,1,2
19225,"AT-WC-19225","b-t6-battery-for-vivo-t1-5g-iqoo-z6-5g","B-T6 Battery For Vivo T1 5G , IQOO Z6 5G","Battery","Vivo",525,,50,1,2
19226,"AT-WC-19226","bn62-battery-for-mi-note-9-9-power-poco-m3","BN62 Battery For Mi Note 9 , 9 Power , Poco M3","Battery","Poco",525,,50,1,2
19227,"AT-WC-19227","bn56-battery-for-mi-9a-9c-poco-m2-pro","BN56 Battery For Mi 9A , 9C , Poco M2 Pro","Battery","Poco",505,,50,1,2
19228,"AT-WC-19228","blp-673-battery-for-oppo-a3s-a5-a5s-a7-realme-2-realme-c1","BLP 673 Battery For Oppo A3S , A5 , A5s , A7 , Realme 2 , Realme C1","Battery","Realme",420,,50,1,2
19229,"AT-WC-19229","blp-729-battery-for-realme-5i-realme-c3-realme-c11","BLP 729 Battery For Realme 5i , Realme C3 , Realme C11","Battery","Realme",475,,50,1,2
19230,"AT-WC-19230","bn-51-battery-for-redmi-8-redmi-8a","BN 51 Battery For Redmi 8 , Redmi 8A","Battery","Xiaomi",495,,50,1,2
19231,"AT-WC-19231","b-f3-battery-for-vivo-y91-y93-y95","B-F3 Battery For Vivo Y91 , Y93 , Y95","Battery","Vivo",420,,50,1,2
19246,"AT-WC-19246","hq-50s-battery-for-samsung-a02s-a03-a03s-m02s","HQ -50S Battery For Samsung A02S , A03 , A03S , M02S","Battery","Samsung",495,,50,1,2
19247,"AT-WC-19247","blp-803-battery-for-realme-7i-oppo-a53","BLP 803 Battery For Realme 7i , Oppo A53","Battery","Realme",495,,50,1,2
19248,"AT-WC-19248","b-s2-battery-for-vivo-y33s","B-S2 Battery For Vivo Y33s","Battery","Vivo",505,,50,1,2
19249,"AT-WC-19249","b-o5-battery-for","B-O5 Battery For Vivo Y20 , Y20S","Battery","Vivo",505,,50,1,2
19250,"AT-WC-19250","b-g7-battery-for-vivo-y11-y12-y15-y17-z1-pro","B-G7 Battery For Vivo Y11 , Y12 , Y15 , Y17 , Z1 Pro","Battery","Vivo",450,,50,1,2
19251,"AT-WC-19251","bn-46-battery-for-mi-note-6-note-8-redmi-7-redmi-y3","BN 46 Battery For Mi Note 6 , Note 8 , Redmi 7 , Redmi Y3","Battery","Xiaomi",450,,50,1,2
19252,"AT-WC-19252","bn-37-battery-for-redmi-6-redmi-6a","BN 37 Battery For Redmi 6 , Redmi 6A","Battery","Xiaomi",390,,50,1,2
19521,"AT-WC-19521","itel-24-in-2-4-size-l-c-d","Itel 24 in 2.4 Size L.C.D.","Keypad LCD","Itel",100,,50,1,2
19522,"AT-WC-19522","samsung-a12-sim-holder","Samsung A12 Sim Holder","Sim Holder","Samsung",30,,50,1,2
19523,"AT-WC-19523","vivo-s1-l-c-d-flex","Vivo S1 L.C.D. Flex","Main Flex","Vivo",70,,50,1,2
19524,"AT-WC-19524","itel-vision-5-og-cc-flex","Itel Vision 5 Og CC Flex","Charging Flex","Itel",100,,50,1,2
19525,"AT-WC-19525","samsung-a06-finger-sensor-100-working","Samsung A06 Finger Sensor 100% Working","Fingerprint Sensor","Samsung",220,,50,1,2
19526,"AT-WC-19526","mi-note-10-5g-on-off-flex","Mi Note 10 5G On/Off Flex","Other Products","Xiaomi",17,,50,1,2
19527,"AT-WC-19527","lava-z3-middil-panel","Lava Z3 Middle Panel","Middle Panel","Lava",100,,50,1,2
19528,"AT-WC-19528","mi-10i-middil-panel","Mi 10i Middle Panel","Middle Panel","Xiaomi",380,,50,1,2
19529,"AT-WC-19529","vivo-v15-middil-panel","Vivo V15 Middle Panel","Middle Panel","Vivo",300,,50,1,2
19530,"AT-WC-19530","vivo-s1-ring-back-panel","Vivo S1 Ring + Back Panel","Back Panel","Vivo",160,,50,1,2
19531,"AT-WC-19531","oppo-a15-ring-back-panel","Oppo A15 Ring + Back Panel","Back Panel","Oppo",120,,50,1,2
19532,"AT-WC-19532","vivo-s1-pro-ring-back-panel","Vivo S1 Pro Ring + Back Panel","Back Panel","Vivo",180,,50,1,2
19533,"AT-WC-19533","redmi-9c-back-panel","Redmi 9C Back Panel","Back Panel","Xiaomi",75,,50,1,2
19534,"AT-WC-19534","oppo-a7-back-panel","Oppo A7 Back Panel","Back Panel","Oppo",100,,50,1,2
19539,"AT-WC-19539","benco-v60-back-panel","Benco V60 Back Panel","Back Panel","Unbranded",120,,50,1,2
19540,"AT-WC-19540","tecno-spark-5-pro-back-panel","Tecno Spark 5 Pro Back Panel","Back Panel","Tecno",115,,50,1,2
19541,"AT-WC-19541","vivo-y18e-back-panel","Vivo Y18E Back Panel","Back Panel","Vivo",85,,50,1,2
19542,"AT-WC-19542","mi-go-back-panel","Mi Go Back Panel","Back Panel","Xiaomi",95,,50,1,2
19543,"AT-WC-19543","realme-7-ring-back-panel","Realme 7 Ring + Back Panel","Back Panel","Realme",210,,50,1,2
19544,"AT-WC-19544","vivo-y200-back-panel-blue","Vivo Y200 Back Panel &#8211; Blue","Back Panel","Vivo",190,,50,1,2
19545,"AT-WC-19545","mi-note-11-pro-back-panel","Mi Note 11 Pro + Back Panel","Back Panel","Xiaomi",115,,50,1,2
19546,"AT-WC-19546","vivo-y200-back-panel-gold","Vivo Y200 Back Panel &#8211; Gold","Back Panel","Vivo",190,,50,1,2
19547,"AT-WC-19547","vivo-y200-back-panel-black","Vivo Y200 Back Panel &#8211; Black","Back Panel","Vivo",190,,50,1,2
19548,"AT-WC-19548","mi-a1-new-back-panel","Mi A1 New Back Panel","Back Panel","Xiaomi",100,,50,1,2
19560,"AT-WC-19560","redmi-12-4g-ring-back-panel","Redmi 12 4G Ring + Back Panel","Back Panel","Xiaomi",175,,50,1,2
19561,"AT-WC-19561","oppo-f7-back-panel-2","Oppo F7 Back Panel","Back Panel","Oppo",130,,50,1,2
19562,"AT-WC-19562","oppo-f11-pro-back-panel","Oppo F11 Pro Back Panel","Back Panel","Oppo",100,,50,1,2
19563,"AT-WC-19563","oppo-a57-new-back-panel","Oppo A57 New Back Panel","Back Panel","Oppo",65,,50,1,2
19564,"AT-WC-19564","realme-10-back-panel","Realme 10 Back Panel","Back Panel","Realme",90,,50,1,2
19565,"AT-WC-19565","realme-narzo-n65-back-panel","Realme Narzo N65 Back Panel","Back Panel","Realme",150,,50,1,2
19566,"AT-WC-19566","vivo-v29-pro-back-panel-blue","Vivo V29 Pro Back Panel &#8211; Blue","Back Panel","Vivo",200,,50,1,2
19567,"AT-WC-19567","mi-note-14-5g-back-panel","Mi Note 14 5G Back Panel","Back Panel","Xiaomi",80,,50,1,2
19568,"AT-WC-19568","oppo-a5-back-panel","Oppo A5 Back Panel","Back Panel","Oppo",95,,50,1,2
19576,"AT-WC-19576","keypaid-phone-type-c-16-pin-l6-ver-2","Keypaid Phone Type C 16 pin L6 Ver. 2","Charging Connectors","Unbranded",6,,50,1,2
19577,"AT-WC-19577","keypaid-phone-type-c-16-pin-l6-ver-1","Keypaid Phone Type C 16 pin L6 Ver. 1","Charging Connectors","OnePlus",6,,50,1,2
19579,"AT-WC-19579","keypaid-phone-type-c-16-pin-l7-ver-1","Keypaid Phone Type C 16 pin L7 Ver. 1","Charging Connectors","OnePlus",6,,50,1,2
19585,"AT-WC-19585","keypaid-phone-type-c-16-pin-l7-ver-2","Keypaid Phone Type C 16 pin L7 Ver. 2","Charging Connectors","Unbranded",6,,50,1,2
19785,"AT-WC-19785","blp-a17-battery-for-realme-c53-c67-c65-realme-12-5g-realme-12x-narzo-n53","BLP &#8211; A17 Battery For Realme C53 , C67 , C65 , Realme 12 5G , Realme 12X , Narzo N53","Battery","Realme",580,,50,1,2
19786,"AT-WC-19786","b-w1-battery-for-vivo-y02-y35-t2x","B &#8211; W1 Battery For Vivo Y02 , Y35 , T2X","Battery","Vivo",495,,50,1,2
19787,"AT-WC-19787","b-o8-battery-for-vivo-y52s-y31-2021-y51-2020-y31s-y53s-y72","B &#8211; O8 Battery For Vivo Y52S , Y31 (2021) , Y51 (2020) , Y31S , Y53S , Y72","Battery","Vivo",505,,50,1,2
19788,"AT-WC-19788","bn5r-battery-for-redmi-a3-new-poco-c61-mi-a3x","BN5R Battery For Redmi A3 New , Poco C61 , Mi A3X","Battery","Poco",505,,50,1,2
19808,"AT-WC-19808","blp-877-battery-for-realme-8i-realme-8-c30-c31-c33-c35","BLP &#8211; 877 Battery For Realme 8i , Realme 8 , C30 , C31 , C33 , C35","Battery","Realme",0,,50,0,0
19843,"AT-WC-19843","oppo-a7-on-off-flex","Oppo A7 On/Off Flex","Other Products","Oppo",13,,50,1,2
19844,"AT-WC-19844","oppo-a96-on-off-flex","Oppo A96 On/Off Flex","Other Products","Oppo",13,,50,1,2
19845,"AT-WC-19845","oneplus-8-on-off","OnePlus 8 On/Off","Other Products","OnePlus",16,,50,1,2
20044,"AT-WC-20044","smart-7-hd-og-cc-flex","Smart 7 HD Og CC Flex","Charging Flex","Unbranded",85,,50,1,2
20045,"AT-WC-20045","smart-8-og-cc-flex","Smart 8 Og CC Flex","Charging Flex","Unbranded",85,,50,1,2
20046,"AT-WC-20046","one-plus-6-og-cc-flex","One Plus 6 Og CC Flex","Charging Flex","Unbranded",110,,50,1,2
20047,"AT-WC-20047","realme-9-pro-og-cc-flex","Realme 9 Pro Og CC Flex","Charging Flex","Realme",85,,50,1,2
20048,"AT-WC-20048","vivo-v7-og-cc-flex","Vivo V7+ Og CC Flex","Charging Flex","Vivo",80,,50,1,2
20049,"AT-WC-20049","itel-p55-og-cc-flex","Itel P55 Og CC Flex","Charging Flex","Itel",90,,50,1,2
20282,"AT-WC-20282","vivo-v21-5g-back-panel-purpal","Vivo V21 5g Back Panel &#8211; Purpal","Back Panel","Vivo",160,,50,1,2
20284,"AT-WC-20284","vivo-v30e-back-panel-blue","Vivo V30E Back Panel &#8211; Blue","Back Panel","Vivo",270,,50,1,2
20352,"AT-WC-20352","mi-note-12-pro-5g-back-panel","Mi Note 12 Pro 5G Back Panel","Back Panel","Xiaomi",160,,50,1,2
20353,"AT-WC-20353","mi-a3-new-back-panel","Mi A3 New Back Panel","Back Panel","Xiaomi",100,,50,1,2
20354,"AT-WC-20354","mi-11-pro-back-panel","Mi 11 Pro + Back Panel","Back Panel","Xiaomi",160,,50,1,2
20362,"AT-WC-20362","infinix-hot-10-back-panel","Infinix Hot 10 Back Panel","Back Panel","Infinix",95,,50,1,2
20363,"AT-WC-20363","lava-yuwa-pro-back-panel-2","Lava Yuwa Pro Back Panel","Back Panel","Lava",90,,50,1,2
20364,"AT-WC-20364","realme-c11-2020-back-panel","Realme C11 2020 Back Panel","Back Panel","Realme",110,,50,1,2
20365,"AT-WC-20365","realme-14x-ringback-panel","Realme 14X Ring+Back Panel","Back Panel","Realme",210,,50,1,2
20377,"AT-WC-20377","moto-g14-back-panel-black","Moto G14 Back Panel &#8211; Black","Back Panel","Motorola",130,,50,1,2
20378,"AT-WC-20378","moto-g62-back-panel-black","Moto G62  Back Panel &#8211; Black","Back Panel","Motorola",135,,50,1,2
20379,"AT-WC-20379","moto-g62-back-panel-white","Moto G62  Back Panel &#8211; White","Back Panel","Motorola",135,,50,1,2
20381,"AT-WC-20381","moto-g34-back-panel-black","Moto G34 Back Panel &#8211; Black","Back Panel","Motorola",135,,50,1,2
20382,"AT-WC-20382","moto-g34-back-panel-blue","Moto G34 Back Panel &#8211; Blue","Back Panel","Motorola",135,,50,1,2
20383,"AT-WC-20383","moto-g54-back-panel-blue","Moto G54 Back Panel &#8211; Blue","Back Panel","Motorola",140,,50,1,2
20384,"AT-WC-20384","moto-g54-back-panel-green","Moto G54 Back Panel &#8211; Green","Back Panel","Motorola",140,,50,1,2
20385,"AT-WC-20385","moto-eade-40-back-panel-blue","Moto EADE 40 Back Panel &#8211; Blue","Back Panel","Motorola",280,,50,1,2
20386,"AT-WC-20386","moto-eade-40-back-panel-green","Moto EADE 40 Back Panel &#8211; Green","Back Panel","Motorola",280,,50,1,2
20387,"AT-WC-20387","moto-eade-40-back-panel-red","Moto EADE 40 Back Panel &#8211; Red","Back Panel","Motorola",280,,50,1,2
20388,"AT-WC-20388","moto-eade-40-back-panel-black","Moto EADE 40 Back Panel &#8211; Black","Back Panel","Motorola",280,,50,1,2
20389,"AT-WC-20389","moto-edge-30-back-panel-blue","Moto EDGE 30 Back Panel &#8211; Blue","Back Panel","Motorola",150,,50,1,2
20390,"AT-WC-20390","moto-edge-30-back-panel-black","Moto EDGE 30 Back Panel &#8211; Black","Back Panel","Motorola",150,,50,1,2
20391,"AT-WC-20391","moto-edge-40-neo-back-panel-black","Moto EDGE 40 Neo Back Panel &#8211; Black","Back Panel","Motorola",280,,50,1,2
20392,"AT-WC-20392","moto-edge-40-neo-back-panel-blue","Moto EDGE 40 Neo Back Panel &#8211; Blue","Back Panel","Motorola",280,,50,1,2
20393,"AT-WC-20393","moto-edge-40-neo-back-panel-green","Moto EDGE 40 Neo Back Panel &#8211; Green","Back Panel","Motorola",280,,50,1,2
20394,"AT-WC-20394","moto-edge-60-fusition-back-panel-green","Moto EDGE 60 Fusition Back Panel &#8211; Green","Back Panel","Motorola",240,,50,1,2
20395,"AT-WC-20395","moto-edge-60-fusition-back-panel-pink","Moto EDGE 60 Fusition Back Panel &#8211; Pink","Back Panel","Motorola",240,,50,1,2
20396,"AT-WC-20396","moto-edge-60-fusition-back-panel-purple","Moto EDGE 60 Fusition Back Panel &#8211; Purple","Back Panel","Motorola",240,,50,1,2
20397,"AT-WC-20397","moto-g04-back-panel-purple","Moto G04 Back Panel &#8211; Purple","Back Panel","Motorola",130,,50,1,2
20398,"AT-WC-20398","moto-g04-back-panel-red","Moto G04 Back Panel &#8211; Red","Back Panel","Motorola",130,,50,1,2
20399,"AT-WC-20399","moto-g04-back-panel-blue","Moto G04 Back Panel &#8211; Blue","Back Panel","Motorola",130,,50,1,2
20400,"AT-WC-20400","moto-g04-back-panel-green","Moto G04 Back Panel &#8211; Green","Back Panel","Motorola",130,,50,1,2
20401,"AT-WC-20401","moto-g85-back-panel-blue","Moto G85 Back Panel &#8211; Blue","Back Panel","Motorola",220,,50,1,2
20402,"AT-WC-20402","moto-g85-back-panel-red","Moto G85 Back Panel &#8211; Red","Back Panel","Motorola",220,,50,1,2
20403,"AT-WC-20403","moto-g85-back-panel-black","Moto G85 Back Panel &#8211; Black","Back Panel","Motorola",220,,50,1,2
20404,"AT-WC-20404","moto-g64-back-panel-blue","Moto G64 Back Panel &#8211; Blue","Back Panel","Motorola",140,,50,1,2
20405,"AT-WC-20405","moto-g64-back-panel-green","Moto G64 Back Panel &#8211; Green","Back Panel","Motorola",140,,50,1,2
20406,"AT-WC-20406","moto-g64-back-panel-purple","Moto G64 Back Panel &#8211; Purple","Back Panel","Motorola",140,,50,1,2
20407,"AT-WC-20407","moto-e13-back-panel-white","Moto E13 Back Panel &#8211; White","Back Panel","Motorola",130,,50,1,2
20408,"AT-WC-20408","moto-e13-back-panel-black","Moto E13 Back Panel &#8211; Black","Back Panel","Motorola",130,,50,1,2
20409,"AT-WC-20409","moto-e13-back-panel-blue","Moto E13 Back Panel &#8211; Blue","Back Panel","Motorola",130,,50,1,2
20464,"AT-WC-20464","40-power-l-c-d","KTT 40 Power L.C.D.","Keypad LCD","Unbranded",100,,50,1,2
20491,"AT-WC-20491","1nord-ce4-main-flex","1+Nord CE4 Main Flex","Main Flex","OnePlus",90,,50,1,2
20492,"AT-WC-20492","realme-2-display-conector","Realme 2 Camera glass","Camera Glass","Realme",10,,50,1,0
20493,"AT-WC-20493","vivo-v21e-5g-display-conector","Vivo V21e 5G Camera glass","Camera Glass","Vivo",15,,50,1,0
20494,"AT-WC-20494","mi-note12-5g-camera-glass","Mi Note12 5G Camera glass","Camera Glass","Xiaomi",15,,50,1,2
20517,"AT-WC-20517","mi-a3-new-poco-c61-with-frame","Mi A3 New / Poco C61 With Frame","Camera Glass","Poco",60,,50,1,2
20520,"AT-WC-20520","oppo-a5-2020-a9-2020-finger-sensor","Oppo A5 (2020) / A9 (2020) Finger Sensor","Fingerprint Sensor","Oppo",180,,50,1,2
20524,"AT-WC-20524","jio-17-pin-1-8-l-c-d","Jio 17 Pin 1.8 L.C.D.","Keypad LCD","OnePlus",70,,50,1,2
20525,"AT-WC-20525","lava-a5-24-pin-2-4-l-c-d","Lava A5 24 Pin 2.4 L.C.D.","Keypad LCD","Lava",105,,50,1,2
20526,"AT-WC-20526","kechaoda-14-pin-2-4-l-c-d","Kechaoda 14 Pin 2.4 L.C.D.","Keypad LCD","Unbranded",100,,50,1,2
20534,"AT-WC-20534","mi-10-prime-back-panel","Mi 10 Prime Back Panel","Back Panel","Xiaomi",130,,50,1,2
20602,"AT-WC-20602","vivo-y53-2020-camera-glass","Vivo Y53 2020 Camera Glass","Camera Glass","Vivo",15,,50,1,2
20609,"AT-WC-20609","realme-c67-5g-main-flex","Realme C67 5G Main Flex","Main Flex","Realme",90,,50,1,2
20710,"AT-WC-20710","honor-9x-on-off-flex","Honor 9X On/Off Flex","Other Products","Unbranded",17,,50,1,2
20711,"AT-WC-20711","oppo-a18-new-on-off-flex","Oppo A18 New On/Off Flex","Other Products","Oppo",18,,50,1,2
20712,"AT-WC-20712","mi-note-11-pro-on-off-flex-2","Mi Note 11 Pro+ On/Off Flex","Other Products","Xiaomi",18,,50,1,2
20713,"AT-WC-20713","oppo-f21-pro-4g-on-off-flex","Oppo F21 Pro 4G On/Off Flex","Other Products","Oppo",13,,50,1,2
20714,"AT-WC-20714","oppo-a74-5g-on-off-flex","Oppo A74 5G On/Off Flex","Other Products","Oppo",13,,50,1,2
21454,"AT-WC-21454","realme-11-pro-plus-middle-panel","Realme 11 pro Plus Middle panel","Middle Panel","Realme",300,,50,1,2
21461,"AT-WC-21461","force-pc60-battery-for-moto-g54-5g-moto-g54-power","Force PC60 Battery for Moto G54 5G / Moto G54 Power","Battery","Motorola",525,,50,1,2
21476,"AT-WC-21476","force-blp721-battery-for-realme-c2-oppo-a1k","Force BLP721 Battery for Realme C2 / Oppo A1k","Battery","Realme",470,,50,1,2
21477,"AT-WC-21477","force-bl-58bt-battery-for-tecno-smartphones","Force BL-58BT Battery for Tecno Smartphones","Battery","Tecno",505,,50,1,2
21483,"AT-WC-21483","force-ne50-battery-for-moto-g52-moto-g72-moto-g82-5g","Force NE50 Battery for Moto G52 / Moto G72 / Moto G82 5G","Battery","Motorola",505,,50,1,2
21485,"AT-WC-21485","force-ng50-battery-for-moto-g71-5g-moto-g62","Force NC50 Battery for Moto G41 / Moto G32","Battery","Motorola",490,,50,1,2
21486,"AT-WC-21486","force-b-w3-battery-for-vivo-y22-vivo-y22s","Force PC50 Battery for Moto G14 / Moto G54 5G / Moto E14","Battery","Motorola",505,,50,1,2
21489,"AT-WC-21489","force-nd50-battery-for-moto-g31-moto-g42-moto-g62-5g","Force ND50 Battery for Moto G31 / Moto G42 / Moto G62 5G","Battery","Motorola",505,,50,1,2
21490,"AT-WC-21490","force-ng50-battery-for-moto-g71-5g-moto-g62-2","Force NG50 Battery for Moto G71 5G / Moto G62","Battery","Motorola",490,,50,1,2
21492,"AT-WC-21492","force-jk50-battery-for-motorola-smartphones","Force JK50 Battery for Motorola smartphones","Battery","Motorola",490,,50,1,2
21493,"AT-WC-21493","force-b-w3-battery-for-vivo-y22-vivo-y22s-2","Force B-W3 Battery for Vivo Y22 / Vivo Y22s","Battery","Vivo",490,,50,1,2
21494,"AT-WC-21494","force-bn4a-battery-for-mi-note-7-mi-note-7s-mi-note-7-pro","Force BN4A Battery for Mi Note 7 / Mi Note 7S / Mi Note 7 Pro","Battery","Xiaomi",450,,50,1,2
21501,"AT-WC-21501","force-nh50-battery-for-moto-g22-moto-g13-moto-g53-5g-moto-e13-moto-e32","Force NH50 Battery for Moto G22 / Moto G13 / Moto G53 5G / Moto E13 / Moto E32","Battery","Motorola",505,,50,1,2
21502,"AT-WC-21502","force-bn45-battery-for-mi-note-5-pro","Force BN45 Battery for Mi Note 5 Pro","Battery","Xiaomi",450,,50,1,2
21503,"AT-WC-21503","force-bn63-battery-for-redmi-10-mi-10-prime","Force BN63 Battery for Redmi 10 / Mi 10 Prime","Battery","Xiaomi",525,,50,1,2
21658,"AT-WC-21658","vivo-y28-4g-on-off-flex","Vivo Y28 4G on/off Flex","Other Products","Vivo",20,,50,1,2
21746,"AT-WC-21746","oneplus-nord-2-side-rubber-key","OnePlus Nord 2 Side Rubber Key","Side Rubber Key","OnePlus",15,,50,1,2
21747,"AT-WC-21747","oneplus-nord-ce-4-lite-side-rubber-key","OnePlus Nord CE 4 Lite Side Rubber Key","Side Rubber Key","OnePlus",15,,50,1,2
21748,"AT-WC-21748","oneplus-nord-ce-2-side-rubber-key","OnePlus Nord CE 2 Side Rubber Key","Side Rubber Key","OnePlus",15,,50,1,2
21750,"AT-WC-21750","tecno-spark-6-air-side-rubber-key","Tecno Spark 6 Air Side Rubber Key","Side Rubber Key","Tecno",15,,50,1,2
21751,"AT-WC-21751","infinix-smart-hd-side-rubber-key","Infinix Smart HD Side Rubber Key","Side Rubber Key","Infinix",15,,50,1,2
21752,"AT-WC-21752","infinix-hot-11s-side-rubber-key","Infinix Hot 11s Side Rubber Key","Side Rubber Key","Infinix",15,,50,1,2
21754,"AT-WC-21754","tecno-ke5-side-rubber-key","Tecno KE5 Side Rubber Key","Side Rubber Key","Tecno",15,,50,1,2
21755,"AT-WC-21755","infinix-hot-10-side-rubber-key","Infinix Hot 10 Side Rubber Key","Side Rubber Key","Infinix",15,,50,1,2
21756,"AT-WC-21756","tecno-spark-7-side-rubber-key","Tecno Spark 7 Side Rubber Key","Side Rubber Key","Tecno",15,,50,1,2
21757,"AT-WC-21757","mi-note-10-pro-side-rubber-key","Mi Note 10 Pro Side Rubber Key","Side Rubber Key","Xiaomi",15,,50,1,2
21758,"AT-WC-21758","mi-a3-new-side-rubber-key","Mi A3 New Side Rubber Key","Side Rubber Key","Xiaomi",15,,50,1,2
21759,"AT-WC-21759","mi-a1-new-side-rubber-key","MI A1 New Side Rubber Key","Side Rubber Key","Xiaomi",15,,50,1,2
21760,"AT-WC-21760","mi-13c-side-rubber-key","Mi 13C Side Rubber Key","Side Rubber Key","Xiaomi",15,,50,1,2
21761,"AT-WC-21761","mi-note-12-side-rubber-key","Mi Note 12 Side Rubber Key","Side Rubber Key","Xiaomi",15,,50,1,2
21762,"AT-WC-21762","mi-a5-new-5g-side-rubber-key","Mi A5 New 5G Side Rubber Key","Side Rubber Key","Xiaomi",15,,50,1,2
21763,"AT-WC-21763","mi-12-5g-side-rubber-key","Mi 12 5G Side Rubber Key","Side Rubber Key","Xiaomi",15,,50,1,2
21765,"AT-WC-21765","side-rubber-key-lock-for-mi-note-7-mi-note-7-pro-mi-note-8","Side Rubber Key Lock for Mi Note 7 / Mi Note 7 Pro / Mi Note 8","Side Rubber Key","Xiaomi",25,,50,1,2
21766,"AT-WC-21766","oppo-f21-pro-side-rubber-key","Oppo F21 Pro Side Rubber Key","Side Rubber Key","Oppo",15,,50,1,2
21767,"AT-WC-21767","oppo-f19-pro-side-rubber-key","Oppo F19 Pro Side Rubber Key","Side Rubber Key","Oppo",15,,50,1,2
21768,"AT-WC-21768","oppo-a3x-side-rubber-key","Oppo A3X Side Rubber Key","Side Rubber Key","Oppo",15,,50,1,2
21770,"AT-WC-21770","oppo-k12x-side-rubber-key","Oppo K12x Side Rubber Key","Side Rubber Key","Oppo",15,,50,1,2
21771,"AT-WC-21771","oppo-f17-side-rubber-key","Oppo F17 Side Rubber Key","Side Rubber Key","Oppo",15,,50,1,2
21772,"AT-WC-21772","realme-9i-5g-side-rubber-key","Realme 9i 5G Side Rubber Key","Side Rubber Key","Realme",15,,50,1,2
21773,"AT-WC-21773","ppo-f15-side-rubber-key","Oppo F15 Side Rubber Key","Side Rubber Key","Oppo",15,,50,1,2
21774,"AT-WC-21774","realme-8-5g-side-rubber-key","Realme 8 5G Side Rubber Key","Side Rubber Key","Realme",15,,50,1,2
22105,"AT-WC-22105","vivo-y19-5g-side-rubber-key","Vivo Y19 (5G) Side Rubber Key","Side Rubber Key","Vivo",15,,50,1,2
22106,"AT-WC-22106","vivo-y100-side-rubber-key","Vivo Y100 Side Rubber Key","Side Rubber Key","Vivo",15,,50,1,2
22107,"AT-WC-22107","vivo-y02-side-rubber-key","Vivo Y02 Side Rubber Key","Side Rubber Key","Vivo",15,,50,1,2
22108,"AT-WC-22108","vivo-y04-side-rubber-key","Vivo Y04 Side Rubber Key","Side Rubber Key","Vivo",15,,50,1,2
22109,"AT-WC-22109","vivo-y200-side-rubber-key","Vivo Y200 Side Rubber Key","Side Rubber Key","Vivo",15,,50,1,2
22110,"AT-WC-22110","vivo-t1-5g-side-rubber-key","Vivo T1 5G Side Rubber Key","Side Rubber Key","Vivo",15,,50,1,2
22111,"AT-WC-22111","vivo-s1-side-rubber-key","Vivo S1 Side Rubber Key","Side Rubber Key","Vivo",15,,50,1,2
22114,"AT-WC-22114","vivo-v20-side-rubber-key","Vivo V20 Side Rubber Key","Side Rubber Key","Vivo",15,,50,1,2
22115,"AT-WC-22115","vivo-y03-side-rubber-key","Vivo Y03 Side Rubber Key","Side Rubber Key","Vivo",15,,50,1,2
22116,"AT-WC-22116","samsung-a03s-side-rubber-key","Samsung A03s Side Rubber Key","Side Rubber Key","Samsung",15,,50,1,2
22118,"AT-WC-22118","moto-g35-side-rubber-key","Moto G35 Side Rubber Key","Other Products","Motorola",15,,50,1,2
22119,"AT-WC-22119","moto-g24-side-rubber-key","Moto G24 Side Rubber Key","Side Rubber Key","Motorola",15,,50,1,2
22770,"AT-WC-22770","samsung-galaxy-a22-5g-back-panel-housing-with-middle-frame-ring","Samsung Galaxy A22 5G Back Panel Housing with Middle Frame Ring","Back Panel","Samsung",180,,50,1,2
23705,"AT-WC-23705","oppo-a59-5g-side-key-button-set","Oppo A59 5G Side Key Button Set","Side Rubber Key","Oppo",20,,50,1,2
23706,"AT-WC-23706","oppo-a78-5g-side-key-button-set","Oppo A78 5G Side Key Button Set","Side Rubber Key","Oppo",20,,50,1,2
23707,"AT-WC-23707","oppo-a96-side-key-button-set","Oppo A96 Side Key Button Set","Side Rubber Key","Oppo",20,,50,1,2
23708,"AT-WC-23708","oppo-reno-4-side-key-button-set","Oppo Reno 4 Side Key Button Set","Side Rubber Key","Oppo",20,,50,1,2
23709,"AT-WC-23709","oppo-a73-side-key-button-set","Oppo A73 Side Key Button Set","Side Rubber Key","Oppo",20,,50,1,2
23710,"AT-WC-23710","oppo-k5-side-key-button-set","Oppo K5 Side Key Button Set","Side Rubber Key","Oppo",20,,50,0,2
23711,"AT-WC-23711","oppo-reno-9-pro-side-key-button-set","Oppo Reno 9 Pro Side Key Button Set","Side Rubber Key","Oppo",20,,50,1,2
23712,"AT-WC-23712","oppo-a79-5g-side-key-button-set","Oppo A79 5G Side Key Button Set","Side Rubber Key","Oppo",20,,50,1,2
23713,"AT-WC-23713","oppo-k3-side-key-button-set","Oppo K3 Side Key Button Set","Side Rubber Key","Oppo",20,,50,1,2
23714,"AT-WC-23714","oppo-a76-side-key-button-set","Oppo A76 Side Key Button Set","Side Rubber Key","Oppo",20,,50,1,2
23715,"AT-WC-23715","oppo-a16-oppo-a54-side-key-button-set","Oppo A16 / Oppo A54 Side Key Button Set","Side Rubber Key","Oppo",20,,50,1,2
23716,"AT-WC-23716","oppo-k10-side-key-button-set","Oppo K10 Side Key Button Set","Side Rubber Key","Oppo",20,,50,1,2
23717,"AT-WC-23717","oppo-k1-side-key-button-set","Oppo K1 Side Key Button Set","Side Rubber Key","Oppo",20,,50,1,2
23718,"AT-WC-23718","oppo-reno-10-pro-side-key-button-set","Oppo Reno 10 Pro Side Key Button Set","Side Rubber Key","Oppo",20,,50,1,2
23719,"AT-WC-23719","oppo-reno-8t-side-key-button-set","Oppo Reno 8T Side Key Button Set","Side Rubber Key","Oppo",20,,50,1,2
23720,"AT-WC-23720","oppo-a38-side-key-button-set","Oppo A38 Side Key Button Set","Side Rubber Key","Oppo",20,,50,1,2
23721,"AT-WC-23721","oppo-f27-5g-side-key-button-set","Oppo F27 5G Side Key Button Set","Side Rubber Key","Oppo",20,,50,1,2
23722,"AT-WC-23722","oppo-a58-side-key-button-set","Oppo A58 Side Key Button Set","Side Rubber Key","Oppo",20,,50,1,2
23723,"AT-WC-23723","oppo-a18-side-key-button-set","Oppo A18 Side Key Button Set","Side Rubber Key","Oppo",20,,50,1,2
23724,"AT-WC-23724","oppo-a72-5g-side-key-button-set","Oppo A72 5G Side Key Button Set","Side Rubber Key","Oppo",20,,50,1,2
23725,"AT-WC-23725","oppo-f29-pro-5g-side-key-button-set","Oppo F29 Pro 5G Side Key Button Set","Side Rubber Key","Oppo",20,,50,1,2
23726,"AT-WC-23726","oppo-reno-3-pro-side-key-button-set","Oppo Reno 3 Pro Side Key Button Set","Side Rubber Key","Oppo",20,,50,1,2
23727,"AT-WC-23727","oppo-reno-6-pro-side-key-button-set","Oppo Reno 6 Pro Side Key Button Set","Side Rubber Key","Oppo",20,,50,1,2
23728,"AT-WC-23728","oppo-reno-12-side-key-button-set","Oppo Reno 12 Side Key Button Set","Side Rubber Key","Oppo",20,,50,1,2
23729,"AT-WC-23729","oppo-f25-pro-side-key-button-set","Oppo F25 Pro Side Key Button Set","Side Rubber Key","Oppo",20,,50,1,2
23730,"AT-WC-23730","oppo-reno-5-side-key-button-set","Oppo Reno 5 Side Key Button Set","Side Rubber Key","Oppo",20,,50,1,2
23731,"AT-WC-23731","oppo-reno-4-pro-side-key-button-set","Oppo Reno 4 Pro Side Key Button Set","Side Rubber Key","Oppo",20,,50,1,2
23732,"AT-WC-23732","oppo-reno-10-side-key-button-set","Oppo Reno 10 Side Key Button Set","Side Rubber Key","Oppo",20,,50,1,2
23733,"AT-WC-23733","oppo-reno-11-pro-side-key-button-set","Oppo Reno 11 Pro Side Key Button Set","Side Rubber Key","Oppo",20,,50,1,2
23734,"AT-WC-23734","oppo-reno-2-side-key-button-set","Oppo Reno 2 Side Key Button Set","Side Rubber Key","Oppo",20,,50,1,2
23735,"AT-WC-23735","jiophone-next-side-key-button-set","JioPhone Next Side Key Button Set","Side Rubber Key","Unbranded",20,,50,1,2
23740,"AT-WC-23740","oppo-reno-5-pro-side-key-button-set","Oppo Reno 5 Pro Side Key Button Set","Side Rubber Key","Oppo",20,,50,1,2
23741,"AT-WC-23741","oppo-f21-pro-side-key-button-set","Oppo F21 Pro Side Key Button Set","Side Rubber Key","Oppo",20,,50,1,2
23742,"AT-WC-23742","oppo-reno-7-side-key-button-set","Oppo Reno 7 Side Key Button Set","Side Rubber Key","Oppo",20,,50,1,2
23743,"AT-WC-23743","oppo-a52-side-key-button-set","Oppo A52 Side Key Button Set","Side Rubber Key","Oppo",20,,50,1,2
23744,"AT-WC-23744","oppo-k12x-side-key-button-set","Oppo K12x Side Key Button Set","Side Rubber Key","Oppo",20,,50,1,2
23745,"AT-WC-23745","oppo-f29-5g-side-key-button-set","Oppo F29 5G Side Key Button Set","Side Rubber Key","Oppo",20,,50,0,2
23746,"AT-WC-23746","oppo-a74-side-key-button-set","Oppo A74 Side Key Button Set","Side Rubber Key","Oppo",20,,50,1,2
23747,"AT-WC-23747","oppo-reno-8-side-key-button-set","Oppo Reno 8 Side Key Button Set","Side Rubber Key","Oppo",20,,50,1,2
23748,"AT-WC-23748","oppo-reno-8-pro-side-key-button-set","Oppo Reno 8 Pro Side Key Button Set","Side Rubber Key","Oppo",20,,50,1,2
23775,"AT-WC-23775","vivo-y11-5g-mystic-blue-4gb-ram-64gb-storage","Vivo Y11 5G (Mystic Blue, 4GB RAM, 64GB Storage)","Smart Phone","Vivo",39999,16999,50,1,0
23778,"AT-WC-23778","vivo-y11-5g-cosmic-gold-4gb-ram-64gb-storage","Vivo Y11 5G (Cosmic Gold, 4GB RAM, 64GB Storage)","Smart Phone","Vivo",39999,16999,50,5,0
23813,"AT-WC-23813","realme-p4-lite-mosaic-blue-ram-4-gb-rom-64-gb","Realme P4 Lite (Mosaic blue) Ram 4 Gb Rom 64 Gb","Smart Phone","Realme",28999,15499,50,8,0
23825,"AT-WC-23825","realme-p4-lite-mosaic-green-ram-4-gb-rom-64-gb","Realme P4 Lite (Mosaic Green) Ram 4 Gb Rom 64 Gb","Smart Phone","Realme",28999,15499,50,6,0