old_url,new_url,product_id,slug
"https://abhaytechnicals.com/shop/mi-6a-charging-flex/","/products/mi-6a-charging-flex",128,"mi-6a-charging-flex"
"https://abhaytechnicals.com/shop/20-pin-universal-1-8/","/products/20-pin-universal-1-8",142,"20-pin-universal-1-8"
"https://abhaytechnicals.com/shop/lava-15-pin-l-c-d-refresh/","/products/lava-15-pin-l-c-d-refresh",156,"lava-15-pin-l-c-d-refresh"
"https://abhaytechnicals.com/shop/lava-17-pin-1-8-size-l-c-d-refresh/","/products/lava-17-pin-1-8-size-l-c-d-refresh",159,"lava-17-pin-1-8-size-l-c-d-refresh"
"https://abhaytechnicals.com/shop/itel-16-pin-1-8-size-l-c-d-refresh/","/products/itel-16-pin-1-8-size-l-c-d-refresh",161,"itel-16-pin-1-8-size-l-c-d-refresh"
"https://abhaytechnicals.com/shop/jio-15-pin-l-c-d-refresh/","/products/jio-15-pin-l-c-d-refresh",162,"jio-15-pin-l-c-d-refresh"
"https://abhaytechnicals.com/shop/24-pin-universol-2-4-size-l-c-d-refresh/","/products/24-pin-universol-2-4-size-l-c-d-refresh",163,"24-pin-universol-2-4-size-l-c-d-refresh"
"https://abhaytechnicals.com/shop/jio-f90-l-c-d-refresh/","/products/jio-f90-l-c-d-refresh",164,"jio-f90-l-c-d-refresh"
"https://abhaytechnicals.com/shop/jio-f220-l-c-d-refresh/","/products/jio-f220-l-c-d-refresh",166,"jio-f220-l-c-d-refresh"
"https://abhaytechnicals.com/shop/k9-l-c-d-refresh/","/products/k9-l-c-d-refresh",167,"k9-l-c-d-refresh"
"https://abhaytechnicals.com/shop/24-pin-big-2-8-size-l-c-d-refresh/","/products/24-pin-big-2-8-size-l-c-d-refresh",170,"24-pin-big-2-8-size-l-c-d-refresh"
"https://abhaytechnicals.com/shop/mi-y1-charging-flex/","/products/mi-y1-charging-flex",188,"mi-y1-charging-flex"
"https://abhaytechnicals.com/shop/mi-note-4-charging-flex/","/products/mi-note-4-charging-flex",190,"mi-note-4-charging-flex"
"https://abhaytechnicals.com/shop/mi-4x-charging-flex/","/products/mi-4x-charging-flex",191,"mi-4x-charging-flex"
"https://abhaytechnicals.com/shop/mi-6-pro-charging-flex/","/products/mi-6-pro-charging-flex",198,"mi-6-pro-charging-flex"
"https://abhaytechnicals.com/shop/mi-4a-charging-flex/","/products/mi-4a-charging-flex",200,"mi-4a-charging-flex"
"https://abhaytechnicals.com/shop/vivo-y55-charging-flex/","/products/vivo-y55-charging-flex",318,"vivo-y55-charging-flex"
"https://abhaytechnicals.com/shop/vivo-y51-charging-flex/","/products/vivo-y51-charging-flex",320,"vivo-y51-charging-flex"
"https://abhaytechnicals.com/shop/vivo-y69-charging-flex/","/products/vivo-y69-charging-flex",322,"vivo-y69-charging-flex"
"https://abhaytechnicals.com/shop/mi-note-3-charging-flex/","/products/mi-note-3-charging-flex",324,"mi-note-3-charging-flex"
"https://abhaytechnicals.com/shop/oppo-f3-charging-flex/","/products/oppo-f3-charging-flex",328,"oppo-f3-charging-flex"
"https://abhaytechnicals.com/shop/realme-2-pro-charging-flex/","/products/realme-2-pro-charging-flex",331,"realme-2-pro-charging-flex"
"https://abhaytechnicals.com/shop/vivo-y66-charging-flex/","/products/vivo-y66-charging-flex",340,"vivo-y66-charging-flex"
"https://abhaytechnicals.com/shop/itel-vision-1-charging-flex/","/products/itel-vision-1-charging-flex",348,"itel-vision-1-charging-flex"
"https://abhaytechnicals.com/shop/mi-a3-charging-flex/","/products/mi-a3-charging-flex",349,"mi-a3-charging-flex"
"https://abhaytechnicals.com/shop/oppo-a33-charging-flex/","/products/oppo-a33-charging-flex",350,"oppo-a33-charging-flex"
"https://abhaytechnicals.com/shop/realme-5-pro-charging-flex/","/products/realme-5-pro-charging-flex",356,"realme-5-pro-charging-flex"
"https://abhaytechnicals.com/shop/oppo-f7-charging-flex/","/products/oppo-f7-charging-flex",357,"oppo-f7-charging-flex"
"https://abhaytechnicals.com/shop/oppo-a37-charging-flex/","/products/oppo-a37-charging-flex",360,"oppo-a37-charging-flex"
"https://abhaytechnicals.com/shop/iphone-6s-charging-flex/","/products/iphone-6s-charging-flex",370,"iphone-6s-charging-flex"
"https://abhaytechnicals.com/shop/nokia-3-charging-flex/","/products/nokia-3-charging-flex",371,"nokia-3-charging-flex"
"https://abhaytechnicals.com/shop/nokia-5-1-charging-flex/","/products/nokia-5-1-charging-flex",376,"nokia-5-1-charging-flex"
"https://abhaytechnicals.com/shop/honor-7s-charging-flex/","/products/honor-7s-charging-flex",377,"honor-7s-charging-flex"
"https://abhaytechnicals.com/shop/mi-go-charging-flex/","/products/mi-go-charging-flex",379,"mi-go-charging-flex"
"https://abhaytechnicals.com/shop/oppo-a57-charging-flex/","/products/oppo-a57-charging-flex",383,"oppo-a57-charging-flex"
"https://abhaytechnicals.com/shop/nokia-5-1-charging-flex-2/","/products/nokia-5-1-charging-flex-2",397,"nokia-5-1-charging-flex-2"
"https://abhaytechnicals.com/shop/nokia-3-1-charging-flex/","/products/nokia-3-1-charging-flex",398,"nokia-3-1-charging-flex"
"https://abhaytechnicals.com/shop/nokia-6-charging-flex/","/products/nokia-6-charging-flex",400,"nokia-6-charging-flex"
"https://abhaytechnicals.com/shop/samsung-a30-charging-flex/","/products/samsung-a30-charging-flex",402,"samsung-a30-charging-flex"
"https://abhaytechnicals.com/shop/nokia-2-charging-flex/","/products/nokia-2-charging-flex",406,"nokia-2-charging-flex"
"https://abhaytechnicals.com/shop/nokia-2-1-charging-flex/","/products/nokia-2-1-charging-flex",408,"nokia-2-1-charging-flex"
"https://abhaytechnicals.com/shop/tecno-in-1-charging-flex/","/products/tecno-in-1-charging-flex",409,"tecno-in-1-charging-flex"
"https://abhaytechnicals.com/shop/honor-7c-charging-flex/","/products/honor-7c-charging-flex",412,"honor-7c-charging-flex"
"https://abhaytechnicals.com/shop/tecno-kc1-charging-flex/","/products/tecno-kc1-charging-flex",418,"tecno-kc1-charging-flex"
"https://abhaytechnicals.com/shop/nokia-2-2-charging-flex/","/products/nokia-2-2-charging-flex",419,"nokia-2-2-charging-flex"
"https://abhaytechnicals.com/shop/mi-y3-charging-flex/","/products/mi-y3-charging-flex",423,"mi-y3-charging-flex"
"https://abhaytechnicals.com/shop/vivo-v5-charging-flex/","/products/vivo-v5-charging-flex",424,"vivo-v5-charging-flex"
"https://abhaytechnicals.com/shop/nokia-3-1-charging-flex-2/","/products/nokia-3-1-charging-flex-2",428,"nokia-3-1-charging-flex-2"
"https://abhaytechnicals.com/shop/nokia-7-charging-flex/","/products/nokia-7-charging-flex",434,"nokia-7-charging-flex"
"https://abhaytechnicals.com/shop/vivo-y21l-charging-flex/","/products/vivo-y21l-charging-flex",435,"vivo-y21l-charging-flex"
"https://abhaytechnicals.com/shop/oppo-f1s-charging-flex/","/products/oppo-f1s-charging-flex",436,"oppo-f1s-charging-flex"
"https://abhaytechnicals.com/shop/tecno-hot-9-charging-flex/","/products/tecno-hot-9-charging-flex",438,"tecno-hot-9-charging-flex"
"https://abhaytechnicals.com/shop/mi-a1-charging-flex/","/products/mi-a1-charging-flex",439,"mi-a1-charging-flex"
"https://abhaytechnicals.com/shop/nokia-6-1-charging-flex-2/","/products/nokia-6-1-charging-flex-2",444,"nokia-6-1-charging-flex-2"
"https://abhaytechnicals.com/shop/samsung-j250-touch/","/products/samsung-j250-touch",467,"samsung-j250-touch"
"https://abhaytechnicals.com/shop/honor-7c-touch/","/products/honor-7c-touch",471,"honor-7c-touch"
"https://abhaytechnicals.com/shop/samsung-j4-touch/","/products/samsung-j4-touch",472,"samsung-j4-touch"
"https://abhaytechnicals.com/shop/samsung-on-7-touch/","/products/samsung-on-7-touch",476,"samsung-on-7-touch"
"https://abhaytechnicals.com/shop/honor-9n-touch/","/products/honor-9n-touch",478,"honor-9n-touch"
"https://abhaytechnicals.com/shop/honor-7a-touch/","/products/honor-7a-touch",479,"honor-7a-touch"
"https://abhaytechnicals.com/shop/honor-9-lite-touch/","/products/honor-9-lite-touch",480,"honor-9-lite-touch"
"https://abhaytechnicals.com/shop/mi-5a-touch/","/products/mi-5a-touch",613,"mi-5a-touch"
"https://abhaytechnicals.com/shop/mi-4a-touch/","/products/mi-4a-touch",614,"mi-4a-touch"
"https://abhaytechnicals.com/shop/mi-4i-touch/","/products/mi-4i-touch",615,"mi-4i-touch"
"https://abhaytechnicals.com/shop/mi-3s-prime-touch/","/products/mi-3s-prime-touch",617,"mi-3s-prime-touch"
"https://abhaytechnicals.com/shop/lava-z50-touch/","/products/lava-z50-touch",620,"lava-z50-touch"
"https://abhaytechnicals.com/shop/itel-a48-touch/","/products/itel-a48-touch",625,"itel-a48-touch"
"https://abhaytechnicals.com/shop/mi-y1-touch/","/products/mi-y1-touch",639,"mi-y1-touch"
"https://abhaytechnicals.com/shop/mi-note-3-touch/","/products/mi-note-3-touch",641,"mi-note-3-touch"
"https://abhaytechnicals.com/shop/mi-y3-touch/","/products/mi-y3-touch",663,"mi-y3-touch"
"https://abhaytechnicals.com/shop/samsung-j6-touch/","/products/samsung-j6-touch",676,"samsung-j6-touch"
"https://abhaytechnicals.com/shop/samsung-g530-touch/","/products/samsung-g530-touch",678,"samsung-g530-touch"
"https://abhaytechnicals.com/shop/samsung-g532-touch/","/products/samsung-g532-touch",679,"samsung-g532-touch"
"https://abhaytechnicals.com/shop/samsung-j210-touch/","/products/samsung-j210-touch",680,"samsung-j210-touch"
"https://abhaytechnicals.com/shop/samsung-j7-max-touch/","/products/samsung-j7-max-touch",681,"samsung-j7-max-touch"
"https://abhaytechnicals.com/shop/oppo-f1s-touch/","/products/oppo-f1s-touch",682,"oppo-f1s-touch"
"https://abhaytechnicals.com/shop/samsung-j2-touch/","/products/samsung-j2-touch",683,"samsung-j2-touch"
"https://abhaytechnicals.com/shop/oppo-a57-touch/","/products/oppo-a57-touch",686,"oppo-a57-touch"
"https://abhaytechnicals.com/shop/oppo-a37-touch/","/products/oppo-a37-touch",687,"oppo-a37-touch"
"https://abhaytechnicals.com/shop/oppo-a33-touch/","/products/oppo-a33-touch",688,"oppo-a33-touch"
"https://abhaytechnicals.com/shop/vivo-v5-touch/","/products/vivo-v5-touch",696,"vivo-v5-touch"
"https://abhaytechnicals.com/shop/tecno-kc-1-touch/","/products/tecno-kc-1-touch",698,"tecno-kc-1-touch"
"https://abhaytechnicals.com/shop/tecno-in-1-touch/","/products/tecno-in-1-touch",699,"tecno-in-1-touch"
"https://abhaytechnicals.com/shop/tecno-in-2-touch/","/products/tecno-in-2-touch",700,"tecno-in-2-touch"
"https://abhaytechnicals.com/shop/samsung-on-5-touch/","/products/samsung-on-5-touch",702,"samsung-on-5-touch"
"https://abhaytechnicals.com/shop/samsung-j8-touch/","/products/samsung-j8-touch",704,"samsung-j8-touch"
"https://abhaytechnicals.com/shop/samsung-j710-touch/","/products/samsung-j710-touch",705,"samsung-j710-touch"
"https://abhaytechnicals.com/shop/samsung-j7-touch/","/products/samsung-j7-touch",706,"samsung-j7-touch"
"https://abhaytechnicals.com/shop/samsung-j7-pro-touch/","/products/samsung-j7-pro-touch",707,"samsung-j7-pro-touch"
"https://abhaytechnicals.com/shop/vivo-y53-touch/","/products/vivo-y53-touch",717,"vivo-y53-touch"
"https://abhaytechnicals.com/shop/vivo-y51-touch/","/products/vivo-y51-touch",719,"vivo-y51-touch"
"https://abhaytechnicals.com/shop/vivo-y69-touch/","/products/vivo-y69-touch",730,"vivo-y69-touch"
"https://abhaytechnicals.com/shop/vivo-y66-touch/","/products/vivo-y66-touch",731,"vivo-y66-touch"
"https://abhaytechnicals.com/shop/vivo-y55-touch/","/products/vivo-y55-touch",732,"vivo-y55-touch"
"https://abhaytechnicals.com/shop/mi-y1-charging-conector/","/products/mi-y1-charging-conector",764,"mi-y1-charging-conector"
"https://abhaytechnicals.com/shop/samsung-j2-charging-conector/","/products/samsung-j2-charging-conector",765,"samsung-j2-charging-conector"
"https://abhaytechnicals.com/shop/samsung-b310-charging-conector/","/products/samsung-b310-charging-conector",766,"samsung-b310-charging-conector"
"https://abhaytechnicals.com/shop/samsung-j1-charging-conector/","/products/samsung-j1-charging-conector",767,"samsung-j1-charging-conector"
"https://abhaytechnicals.com/shop/vivo-y91-charging-conector/","/products/vivo-y91-charging-conector",768,"vivo-y91-charging-conector"
"https://abhaytechnicals.com/shop/a850-charging-conector/","/products/a850-charging-conector",769,"a850-charging-conector"
"https://abhaytechnicals.com/shop/mi-5a-charging-conector/","/products/mi-5a-charging-conector",770,"mi-5a-charging-conector"
"https://abhaytechnicals.com/shop/2305-charging-conector/","/products/2305-charging-conector",771,"2305-charging-conector"
"https://abhaytechnicals.com/shop/lava-z60-charging-conector/","/products/lava-z60-charging-conector",772,"lava-z60-charging-conector"
"https://abhaytechnicals.com/shop/nokia-105-charging-conector/","/products/nokia-105-charging-conector",773,"nokia-105-charging-conector"
"https://abhaytechnicals.com/shop/k9-mini-charging-conector/","/products/k9-mini-charging-conector",774,"k9-mini-charging-conector"
"https://abhaytechnicals.com/shop/t2-mini-charging-conector/","/products/t2-mini-charging-conector",775,"t2-mini-charging-conector"
"https://abhaytechnicals.com/shop/a110-charging-conector/","/products/a110-charging-conector",800,"a110-charging-conector"
"https://abhaytechnicals.com/shop/mi-note-7-charging-conector/","/products/mi-note-7-charging-conector",801,"mi-note-7-charging-conector"
"https://abhaytechnicals.com/shop/nokia-6-1-charging-conector/","/products/nokia-6-1-charging-conector",802,"nokia-6-1-charging-conector"
"https://abhaytechnicals.com/shop/oppo-a3s-charging-conector/","/products/oppo-a3s-charging-conector",803,"oppo-a3s-charging-conector"
"https://abhaytechnicals.com/shop/samsung-a20-charging-conector/","/products/samsung-a20-charging-conector",804,"samsung-a20-charging-conector"
"https://abhaytechnicals.com/shop/realme-2-charging-conector/","/products/realme-2-charging-conector",805,"realme-2-charging-conector"
"https://abhaytechnicals.com/shop/oppo-a1k-charging-conector/","/products/oppo-a1k-charging-conector",806,"oppo-a1k-charging-conector"
"https://abhaytechnicals.com/shop/vivo-v5-charging-conector/","/products/vivo-v5-charging-conector",807,"vivo-v5-charging-conector"
"https://abhaytechnicals.com/shop/mi-6a-charging-conector/","/products/mi-6a-charging-conector",808,"mi-6a-charging-conector"
"https://abhaytechnicals.com/shop/samsung-m600-charging-conector/","/products/samsung-m600-charging-conector",809,"samsung-m600-charging-conector"
"https://abhaytechnicals.com/shop/honor-7x-charging-conector/","/products/honor-7x-charging-conector",810,"honor-7x-charging-conector"
"https://abhaytechnicals.com/shop/vivo-y53-charging-conector/","/products/vivo-y53-charging-conector",811,"vivo-y53-charging-conector"
"https://abhaytechnicals.com/shop/wtr-2965-ic/","/products/wtr-2965-ic",817,"wtr-2965-ic"
"https://abhaytechnicals.com/shop/mi-note-9-pro-sim-holder/","/products/mi-note-9-pro-sim-holder",846,"mi-note-9-pro-sim-holder"
"https://abhaytechnicals.com/shop/mi-y2-sim-holder/","/products/mi-y2-sim-holder",875,"mi-y2-sim-holder"
"https://abhaytechnicals.com/shop/mi-6a-sim-holder/","/products/mi-6a-sim-holder",876,"mi-6a-sim-holder"
"https://abhaytechnicals.com/shop/oppo-a83-sim-holder/","/products/oppo-a83-sim-holder",879,"oppo-a83-sim-holder"
"https://abhaytechnicals.com/shop/mi-5-sim-holder/","/products/mi-5-sim-holder",880,"mi-5-sim-holder"
"https://abhaytechnicals.com/shop/oppo-a57-sim-holder/","/products/oppo-a57-sim-holder",881,"oppo-a57-sim-holder"
"https://abhaytechnicals.com/shop/vivo-y30-sim-holder/","/products/vivo-y30-sim-holder",882,"vivo-y30-sim-holder"
"https://abhaytechnicals.com/shop/mi-8a-sim-holder/","/products/mi-8a-sim-holder",883,"mi-8a-sim-holder"
"https://abhaytechnicals.com/shop/realme-3-pro-sim-holder/","/products/realme-3-pro-sim-holder",884,"realme-3-pro-sim-holder"
"https://abhaytechnicals.com/shop/mi-5a-sim-holder/","/products/mi-5a-sim-holder",885,"mi-5a-sim-holder"
"https://abhaytechnicals.com/shop/mi-note-5-sim-holder/","/products/mi-note-5-sim-holder",886,"mi-note-5-sim-holder"
"https://abhaytechnicals.com/shop/mi-9a-sim-holder/","/products/mi-9a-sim-holder",887,"mi-9a-sim-holder"
"https://abhaytechnicals.com/shop/realme-c11-sim-holder/","/products/realme-c11-sim-holder",888,"realme-c11-sim-holder"
"https://abhaytechnicals.com/shop/mi-7-y3-sim-holder/","/products/mi-7-y3-sim-holder",889,"mi-7-y3-sim-holder"
"https://abhaytechnicals.com/shop/realme-c25-sim-holder/","/products/realme-c25-sim-holder",892,"realme-c25-sim-holder"
"https://abhaytechnicals.com/shop/vivo-y83-sim-holder/","/products/vivo-y83-sim-holder",893,"vivo-y83-sim-holder"
"https://abhaytechnicals.com/shop/vivo-y91-sim-holder/","/products/vivo-y91-sim-holder",894,"vivo-y91-sim-holder"
"https://abhaytechnicals.com/shop/samsung-m20-sim-holder/","/products/samsung-m20-sim-holder",895,"samsung-m20-sim-holder"
"https://abhaytechnicals.com/shop/realme-5-sim-holder/","/products/realme-5-sim-holder",896,"realme-5-sim-holder"
"https://abhaytechnicals.com/shop/oppo-a12-sim-holder/","/products/oppo-a12-sim-holder",897,"oppo-a12-sim-holder"
"https://abhaytechnicals.com/shop/samsung-a30-sim-holder/","/products/samsung-a30-sim-holder",898,"samsung-a30-sim-holder"
"https://abhaytechnicals.com/shop/vivo-y20-sim-holder/","/products/vivo-y20-sim-holder",901,"vivo-y20-sim-holder"
"https://abhaytechnicals.com/shop/vivo-y71-sim-holder/","/products/vivo-y71-sim-holder",902,"vivo-y71-sim-holder"
"https://abhaytechnicals.com/shop/vivo-y53-sim-holder/","/products/vivo-y53-sim-holder",903,"vivo-y53-sim-holder"
"https://abhaytechnicals.com/shop/mi-4x-sim-holder/","/products/mi-4x-sim-holder",904,"mi-4x-sim-holder"
"https://abhaytechnicals.com/shop/vivo-y12-sim-holder/","/products/vivo-y12-sim-holder",905,"vivo-y12-sim-holder"
"https://abhaytechnicals.com/shop/realme-3-sim-holder/","/products/realme-3-sim-holder",906,"realme-3-sim-holder"
"https://abhaytechnicals.com/shop/realme-c2-sim-holder/","/products/realme-c2-sim-holder",907,"realme-c2-sim-holder"
"https://abhaytechnicals.com/shop/samsung-m30-main-flex/","/products/samsung-m30-main-flex",908,"samsung-m30-main-flex"
"https://abhaytechnicals.com/shop/mi-5a-main-flex/","/products/mi-5a-main-flex",909,"mi-5a-main-flex"
"https://abhaytechnicals.com/shop/mi-y2-main-flex/","/products/mi-y2-main-flex",910,"mi-y2-main-flex"
"https://abhaytechnicals.com/shop/mi-4x-main-flex/","/products/mi-4x-main-flex",911,"mi-4x-main-flex"
"https://abhaytechnicals.com/shop/samsung-m30s-main-flex/","/products/samsung-m30s-main-flex",912,"samsung-m30s-main-flex"
"https://abhaytechnicals.com/shop/samsung-a20s-main-flex/","/products/samsung-a20s-main-flex",913,"samsung-a20s-main-flex"
"https://abhaytechnicals.com/shop/mi-9-main-flex/","/products/mi-9-main-flex",914,"mi-9-main-flex"
"https://abhaytechnicals.com/shop/samsung-a50-main-flex/","/products/samsung-a50-main-flex",915,"samsung-a50-main-flex"
"https://abhaytechnicals.com/shop/mi-a2-main-flex/","/products/mi-a2-main-flex",916,"mi-a2-main-flex"
"https://abhaytechnicals.com/shop/mi-5-main-flex/","/products/mi-5-main-flex",917,"mi-5-main-flex"
"https://abhaytechnicals.com/shop/samsung-a31-main-flex/","/products/samsung-a31-main-flex",918,"samsung-a31-main-flex"
"https://abhaytechnicals.com/shop/samsung-m31-main-flex/","/products/samsung-m31-main-flex",919,"samsung-m31-main-flex"
"https://abhaytechnicals.com/shop/samsung-m10-main-flex/","/products/samsung-m10-main-flex",920,"samsung-m10-main-flex"
"https://abhaytechnicals.com/shop/redmi-10-main-flex/","/products/redmi-10-main-flex",921,"redmi-10-main-flex"
"https://abhaytechnicals.com/shop/mi-note-6-pro-main-flex/","/products/mi-note-6-pro-main-flex",922,"mi-note-6-pro-main-flex"
"https://abhaytechnicals.com/shop/mi-4a-main-flex/","/products/mi-4a-main-flex",984,"mi-4a-main-flex"
"https://abhaytechnicals.com/shop/samsung-a50s-main-flex/","/products/samsung-a50s-main-flex",985,"samsung-a50s-main-flex"
"https://abhaytechnicals.com/shop/mi-9-prime-main-flex/","/products/mi-9-prime-main-flex",986,"mi-9-prime-main-flex"
"https://abhaytechnicals.com/shop/mi-note-5-pro-main-flex/","/products/mi-note-5-pro-main-flex",987,"mi-note-5-pro-main-flex"
"https://abhaytechnicals.com/shop/mi-a3-main-flex/","/products/mi-a3-main-flex",988,"mi-a3-main-flex"
"https://abhaytechnicals.com/shop/mi-6a-main-flex/","/products/mi-6a-main-flex",989,"mi-6a-main-flex"
"https://abhaytechnicals.com/shop/mi-note-7-main-flex/","/products/mi-note-7-main-flex",990,"mi-note-7-main-flex"
"https://abhaytechnicals.com/shop/mi-a1-main-flex/","/products/mi-a1-main-flex",991,"mi-a1-main-flex"
"https://abhaytechnicals.com/shop/redme-7-y3-main-flex/","/products/redme-7-y3-main-flex",992,"redme-7-y3-main-flex"
"https://abhaytechnicals.com/shop/samsung-m20-main-flex/","/products/samsung-m20-main-flex",993,"samsung-m20-main-flex"
"https://abhaytechnicals.com/shop/samsung-a20-main-flex/","/products/samsung-a20-main-flex",994,"samsung-a20-main-flex"
"https://abhaytechnicals.com/shop/mi-3s-prime-main-flex/","/products/mi-3s-prime-main-flex",995,"mi-3s-prime-main-flex"
"https://abhaytechnicals.com/shop/samsung-a30-main-flex/","/products/samsung-a30-main-flex",996,"samsung-a30-main-flex"
"https://abhaytechnicals.com/shop/samsung-a10s-main-flex/","/products/samsung-a10s-main-flex",997,"samsung-a10s-main-flex"
"https://abhaytechnicals.com/shop/mi-note-9-main-flex/","/products/mi-note-9-main-flex",999,"mi-note-9-main-flex"
"https://abhaytechnicals.com/shop/vivo-y21-2020-main-flex/","/products/vivo-y21-2020-main-flex",1000,"vivo-y21-2020-main-flex"
"https://abhaytechnicals.com/shop/vivo-y20-main-flex/","/products/vivo-y20-main-flex",1001,"vivo-y20-main-flex"
"https://abhaytechnicals.com/shop/vivo-y81-y83-main-flex/","/products/vivo-y81-y83-main-flex",1002,"vivo-y81-y83-main-flex"
"https://abhaytechnicals.com/shop/realme-3-pro-main-flex/","/products/realme-3-pro-main-flex",1003,"realme-3-pro-main-flex"
"https://abhaytechnicals.com/shop/vivo-y91-y95-main-flex/","/products/vivo-y91-y95-main-flex",1005,"vivo-y91-y95-main-flex"
"https://abhaytechnicals.com/shop/mi-note-4-main-flex/","/products/mi-note-4-main-flex",1006,"mi-note-4-main-flex"
"https://abhaytechnicals.com/shop/vivo-y69-main-flex/","/products/vivo-y69-main-flex",1007,"vivo-y69-main-flex"
"https://abhaytechnicals.com/shop/vivo-v5-main-flex/","/products/vivo-v5-main-flex",1008,"vivo-v5-main-flex"
"https://abhaytechnicals.com/shop/realme-3-main-flex/","/products/realme-3-main-flex",1009,"realme-3-main-flex"
"https://abhaytechnicals.com/shop/mi-note-5-main-flex/","/products/mi-note-5-main-flex",1010,"mi-note-5-main-flex"
"https://abhaytechnicals.com/shop/realme-5-main-flex/","/products/realme-5-main-flex",1011,"realme-5-main-flex"
"https://abhaytechnicals.com/shop/oppo-a5s-main-flex/","/products/oppo-a5s-main-flex",1013,"oppo-a5s-main-flex"
"https://abhaytechnicals.com/shop/oppo-f3-main-flex/","/products/oppo-f3-main-flex",1014,"oppo-f3-main-flex"
"https://abhaytechnicals.com/shop/vivo-y51-2020-main-flex/","/products/vivo-y51-2020-main-flex",1015,"vivo-y51-2020-main-flex"
"https://abhaytechnicals.com/shop/oppo-a15-main-flex/","/products/oppo-a15-main-flex",1016,"oppo-a15-main-flex"
"https://abhaytechnicals.com/shop/realme-c1-main-flex/","/products/realme-c1-main-flex",1017,"realme-c1-main-flex"
"https://abhaytechnicals.com/shop/realme-7i-main-flex/","/products/realme-7i-main-flex",1018,"realme-7i-main-flex"
"https://abhaytechnicals.com/shop/oppo-a5-2020-main-flex/","/products/oppo-a5-2020-main-flex",1019,"oppo-a5-2020-main-flex"
"https://abhaytechnicals.com/shop/vivo-y12-y15-main-flex/","/products/vivo-y12-y15-main-flex",1020,"vivo-y12-y15-main-flex"
"https://abhaytechnicals.com/shop/oppo-a54-main-flex/","/products/oppo-a54-main-flex",1021,"oppo-a54-main-flex"
"https://abhaytechnicals.com/shop/realme-c11-main-flex/","/products/realme-c11-main-flex",1022,"realme-c11-main-flex"
"https://abhaytechnicals.com/shop/realme-8-main-flex/","/products/realme-8-main-flex",1023,"realme-8-main-flex"
"https://abhaytechnicals.com/shop/oppo-a52-main-flex/","/products/oppo-a52-main-flex",1024,"oppo-a52-main-flex"
"https://abhaytechnicals.com/shop/realme-c2-main-flex/","/products/realme-c2-main-flex",1025,"realme-c2-main-flex"
"https://abhaytechnicals.com/shop/realme-c25-main-flex/","/products/realme-c25-main-flex",1026,"realme-c25-main-flex"
"https://abhaytechnicals.com/shop/vivo-v11-main-flex/","/products/vivo-v11-main-flex",1027,"vivo-v11-main-flex"
"https://abhaytechnicals.com/shop/oppo-a31-2020-main-flex/","/products/oppo-a31-2020-main-flex",1028,"oppo-a31-2020-main-flex"
"https://abhaytechnicals.com/shop/realme-xt-main-flex/","/products/realme-xt-main-flex",1029,"realme-xt-main-flex"
"https://abhaytechnicals.com/shop/universol-mic/","/products/universol-mic",1030,"universol-mic"
"https://abhaytechnicals.com/shop/jio-5-pin-mic/","/products/jio-5-pin-mic",1031,"jio-5-pin-mic"
"https://abhaytechnicals.com/shop/samsung-j2-mic/","/products/samsung-j2-mic",1032,"samsung-j2-mic"
"https://abhaytechnicals.com/shop/jio-4-pin-mic/","/products/jio-4-pin-mic",1033,"jio-4-pin-mic"
"https://abhaytechnicals.com/shop/oppo-a33-on-off-flex/","/products/oppo-a33-on-off-flex",1038,"oppo-a33-on-off-flex"
"https://abhaytechnicals.com/shop/vivo-y83-on-off-flex/","/products/vivo-y83-on-off-flex",1039,"vivo-y83-on-off-flex"
"https://abhaytechnicals.com/shop/samsung-j7-max-on-off-flex/","/products/samsung-j7-max-on-off-flex",1040,"samsung-j7-max-on-off-flex"
"https://abhaytechnicals.com/shop/mi-y2-on-off-flex/","/products/mi-y2-on-off-flex",1041,"mi-y2-on-off-flex"
"https://abhaytechnicals.com/shop/oppo-a37-on-off-flex/","/products/oppo-a37-on-off-flex",1042,"oppo-a37-on-off-flex"
"https://abhaytechnicals.com/shop/realme-3-on-off-flex/","/products/realme-3-on-off-flex",1043,"realme-3-on-off-flex"
"https://abhaytechnicals.com/shop/mi-5-on-off-flex/","/products/mi-5-on-off-flex",1044,"mi-5-on-off-flex"
"https://abhaytechnicals.com/shop/vivo-y71-on-off-flex/","/products/vivo-y71-on-off-flex",1046,"vivo-y71-on-off-flex"
"https://abhaytechnicals.com/shop/mi-a1-on-off-flex/","/products/mi-a1-on-off-flex",1047,"mi-a1-on-off-flex"
"https://abhaytechnicals.com/shop/mi-6a-on-off-flex/","/products/mi-6a-on-off-flex",1048,"mi-6a-on-off-flex"
"https://abhaytechnicals.com/shop/mi-note-3-side-flex/","/products/mi-note-3-side-flex",1049,"mi-note-3-side-flex"
"https://abhaytechnicals.com/shop/mi-5a-side-flex/","/products/mi-5a-side-flex",1050,"mi-5a-side-flex"
"https://abhaytechnicals.com/shop/lenovo-a6000-side-flex/","/products/lenovo-a6000-side-flex",1051,"lenovo-a6000-side-flex"
"https://abhaytechnicals.com/shop/oppo-a33-2020-ringer-set/","/products/oppo-a33-2020-ringer-set",1065,"oppo-a33-2020-ringer-set"
"https://abhaytechnicals.com/shop/mi-4x-ringer-set/","/products/mi-4x-ringer-set",1066,"mi-4x-ringer-set"
"https://abhaytechnicals.com/shop/mi-5a-ringer-set/","/products/mi-5a-ringer-set",1067,"mi-5a-ringer-set"
"https://abhaytechnicals.com/shop/mi-9-power-ringer-set/","/products/mi-9-power-ringer-set",1068,"mi-9-power-ringer-set"
"https://abhaytechnicals.com/shop/mi-9-prime-ringer-set/","/products/mi-9-prime-ringer-set",1069,"mi-9-prime-ringer-set"
"https://abhaytechnicals.com/shop/mi-a1-ringer-set/","/products/mi-a1-ringer-set",1070,"mi-a1-ringer-set"
"https://abhaytechnicals.com/shop/mi-note-6-ringer-set/","/products/mi-note-6-ringer-set",1071,"mi-note-6-ringer-set"
"https://abhaytechnicals.com/shop/mi-6a-ringer-set/","/products/mi-6a-ringer-set",1072,"mi-6a-ringer-set"
"https://abhaytechnicals.com/shop/mi-7a-ringer-set/","/products/mi-7a-ringer-set",1073,"mi-7a-ringer-set"
"https://abhaytechnicals.com/shop/mi-8a-ringer-set/","/products/mi-8a-ringer-set",1074,"mi-8a-ringer-set"
"https://abhaytechnicals.com/shop/mi-note-4-ringer-set/","/products/mi-note-4-ringer-set",1075,"mi-note-4-ringer-set"
"https://abhaytechnicals.com/shop/mi-note-5-ringer-set/","/products/mi-note-5-ringer-set",1076,"mi-note-5-ringer-set"
"https://abhaytechnicals.com/shop/vivo-y55ringer-set/","/products/vivo-y55ringer-set",1114,"vivo-y55ringer-set"
"https://abhaytechnicals.com/shop/vivo-y53-ringer-set/","/products/vivo-y53-ringer-set",1115,"vivo-y53-ringer-set"
"https://abhaytechnicals.com/shop/vivo-y51-ringer-set/","/products/vivo-y51-ringer-set",1116,"vivo-y51-ringer-set"
"https://abhaytechnicals.com/shop/vivo-y20-ringer-set/","/products/vivo-y20-ringer-set",1117,"vivo-y20-ringer-set"
"https://abhaytechnicals.com/shop/realme-c2-ringer-set/","/products/realme-c2-ringer-set",1118,"realme-c2-ringer-set"
"https://abhaytechnicals.com/shop/oppo-a5s-ringer-set/","/products/oppo-a5s-ringer-set",1119,"oppo-a5s-ringer-set"
"https://abhaytechnicals.com/shop/oppo-a37-ringer-set/","/products/oppo-a37-ringer-set",1120,"oppo-a37-ringer-set"
"https://abhaytechnicals.com/shop/oppo-a33-ringer-set/","/products/oppo-a33-ringer-set",1121,"oppo-a33-ringer-set"
"https://abhaytechnicals.com/shop/nokia-6-1-ringer-set/","/products/nokia-6-1-ringer-set",1122,"nokia-6-1-ringer-set"
"https://abhaytechnicals.com/shop/nokia-5-1-ringer-set/","/products/nokia-5-1-ringer-set",1123,"nokia-5-1-ringer-set"
"https://abhaytechnicals.com/shop/mi-y1-ringer-set/","/products/mi-y1-ringer-set",1124,"mi-y1-ringer-set"
"https://abhaytechnicals.com/shop/mi-note-7-ringer-set/","/products/mi-note-7-ringer-set",1125,"mi-note-7-ringer-set"
"https://abhaytechnicals.com/shop/vivo-universol-ringer/","/products/vivo-universol-ringer",1126,"vivo-universol-ringer"
"https://abhaytechnicals.com/shop/mi-4a-ringer/","/products/mi-4a-ringer",1127,"mi-4a-ringer"
"https://abhaytechnicals.com/shop/mi-5a-ringer/","/products/mi-5a-ringer",1128,"mi-5a-ringer"
"https://abhaytechnicals.com/shop/jio-ringer/","/products/jio-ringer",1129,"jio-ringer"
"https://abhaytechnicals.com/shop/samsung-1200-ringer/","/products/samsung-1200-ringer",1130,"samsung-1200-ringer"
"https://abhaytechnicals.com/shop/nokia-105-ringer/","/products/nokia-105-ringer",1131,"nokia-105-ringer"
"https://abhaytechnicals.com/shop/nokia-3110-ringer/","/products/nokia-3110-ringer",1132,"nokia-3110-ringer"
"https://abhaytechnicals.com/shop/vivo-y12-ringer-set/","/products/vivo-y12-ringer-set",1133,"vivo-y12-ringer-set"
"https://abhaytechnicals.com/shop/vivo-y91-ringer-set/","/products/vivo-y91-ringer-set",1134,"vivo-y91-ringer-set"
"https://abhaytechnicals.com/shop/vivo-y81-ringer-set/","/products/vivo-y81-ringer-set",1135,"vivo-y81-ringer-set"
"https://abhaytechnicals.com/shop/vivo-y71-ringer-set/","/products/vivo-y71-ringer-set",1136,"vivo-y71-ringer-set"
"https://abhaytechnicals.com/shop/oppo-a1k-on-off-flex/","/products/oppo-a1k-on-off-flex",1138,"oppo-a1k-on-off-flex"
"https://abhaytechnicals.com/shop/vivo-y12-on-off-flex/","/products/vivo-y12-on-off-flex",1139,"vivo-y12-on-off-flex"
"https://abhaytechnicals.com/shop/mi-note-5-on-off-flex/","/products/mi-note-5-on-off-flex",1140,"mi-note-5-on-off-flex"
"https://abhaytechnicals.com/shop/lenovo-a7000-on-off-flex/","/products/lenovo-a7000-on-off-flex",1141,"lenovo-a7000-on-off-flex"
"https://abhaytechnicals.com/shop/vivo-y21l-on-off-flex/","/products/vivo-y21l-on-off-flex",1142,"vivo-y21l-on-off-flex"
"https://abhaytechnicals.com/shop/vivo-y53-on-off-flex/","/products/vivo-y53-on-off-flex",1143,"vivo-y53-on-off-flex"
"https://abhaytechnicals.com/shop/nokia-6-1-on-off-flex/","/products/nokia-6-1-on-off-flex",1144,"nokia-6-1-on-off-flex"
"https://abhaytechnicals.com/shop/nokia-5-on-off-flex/","/products/nokia-5-on-off-flex",1145,"nokia-5-on-off-flex"
"https://abhaytechnicals.com/shop/mi-8a-on-off-flex/","/products/mi-8a-on-off-flex",1146,"mi-8a-on-off-flex"
"https://abhaytechnicals.com/shop/vivo-v5-on-off-flex/","/products/vivo-v5-on-off-flex",1147,"vivo-v5-on-off-flex"
"https://abhaytechnicals.com/shop/vivo-y81-on-off-flex/","/products/vivo-y81-on-off-flex",1148,"vivo-y81-on-off-flex"
"https://abhaytechnicals.com/shop/oppo-a71-on-off-flex/","/products/oppo-a71-on-off-flex",1149,"oppo-a71-on-off-flex"
"https://abhaytechnicals.com/shop/vivo-y51-on-off-flex/","/products/vivo-y51-on-off-flex",1150,"vivo-y51-on-off-flex"
"https://abhaytechnicals.com/shop/oppo-a1k-on-off-flex-2/","/products/oppo-a1k-on-off-flex-2",1188,"oppo-a1k-on-off-flex-2"
"https://abhaytechnicals.com/shop/mi-y3-on-off-flex/","/products/mi-y3-on-off-flex",1189,"mi-y3-on-off-flex"
"https://abhaytechnicals.com/shop/realme-5-pro-on-off-flex/","/products/realme-5-pro-on-off-flex",1190,"realme-5-pro-on-off-flex"
"https://abhaytechnicals.com/shop/mi-y1-on-off-flex/","/products/mi-y1-on-off-flex",1191,"mi-y1-on-off-flex"
"https://abhaytechnicals.com/shop/nokia-5-1-on-off-flex/","/products/nokia-5-1-on-off-flex",1192,"nokia-5-1-on-off-flex"
"https://abhaytechnicals.com/shop/samsung-a50-on-off-flex/","/products/samsung-a50-on-off-flex",1193,"samsung-a50-on-off-flex"
"https://abhaytechnicals.com/shop/oppo-a3s-on-off-flex/","/products/oppo-a3s-on-off-flex",1194,"oppo-a3s-on-off-flex"
"https://abhaytechnicals.com/shop/mi-go-on-off-flex/","/products/mi-go-on-off-flex",1195,"mi-go-on-off-flex"
"https://abhaytechnicals.com/shop/vivk-y55-on-off-flex/","/products/vivk-y55-on-off-flex",1196,"vivk-y55-on-off-flex"
"https://abhaytechnicals.com/shop/mi-note-4-on-off-flex/","/products/mi-note-4-on-off-flex",1197,"mi-note-4-on-off-flex"
"https://abhaytechnicals.com/shop/realme-5-on-off-flex/","/products/realme-5-on-off-flex",1198,"realme-5-on-off-flex"
"https://abhaytechnicals.com/shop/oca-matchine/","/products/oca-matchine",1200,"oca-matchine"
"https://abhaytechnicals.com/shop/samsung-b310-display/","/products/samsung-b310-display",1202,"samsung-b310-display"
"https://abhaytechnicals.com/shop/mi-9a-charging-flex-orignal/","/products/mi-9a-charging-flex-orignal",1206,"mi-9a-charging-flex-orignal"
"https://abhaytechnicals.com/shop/mi-9-power-charging-flex-orignal/","/products/mi-9-power-charging-flex-orignal",1207,"mi-9-power-charging-flex-orignal"
"https://abhaytechnicals.com/shop/realme-xt-charging-flex-orignal/","/products/realme-xt-charging-flex-orignal",1208,"realme-xt-charging-flex-orignal"
"https://abhaytechnicals.com/shop/vivo-y53-charging-flex-orignal/","/products/vivo-y53-charging-flex-orignal",1209,"vivo-y53-charging-flex-orignal"
"https://abhaytechnicals.com/shop/samsung-a30-charging-flex-orignal/","/products/samsung-a30-charging-flex-orignal",1210,"samsung-a30-charging-flex-orignal"
"https://abhaytechnicals.com/shop/vivo-y55-charging-flex-orignal/","/products/vivo-y55-charging-flex-orignal",1211,"vivo-y55-charging-flex-orignal"
"https://abhaytechnicals.com/shop/vivo-y11-charging-flex-orignal/","/products/vivo-y11-charging-flex-orignal",1212,"vivo-y11-charging-flex-orignal"
"https://abhaytechnicals.com/shop/vivo-y12-charging-flex-orignal/","/products/vivo-y12-charging-flex-orignal",1213,"vivo-y12-charging-flex-orignal"
"https://abhaytechnicals.com/shop/vivo-v5-charging-flex-orignal/","/products/vivo-v5-charging-flex-orignal",1214,"vivo-v5-charging-flex-orignal"
"https://abhaytechnicals.com/shop/mi-4a-charging-flex-orignal/","/products/mi-4a-charging-flex-orignal",1215,"mi-4a-charging-flex-orignal"
"https://abhaytechnicals.com/shop/mi-y1-charging-flex-orignal/","/products/mi-y1-charging-flex-orignal",1216,"mi-y1-charging-flex-orignal"
"https://abhaytechnicals.com/shop/mi-6-pro-charging-flex-orignal/","/products/mi-6-pro-charging-flex-orignal",1217,"mi-6-pro-charging-flex-orignal"
"https://abhaytechnicals.com/shop/samsung-m30-charging-flex-orignal/","/products/samsung-m30-charging-flex-orignal",1218,"samsung-m30-charging-flex-orignal"
"https://abhaytechnicals.com/shop/samsung-a50-charging-flex-orignal/","/products/samsung-a50-charging-flex-orignal",1219,"samsung-a50-charging-flex-orignal"
"https://abhaytechnicals.com/shop/mi-note-5-pro-back-panel/","/products/mi-note-5-pro-back-panel",1234,"mi-note-5-pro-back-panel"
"https://abhaytechnicals.com/shop/mi-note-5-back-panel/","/products/mi-note-5-back-panel",1235,"mi-note-5-back-panel"
"https://abhaytechnicals.com/shop/nokia-6-1-back-panel/","/products/nokia-6-1-back-panel",1236,"nokia-6-1-back-panel"
"https://abhaytechnicals.com/shop/mi-y2-back-panel/","/products/mi-y2-back-panel",1237,"mi-y2-back-panel"
"https://abhaytechnicals.com/shop/mi-note-7-back-panel/","/products/mi-note-7-back-panel",1239,"mi-note-7-back-panel"
"https://abhaytechnicals.com/shop/mi-9a-back-panel/","/products/mi-9a-back-panel",1240,"mi-9a-back-panel"
"https://abhaytechnicals.com/shop/mi-4x-back-panel/","/products/mi-4x-back-panel",1241,"mi-4x-back-panel"
"https://abhaytechnicals.com/shop/honor-9n-back-panel/","/products/honor-9n-back-panel",1242,"honor-9n-back-panel"
"https://abhaytechnicals.com/shop/honor-9-lite-back-panel/","/products/honor-9-lite-back-panel",1243,"honor-9-lite-back-panel"
"https://abhaytechnicals.com/shop/honor-10-lite-back-panel/","/products/honor-10-lite-back-panel",1244,"honor-10-lite-back-panel"
"https://abhaytechnicals.com/shop/oppo-a1k-back-panel/","/products/oppo-a1k-back-panel",1245,"oppo-a1k-back-panel"
"https://abhaytechnicals.com/shop/mi-8a-back-panel/","/products/mi-8a-back-panel",1246,"mi-8a-back-panel"
"https://abhaytechnicals.com/shop/mi-6a-back-panel/","/products/mi-6a-back-panel",1247,"mi-6a-back-panel"
"https://abhaytechnicals.com/shop/mi-5a-back-panel/","/products/mi-5a-back-panel",1248,"mi-5a-back-panel"
"https://abhaytechnicals.com/shop/vivo-y95-back-panel/","/products/vivo-y95-back-panel",1312,"vivo-y95-back-panel"
"https://abhaytechnicals.com/shop/vivo-y91-back-panel/","/products/vivo-y91-back-panel",1313,"vivo-y91-back-panel"
"https://abhaytechnicals.com/shop/mi-4a-back-panel/","/products/mi-4a-back-panel",1314,"mi-4a-back-panel"
"https://abhaytechnicals.com/shop/vivo-y66-back-panel/","/products/vivo-y66-back-panel",1315,"vivo-y66-back-panel"
"https://abhaytechnicals.com/shop/vivo-y69-back-panel/","/products/vivo-y69-back-panel",1316,"vivo-y69-back-panel"
"https://abhaytechnicals.com/shop/vivo-y55-back-panel/","/products/vivo-y55-back-panel",1317,"vivo-y55-back-panel"
"https://abhaytechnicals.com/shop/vivo-y53-back-panel/","/products/vivo-y53-back-panel",1318,"vivo-y53-back-panel"
"https://abhaytechnicals.com/shop/vivo-y12-back-panel/","/products/vivo-y12-back-panel",1320,"vivo-y12-back-panel"
"https://abhaytechnicals.com/shop/vivo-y21-back-panel/","/products/vivo-y21-back-panel",1321,"vivo-y21-back-panel"
"https://abhaytechnicals.com/shop/vivo-v5-back-panel/","/products/vivo-v5-back-panel",1322,"vivo-v5-back-panel"
"https://abhaytechnicals.com/shop/realme-5-back-panel/","/products/realme-5-back-panel",1323,"realme-5-back-panel"
"https://abhaytechnicals.com/shop/realme-c2-back-panel/","/products/realme-c2-back-panel",1324,"realme-c2-back-panel"
"https://abhaytechnicals.com/shop/realme-c15-back-panel/","/products/realme-c15-back-panel",1325,"realme-c15-back-panel"
"https://abhaytechnicals.com/shop/realme-c11-back-panel/","/products/realme-c11-back-panel",1326,"realme-c11-back-panel"
"https://abhaytechnicals.com/shop/realme-3-back-panel/","/products/realme-3-back-panel",1327,"realme-3-back-panel"
"https://abhaytechnicals.com/shop/realme-2-back-panel/","/products/realme-2-back-panel",1328,"realme-2-back-panel"
"https://abhaytechnicals.com/shop/oppo-a37-back-panel/","/products/oppo-a37-back-panel",1329,"oppo-a37-back-panel"
"https://abhaytechnicals.com/shop/oppo-a71-back-panel/","/products/oppo-a71-back-panel",1333,"oppo-a71-back-panel"
"https://abhaytechnicals.com/shop/oppo-a83-back-panel/","/products/oppo-a83-back-panel",1334,"oppo-a83-back-panel"
"https://abhaytechnicals.com/shop/oppo-a57-back-panel/","/products/oppo-a57-back-panel",1335,"oppo-a57-back-panel"
"https://abhaytechnicals.com/shop/mi-note-8-back-panel-2/","/products/mi-note-8-back-panel-2",1336,"mi-note-8-back-panel-2"
"https://abhaytechnicals.com/shop/realme-xt-back-panel/","/products/realme-xt-back-panel",1337,"realme-xt-back-panel"
"https://abhaytechnicals.com/shop/mi-note-9-pro-back-panel/","/products/mi-note-9-pro-back-panel",1338,"mi-note-9-pro-back-panel"
"https://abhaytechnicals.com/shop/mi-note-8-pro-back-panel/","/products/mi-note-8-pro-back-panel",1339,"mi-note-8-pro-back-panel"
"https://abhaytechnicals.com/shop/vivo-y51-full-body/","/products/vivo-y51-full-body",1340,"vivo-y51-full-body"
"https://abhaytechnicals.com/shop/vivo-y81-back-panel/","/products/vivo-y81-back-panel",1341,"vivo-y81-back-panel"
"https://abhaytechnicals.com/shop/vivo-y83-back-panel/","/products/vivo-y83-back-panel",1342,"vivo-y83-back-panel"
"https://abhaytechnicals.com/shop/oppo-a3s-back-panel/","/products/oppo-a3s-back-panel",1343,"oppo-a3s-back-panel"
"https://abhaytechnicals.com/shop/mi-5-back-panel/","/products/mi-5-back-panel",1344,"mi-5-back-panel"
"https://abhaytechnicals.com/shop/mi-6-pro-back-panel/","/products/mi-6-pro-back-panel",1345,"mi-6-pro-back-panel"
"https://abhaytechnicals.com/shop/mi-7a-back-panel/","/products/mi-7a-back-panel",1346,"mi-7a-back-panel"
"https://abhaytechnicals.com/shop/samsung-a20-charging-flex-orignal/","/products/samsung-a20-charging-flex-orignal",1349,"samsung-a20-charging-flex-orignal"
"https://abhaytechnicals.com/shop/samsung-a50s-charging-flex-orignal/","/products/samsung-a50s-charging-flex-orignal",1350,"samsung-a50s-charging-flex-orignal"
"https://abhaytechnicals.com/shop/samsung-m20-charging-flex-orignal/","/products/samsung-m20-charging-flex-orignal",1351,"samsung-m20-charging-flex-orignal"
"https://abhaytechnicals.com/shop/vivo-y91-y95-charging-flex-orignal/","/products/vivo-y91-y95-charging-flex-orignal",1352,"vivo-y91-y95-charging-flex-orignal"
"https://abhaytechnicals.com/shop/vivo-y83-charging-flex-orignal/","/products/vivo-y83-charging-flex-orignal",1353,"vivo-y83-charging-flex-orignal"
"https://abhaytechnicals.com/shop/samsung-a20s-charging-flex-orignal/","/products/samsung-a20s-charging-flex-orignal",1354,"samsung-a20s-charging-flex-orignal"
"https://abhaytechnicals.com/shop/mi-note-5-pro-charging-flex-orignal/","/products/mi-note-5-pro-charging-flex-orignal",1355,"mi-note-5-pro-charging-flex-orignal"
"https://abhaytechnicals.com/shop/mi-a1-charging-flex-orignal/","/products/mi-a1-charging-flex-orignal",1356,"mi-a1-charging-flex-orignal"
"https://abhaytechnicals.com/shop/samsung-a01-charging-flex-orignal/","/products/samsung-a01-charging-flex-orignal",1357,"samsung-a01-charging-flex-orignal"
"https://abhaytechnicals.com/shop/mi-note-7-pro-charging-flex-orignal/","/products/mi-note-7-pro-charging-flex-orignal",1358,"mi-note-7-pro-charging-flex-orignal"
"https://abhaytechnicals.com/shop/tecno-6-air-orignal-charging-flex/","/products/tecno-6-air-orignal-charging-flex",1359,"tecno-6-air-orignal-charging-flex"
"https://abhaytechnicals.com/shop/mi-note-4-orignal-charging-flex/","/products/mi-note-4-orignal-charging-flex",1360,"mi-note-4-orignal-charging-flex"
"https://abhaytechnicals.com/shop/infinix-hot-8-orignal-charging-flex/","/products/infinix-hot-8-orignal-charging-flex",1361,"infinix-hot-8-orignal-charging-flex"
"https://abhaytechnicals.com/shop/tecno-ke5-orignal-charging-flex/","/products/tecno-ke5-orignal-charging-flex",1362,"tecno-ke5-orignal-charging-flex"
"https://abhaytechnicals.com/shop/infinix-hot-9-orignal-charging-flex/","/products/infinix-hot-9-orignal-charging-flex",1363,"infinix-hot-9-orignal-charging-flex"
"https://abhaytechnicals.com/shop/mi-note-3-charging-flex-orignal/","/products/mi-note-3-charging-flex-orignal",1364,"mi-note-3-charging-flex-orignal"
"https://abhaytechnicals.com/shop/mi-4x-charging-flex-orignal/","/products/mi-4x-charging-flex-orignal",1365,"mi-4x-charging-flex-orignal"
"https://abhaytechnicals.com/shop/realme-c2-charging-flex-orignal/","/products/realme-c2-charging-flex-orignal",1367,"realme-c2-charging-flex-orignal"
"https://abhaytechnicals.com/shop/mi-8a-midil-panel/","/products/mi-8a-midil-panel",1368,"mi-8a-midil-panel"
"https://abhaytechnicals.com/shop/mi-7a-midil-panel/","/products/mi-7a-midil-panel",1369,"mi-7a-midil-panel"
"https://abhaytechnicals.com/shop/infinix-hot-8-midil-panel/","/products/infinix-hot-8-midil-panel",1371,"infinix-hot-8-midil-panel"
"https://abhaytechnicals.com/shop/oppo-a83-midil-panel/","/products/oppo-a83-midil-panel",1372,"oppo-a83-midil-panel"
"https://abhaytechnicals.com/shop/oppo-a71-midil-panel/","/products/oppo-a71-midil-panel",1373,"oppo-a71-midil-panel"
"https://abhaytechnicals.com/shop/oppo-a57-midil-panel/","/products/oppo-a57-midil-panel",1374,"oppo-a57-midil-panel"
"https://abhaytechnicals.com/shop/oppo-a3s-midil-panel/","/products/oppo-a3s-midil-panel",1375,"oppo-a3s-midil-panel"
"https://abhaytechnicals.com/shop/oppo-a37-midil-panel/","/products/oppo-a37-midil-panel",1376,"oppo-a37-midil-panel"
"https://abhaytechnicals.com/shop/samsung-a10-midil-panel/","/products/samsung-a10-midil-panel",1377,"samsung-a10-midil-panel"
"https://abhaytechnicals.com/shop/mi-6a-midil-panel/","/products/mi-6a-midil-panel",1378,"mi-6a-midil-panel"
"https://abhaytechnicals.com/shop/mi-5a-midil-panel/","/products/mi-5a-midil-panel",1379,"mi-5a-midil-panel"
"https://abhaytechnicals.com/shop/mi-4x-midil-panel/","/products/mi-4x-midil-panel",1380,"mi-4x-midil-panel"
"https://abhaytechnicals.com/shop/mi-4a-midil-panel/","/products/mi-4a-midil-panel",1381,"mi-4a-midil-panel"
"https://abhaytechnicals.com/shop/mi-3s-prime-midil-panel/","/products/mi-3s-prime-midil-panel",1382,"mi-3s-prime-midil-panel"
"https://abhaytechnicals.com/shop/realme-c11-midil-panel/","/products/realme-c11-midil-panel",1442,"realme-c11-midil-panel"
"https://abhaytechnicals.com/shop/realme-6-midil-panel/","/products/realme-6-midil-panel",1445,"realme-6-midil-panel"
"https://abhaytechnicals.com/shop/realme-5-midil-panel/","/products/realme-5-midil-panel",1446,"realme-5-midil-panel"
"https://abhaytechnicals.com/shop/realme-3-midil-panel/","/products/realme-3-midil-panel",1447,"realme-3-midil-panel"
"https://abhaytechnicals.com/shop/realme-2-pro-midil-panel/","/products/realme-2-pro-midil-panel",1448,"realme-2-pro-midil-panel"
"https://abhaytechnicals.com/shop/realme-2-midil-panel/","/products/realme-2-midil-panel",1449,"realme-2-midil-panel"
"https://abhaytechnicals.com/shop/mi-note-7-midil-panel/","/products/mi-note-7-midil-panel",1450,"mi-note-7-midil-panel"
"https://abhaytechnicals.com/shop/mi-note-6-pro-midil-panel/","/products/mi-note-6-pro-midil-panel",1451,"mi-note-6-pro-midil-panel"
"https://abhaytechnicals.com/shop/mi-note-5-pro-midil-panel/","/products/mi-note-5-pro-midil-panel",1452,"mi-note-5-pro-midil-panel"
"https://abhaytechnicals.com/shop/mi-note-5-midil-panel/","/products/mi-note-5-midil-panel",1453,"mi-note-5-midil-panel"
"https://abhaytechnicals.com/shop/mi-note-4-midil-panel/","/products/mi-note-4-midil-panel",1454,"mi-note-4-midil-panel"
"https://abhaytechnicals.com/shop/mi-note-3-midil-panel/","/products/mi-note-3-midil-panel",1455,"mi-note-3-midil-panel"
"https://abhaytechnicals.com/shop/mi-a1-midil-panel/","/products/mi-a1-midil-panel",1456,"mi-a1-midil-panel"
"https://abhaytechnicals.com/shop/mi-9a-midil-panel/","/products/mi-9a-midil-panel",1457,"mi-9a-midil-panel"
"https://abhaytechnicals.com/shop/vivo-y51-midil-panel/","/products/vivo-y51-midil-panel",1458,"vivo-y51-midil-panel"
"https://abhaytechnicals.com/shop/vivo-y20-midil-panel/","/products/vivo-y20-midil-panel",1459,"vivo-y20-midil-panel"
"https://abhaytechnicals.com/shop/mi-y2-midil-panel/","/products/mi-y2-midil-panel",1460,"mi-y2-midil-panel"
"https://abhaytechnicals.com/shop/vivo-y19-midil-panel/","/products/vivo-y19-midil-panel",1461,"vivo-y19-midil-panel"
"https://abhaytechnicals.com/shop/vivo-y12-midil-panel/","/products/vivo-y12-midil-panel",1462,"vivo-y12-midil-panel"
"https://abhaytechnicals.com/shop/mi-y1-midil-panel/","/products/mi-y1-midil-panel",1463,"mi-y1-midil-panel"
"https://abhaytechnicals.com/shop/vivo-v9-midil-panel/","/products/vivo-v9-midil-panel",1464,"vivo-v9-midil-panel"
"https://abhaytechnicals.com/shop/vivo-v5-midil-panel/","/products/vivo-v5-midil-panel",1465,"vivo-v5-midil-panel"
"https://abhaytechnicals.com/shop/vivo-v11-pro-midil-panel/","/products/vivo-v11-pro-midil-panel",1466,"vivo-v11-pro-midil-panel"
"https://abhaytechnicals.com/shop/vivo-v11-midil-panel/","/products/vivo-v11-midil-panel",1467,"vivo-v11-midil-panel"
"https://abhaytechnicals.com/shop/tecno-spark-6-air-midil-panel/","/products/tecno-spark-6-air-midil-panel",1468,"tecno-spark-6-air-midil-panel"
"https://abhaytechnicals.com/shop/realme-c20-midil-panel/","/products/realme-c20-midil-panel",1469,"realme-c20-midil-panel"
"https://abhaytechnicals.com/shop/realme-c2-midil-panel/","/products/realme-c2-midil-panel",1470,"realme-c2-midil-panel"
"https://abhaytechnicals.com/shop/realme-c15-midil-panel/","/products/realme-c15-midil-panel",1471,"realme-c15-midil-panel"
"https://abhaytechnicals.com/shop/realme-c12-midil-panel/","/products/realme-c12-midil-panel",1472,"realme-c12-midil-panel"
"https://abhaytechnicals.com/shop/vivo-y91-midil-panel/","/products/vivo-y91-midil-panel",1473,"vivo-y91-midil-panel"
"https://abhaytechnicals.com/shop/vivo-y83-midil-panel/","/products/vivo-y83-midil-panel",1474,"vivo-y83-midil-panel"
"https://abhaytechnicals.com/shop/vivo-y81-midil-panel/","/products/vivo-y81-midil-panel",1475,"vivo-y81-midil-panel"
"https://abhaytechnicals.com/shop/vivo-y71-midil-panel/","/products/vivo-y71-midil-panel",1476,"vivo-y71-midil-panel"
"https://abhaytechnicals.com/shop/vivo-y53-midil-panel/","/products/vivo-y53-midil-panel",1477,"vivo-y53-midil-panel"
"https://abhaytechnicals.com/shop/moto-one-power-oca-touch-glass/","/products/moto-one-power-oca-touch-glass",1479,"moto-one-power-oca-touch-glass"
"https://abhaytechnicals.com/shop/infinix-hot-8-oca-touch-glass/","/products/infinix-hot-8-oca-touch-glass",1491,"infinix-hot-8-oca-touch-glass"
"https://abhaytechnicals.com/shop/vivo-v9-oca-touch-glass/","/products/vivo-v9-oca-touch-glass",1560,"vivo-v9-oca-touch-glass"
"https://abhaytechnicals.com/shop/mi-note-6-pro-oca-touch-glass/","/products/mi-note-6-pro-oca-touch-glass",1577,"mi-note-6-pro-oca-touch-glass"
"https://abhaytechnicals.com/shop/vivo-v11-pro-oca-touch-glass/","/products/vivo-v11-pro-oca-touch-glass",1579,"vivo-v11-pro-oca-touch-glass"
"https://abhaytechnicals.com/shop/samsung-a10s-oca-touch-glass/","/products/samsung-a10s-oca-touch-glass",1582,"samsung-a10s-oca-touch-glass"
"https://abhaytechnicals.com/shop/vivo-y71-oca-touch-glass/","/products/vivo-y71-oca-touch-glass",1587,"vivo-y71-oca-touch-glass"
"https://abhaytechnicals.com/shop/mi-note-9-back-panel/","/products/mi-note-9-back-panel",1994,"mi-note-9-back-panel"
"https://abhaytechnicals.com/shop/mi-y1-back-panel/","/products/mi-y1-back-panel",1995,"mi-y1-back-panel"
"https://abhaytechnicals.com/shop/mi-8a-dual-back-panel/","/products/mi-8a-dual-back-panel",1996,"mi-8a-dual-back-panel"
"https://abhaytechnicals.com/shop/mi-8-back-panel/","/products/mi-8-back-panel",1997,"mi-8-back-panel"
"https://abhaytechnicals.com/shop/mi-7-back-panel/","/products/mi-7-back-panel",1998,"mi-7-back-panel"
"https://abhaytechnicals.com/shop/mi-note-6-pro-back-panel/","/products/mi-note-6-pro-back-panel",1999,"mi-note-6-pro-back-panel"
"https://abhaytechnicals.com/shop/mi-a3-back-panel/","/products/mi-a3-back-panel",2000,"mi-a3-back-panel"
"https://abhaytechnicals.com/shop/mi-note-4-back-panel/","/products/mi-note-4-back-panel",2001,"mi-note-4-back-panel"
"https://abhaytechnicals.com/shop/realme-2-pro-back-panel/","/products/realme-2-pro-back-panel",2002,"realme-2-pro-back-panel"
"https://abhaytechnicals.com/shop/oppo-a5s-back-panel/","/products/oppo-a5s-back-panel",2003,"oppo-a5s-back-panel"
"https://abhaytechnicals.com/shop/realme-c12-back-panel/","/products/realme-c12-back-panel",2013,"realme-c12-back-panel"
"https://abhaytechnicals.com/shop/realme-c3-back-panel/","/products/realme-c3-back-panel",2014,"realme-c3-back-panel"
"https://abhaytechnicals.com/shop/oppo-f7-back-panel/","/products/oppo-f7-back-panel",2015,"oppo-f7-back-panel"
"https://abhaytechnicals.com/shop/realme-7i-back-panel/","/products/realme-7i-back-panel",2016,"realme-7i-back-panel"
"https://abhaytechnicals.com/shop/vivo-y91i-back-panel/","/products/vivo-y91i-back-panel",2024,"vivo-y91i-back-panel"
"https://abhaytechnicals.com/shop/vivo-y20-back-panel/","/products/vivo-y20-back-panel",2026,"vivo-y20-back-panel"
"https://abhaytechnicals.com/shop/vivo-y83-pro/","/products/vivo-y83-pro",2027,"vivo-y83-pro"
"https://abhaytechnicals.com/shop/vivo-s1-back-panel/","/products/vivo-s1-back-panel",2028,"vivo-s1-back-panel"
"https://abhaytechnicals.com/shop/vivo-v15-back-panel/","/products/vivo-v15-back-panel",2034,"vivo-v15-back-panel"
"https://abhaytechnicals.com/shop/vivo-y21-2020-back-panel/","/products/vivo-y21-2020-back-panel",2035,"vivo-y21-2020-back-panel"
"https://abhaytechnicals.com/shop/nokia-5-1-back-panel/","/products/nokia-5-1-back-panel",2038,"nokia-5-1-back-panel"
"https://abhaytechnicals.com/shop/infinix-hot-8-play-back-panel/","/products/infinix-hot-8-play-back-panel",2039,"infinix-hot-8-play-back-panel"
"https://abhaytechnicals.com/shop/honer-8-lite-back-panel/","/products/honer-8-lite-back-panel",2040,"honer-8-lite-back-panel"
"https://abhaytechnicals.com/shop/infinix-hot-8-back-panel/","/products/infinix-hot-8-back-panel",2041,"infinix-hot-8-back-panel"
"https://abhaytechnicals.com/shop/mi-note-10-pro-middil-panel/","/products/mi-note-10-pro-middil-panel",2051,"mi-note-10-pro-middil-panel"
"https://abhaytechnicals.com/shop/mi-9-prime-middil-panel/","/products/mi-9-prime-middil-panel",2053,"mi-9-prime-middil-panel"
"https://abhaytechnicals.com/shop/oppo-a5-2020-middil-panel/","/products/oppo-a5-2020-middil-panel",2065,"oppo-a5-2020-middil-panel"
"https://abhaytechnicals.com/shop/mi-note-10-middil-panel/","/products/mi-note-10-middil-panel",2069,"mi-note-10-middil-panel"
"https://abhaytechnicals.com/shop/mi-go-middil-panel/","/products/mi-go-middil-panel",2071,"mi-go-middil-panel"
"https://abhaytechnicals.com/shop/oppo-f3-middil-panel/","/products/oppo-f3-middil-panel",2072,"oppo-f3-middil-panel"
"https://abhaytechnicals.com/shop/oppo-a5s-middil-panel/","/products/oppo-a5s-middil-panel",2073,"oppo-a5s-middil-panel"
"https://abhaytechnicals.com/shop/realme-3-pro-middil-panel/","/products/realme-3-pro-middil-panel",2074,"realme-3-pro-middil-panel"
"https://abhaytechnicals.com/shop/realme-5-pro-middil-panel/","/products/realme-5-pro-middil-panel",2075,"realme-5-pro-middil-panel"
"https://abhaytechnicals.com/shop/oppo-f7-middil-panel/","/products/oppo-f7-middil-panel",2076,"oppo-f7-middil-panel"
"https://abhaytechnicals.com/shop/oppo-a52-middil-panel/","/products/oppo-a52-middil-panel",2077,"oppo-a52-middil-panel"
"https://abhaytechnicals.com/shop/oppo-a15-middil-panel/","/products/oppo-a15-middil-panel",2078,"oppo-a15-middil-panel"
"https://abhaytechnicals.com/shop/realme-c35-midil-panel/","/products/realme-c35-midil-panel",2089,"realme-c35-midil-panel"
"https://abhaytechnicals.com/shop/realme-c25-midil-panel/","/products/realme-c25-midil-panel",2090,"realme-c25-midil-panel"
"https://abhaytechnicals.com/shop/redmi-7i-midil-panel/","/products/redmi-7i-midil-panel",2091,"redmi-7i-midil-panel"
"https://abhaytechnicals.com/shop/oppo-f1s-midil-panel/","/products/oppo-f1s-midil-panel",2092,"oppo-f1s-midil-panel"
"https://abhaytechnicals.com/shop/realme-c21y-midil-panel/","/products/realme-c21y-midil-panel",2093,"realme-c21y-midil-panel"
"https://abhaytechnicals.com/shop/vivo-y69-midil-panel/","/products/vivo-y69-midil-panel",2094,"vivo-y69-midil-panel"
"https://abhaytechnicals.com/shop/vivo-y21-2020-midil-panel/","/products/vivo-y21-2020-midil-panel",2095,"vivo-y21-2020-midil-panel"
"https://abhaytechnicals.com/shop/vivo-y55-midil-panel/","/products/vivo-y55-midil-panel",2096,"vivo-y55-midil-panel"
"https://abhaytechnicals.com/shop/vivo-y50-y30-midil-panel/","/products/vivo-y50-y30-midil-panel",2097,"vivo-y50-y30-midil-panel"
"https://abhaytechnicals.com/shop/tecno-spark-5-pro-midil-panel/","/products/tecno-spark-5-pro-midil-panel",2098,"tecno-spark-5-pro-midil-panel"
"https://abhaytechnicals.com/shop/samsung-j7-prime-midil-panel/","/products/samsung-j7-prime-midil-panel",2099,"samsung-j7-prime-midil-panel"
"https://abhaytechnicals.com/shop/tecno-ke5-midil-panel/","/products/tecno-ke5-midil-panel",2100,"tecno-ke5-midil-panel"
"https://abhaytechnicals.com/shop/tecno-bb4k-midil-panel/","/products/tecno-bb4k-midil-panel",2101,"tecno-bb4k-midil-panel"
"https://abhaytechnicals.com/shop/8w-solding-iron/","/products/8w-solding-iron",2161,"8w-solding-iron"
"https://abhaytechnicals.com/shop/jumper-wire/","/products/jumper-wire",2165,"jumper-wire"
"https://abhaytechnicals.com/shop/knife-cuter/","/products/knife-cuter",2167,"knife-cuter"
"https://abhaytechnicals.com/shop/l-c-d-cutting-wire/","/products/l-c-d-cutting-wire",2169,"l-c-d-cutting-wire"
"https://abhaytechnicals.com/shop/maxx-iron-pen/","/products/maxx-iron-pen",2180,"maxx-iron-pen"
"https://abhaytechnicals.com/shop/mobile-p-c-b-holder/","/products/mobile-p-c-b-holder",2182,"mobile-p-c-b-holder"
"https://abhaytechnicals.com/shop/mi-9a-charging-conector/","/products/mi-9a-charging-conector",2207,"mi-9a-charging-conector"
"https://abhaytechnicals.com/shop/samsung-j5-prime-oca-touch-glass/","/products/samsung-j5-prime-oca-touch-glass",2234,"samsung-j5-prime-oca-touch-glass"
"https://abhaytechnicals.com/shop/samsung-a20s-oca-touch-glass/","/products/samsung-a20s-oca-touch-glass",2237,"samsung-a20s-oca-touch-glass"
"https://abhaytechnicals.com/shop/samsung-a2-core-oca-touch-glass/","/products/samsung-a2-core-oca-touch-glass",2243,"samsung-a2-core-oca-touch-glass"
"https://abhaytechnicals.com/shop/samsung-j8-oca-touch-glass/","/products/samsung-j8-oca-touch-glass",2259,"samsung-j8-oca-touch-glass"
"https://abhaytechnicals.com/shop/samaung-a21s-oca-touch-glass/","/products/samaung-a21s-oca-touch-glass",2260,"samaung-a21s-oca-touch-glass"
"https://abhaytechnicals.com/shop/mi-9-sim-holder/","/products/mi-9-sim-holder",2267,"mi-9-sim-holder"
"https://abhaytechnicals.com/shop/chaina-memory-tray/","/products/chaina-memory-tray",2318,"chaina-memory-tray"
"https://abhaytechnicals.com/shop/oppo-a5s-spk-jali/","/products/oppo-a5s-spk-jali",2492,"oppo-a5s-spk-jali"
"https://abhaytechnicals.com/shop/oppo-a37-spk-jali/","/products/oppo-a37-spk-jali",2495,"oppo-a37-spk-jali"
"https://abhaytechnicals.com/shop/redmi-9a-spk-jali/","/products/redmi-9a-spk-jali",2496,"redmi-9a-spk-jali"
"https://abhaytechnicals.com/shop/vivo-y91-spk-jali/","/products/vivo-y91-spk-jali",2497,"vivo-y91-spk-jali"
"https://abhaytechnicals.com/shop/redmi-8a-spk-jali/","/products/redmi-8a-spk-jali",2502,"redmi-8a-spk-jali"
"https://abhaytechnicals.com/shop/itel-37-pin-l-c-d-fresh/","/products/itel-37-pin-l-c-d-fresh",2557,"itel-37-pin-l-c-d-fresh"
"https://abhaytechnicals.com/shop/itel-a23-pro-touch/","/products/itel-a23-pro-touch",2572,"itel-a23-pro-touch"
"https://abhaytechnicals.com/shop/vivo-s1-pro-orignal-charging-flex/","/products/vivo-s1-pro-orignal-charging-flex",2582,"vivo-s1-pro-orignal-charging-flex"
"https://abhaytechnicals.com/shop/vivo-s1-pro-main-flex/","/products/vivo-s1-pro-main-flex",2586,"vivo-s1-pro-main-flex"
"https://abhaytechnicals.com/shop/universol-spk-jaly/","/products/universol-spk-jaly",2598,"universol-spk-jaly"
"https://abhaytechnicals.com/shop/vivo-y20-spk-jaly/","/products/vivo-y20-spk-jaly",2601,"vivo-y20-spk-jaly"
"https://abhaytechnicals.com/shop/vivo-y12-spk-jaly/","/products/vivo-y12-spk-jaly",2603,"vivo-y12-spk-jaly"
"https://abhaytechnicals.com/shop/mi-note-7-spk-jaly/","/products/mi-note-7-spk-jaly",2605,"mi-note-7-spk-jaly"
"https://abhaytechnicals.com/shop/samsung-j6-oca-glass/","/products/samsung-j6-oca-glass",2703,"samsung-j6-oca-glass"
"https://abhaytechnicals.com/shop/sumsung-m11-oca-glass/","/products/sumsung-m11-oca-glass",2704,"sumsung-m11-oca-glass"
"https://abhaytechnicals.com/shop/tecno-spark-7-oca-glass/","/products/tecno-spark-7-oca-glass",2705,"tecno-spark-7-oca-glass"
"https://abhaytechnicals.com/shop/infinix-hot-9-sim-holder/","/products/infinix-hot-9-sim-holder",2709,"infinix-hot-9-sim-holder"
"https://abhaytechnicals.com/shop/mi-note-6-sim-holder/","/products/mi-note-6-sim-holder",2710,"mi-note-6-sim-holder"
"https://abhaytechnicals.com/shop/mi-note-9-sim-holder/","/products/mi-note-9-sim-holder",2711,"mi-note-9-sim-holder"
"https://abhaytechnicals.com/shop/tecno-6-air-sim-holder/","/products/tecno-6-air-sim-holder",2712,"tecno-6-air-sim-holder"
"https://abhaytechnicals.com/shop/vivo-y69-sim-holder/","/products/vivo-y69-sim-holder",2713,"vivo-y69-sim-holder"
"https://abhaytechnicals.com/shop/mi-8a-main-flex/","/products/mi-8a-main-flex",2720,"mi-8a-main-flex"
"https://abhaytechnicals.com/shop/realme-8-5g-main-flex/","/products/realme-8-5g-main-flex",2722,"realme-8-5g-main-flex"
"https://abhaytechnicals.com/shop/vivo-s1-main-flex/","/products/vivo-s1-main-flex",2723,"vivo-s1-main-flex"
"https://abhaytechnicals.com/shop/comio-c2-touch/","/products/comio-c2-touch",2730,"comio-c2-touch"
"https://abhaytechnicals.com/shop/honor-y5-2020-touch/","/products/honor-y5-2020-touch",2731,"honor-y5-2020-touch"
"https://abhaytechnicals.com/shop/mi-a2-ringer-box/","/products/mi-a2-ringer-box",2755,"mi-a2-ringer-box"
"https://abhaytechnicals.com/shop/mi-note-5-pro-ringer-set/","/products/mi-note-5-pro-ringer-set",2756,"mi-note-5-pro-ringer-set"
"https://abhaytechnicals.com/shop/mi-note-6-pro-ringer-set/","/products/mi-note-6-pro-ringer-set",2757,"mi-note-6-pro-ringer-set"
"https://abhaytechnicals.com/shop/mi-y2-ringer-set/","/products/mi-y2-ringer-set",2758,"mi-y2-ringer-set"
"https://abhaytechnicals.com/shop/realme-5-ringer-set/","/products/realme-5-ringer-set",2759,"realme-5-ringer-set"
"https://abhaytechnicals.com/shop/vivo-y21-new-ringer-set/","/products/vivo-y21-new-ringer-set",2760,"vivo-y21-new-ringer-set"
"https://abhaytechnicals.com/shop/jio-f320-ringer/","/products/jio-f320-ringer",2768,"jio-f320-ringer"
"https://abhaytechnicals.com/shop/nokia-6-1-orignal-charging-flex/","/products/nokia-6-1-orignal-charging-flex",2769,"nokia-6-1-orignal-charging-flex"
"https://abhaytechnicals.com/shop/nokia-5-1-orignal-charging-flex/","/products/nokia-5-1-orignal-charging-flex",2770,"nokia-5-1-orignal-charging-flex"
"https://abhaytechnicals.com/shop/mi-8a-orignal-charging-flex/","/products/mi-8a-orignal-charging-flex",2771,"mi-8a-orignal-charging-flex"
"https://abhaytechnicals.com/shop/mi-6a-orignal-charging-flex/","/products/mi-6a-orignal-charging-flex",2772,"mi-6a-orignal-charging-flex"
"https://abhaytechnicals.com/shop/mi-5a-orignal-charging-flex/","/products/mi-5a-orignal-charging-flex",2774,"mi-5a-orignal-charging-flex"
"https://abhaytechnicals.com/shop/itel-vision-1-orignal-charging-flex/","/products/itel-vision-1-orignal-charging-flex",2775,"itel-vision-1-orignal-charging-flex"
"https://abhaytechnicals.com/shop/honor-7s-orignal-charging-flex/","/products/honor-7s-orignal-charging-flex",2778,"honor-7s-orignal-charging-flex"
"https://abhaytechnicals.com/shop/samsung-m30s-orignal-charging-flex/","/products/samsung-m30s-orignal-charging-flex",2779,"samsung-m30s-orignal-charging-flex"
"https://abhaytechnicals.com/shop/samsung-a22-4g-orignal-charging-flex/","/products/samsung-a22-4g-orignal-charging-flex",2798,"samsung-a22-4g-orignal-charging-flex"
"https://abhaytechnicals.com/shop/samsung-a03s-orignal-charging-flex/","/products/samsung-a03s-orignal-charging-flex",2799,"samsung-a03s-orignal-charging-flex"
"https://abhaytechnicals.com/shop/realme-5-orignal-charging-flex/","/products/realme-5-orignal-charging-flex",2800,"realme-5-orignal-charging-flex"
"https://abhaytechnicals.com/shop/realme-3-orignal-charging-flex/","/products/realme-3-orignal-charging-flex",2801,"realme-3-orignal-charging-flex"
"https://abhaytechnicals.com/shop/oppo-a37-orignal-charging-flex/","/products/oppo-a37-orignal-charging-flex",2802,"oppo-a37-orignal-charging-flex"
"https://abhaytechnicals.com/shop/oppo-a15-orignal-charging-flex/","/products/oppo-a15-orignal-charging-flex",2803,"oppo-a15-orignal-charging-flex"
"https://abhaytechnicals.com/shop/oppo-a12-orignal-charging-flex/","/products/oppo-a12-orignal-charging-flex",2804,"oppo-a12-orignal-charging-flex"
"https://abhaytechnicals.com/shop/samsung-m31-orignal-charging-flex/","/products/samsung-m31-orignal-charging-flex",2814,"samsung-m31-orignal-charging-flex"
"https://abhaytechnicals.com/shop/vivo-y20-orignal-charging-flex/","/products/vivo-y20-orignal-charging-flex",2817,"vivo-y20-orignal-charging-flex"
"https://abhaytechnicals.com/shop/vivo-y71-orignal-charging-flex/","/products/vivo-y71-orignal-charging-flex",2818,"vivo-y71-orignal-charging-flex"
"https://abhaytechnicals.com/shop/mi-note-5-orignal-charging-flex/","/products/mi-note-5-orignal-charging-flex",2819,"mi-note-5-orignal-charging-flex"
"https://abhaytechnicals.com/shop/infinix-hot-8-on-off-flex-2/","/products/infinix-hot-8-on-off-flex-2",2831,"infinix-hot-8-on-off-flex-2"
"https://abhaytechnicals.com/shop/infinix-smart-4-on-off-flex/","/products/infinix-smart-4-on-off-flex",2832,"infinix-smart-4-on-off-flex"
"https://abhaytechnicals.com/shop/lava-z60-on-off-flex/","/products/lava-z60-on-off-flex",2833,"lava-z60-on-off-flex"
"https://abhaytechnicals.com/shop/mi-4i-on-off-flex/","/products/mi-4i-on-off-flex",2834,"mi-4i-on-off-flex"
"https://abhaytechnicals.com/shop/mi-7a-on-off-flex/","/products/mi-7a-on-off-flex",2835,"mi-7a-on-off-flex"
"https://abhaytechnicals.com/shop/mi-9-prime-on-off-flex/","/products/mi-9-prime-on-off-flex",2836,"mi-9-prime-on-off-flex"
"https://abhaytechnicals.com/shop/mi-note-10-on-off-flex/","/products/mi-note-10-on-off-flex",2837,"mi-note-10-on-off-flex"
"https://abhaytechnicals.com/shop/mi-note-5-pro-on-off-flex/","/products/mi-note-5-pro-on-off-flex",2838,"mi-note-5-pro-on-off-flex"
"https://abhaytechnicals.com/shop/mi-note-7-on-off-flex/","/products/mi-note-7-on-off-flex",2839,"mi-note-7-on-off-flex"
"https://abhaytechnicals.com/shop/mi-note-8-on-off-flex/","/products/mi-note-8-on-off-flex",2863,"mi-note-8-on-off-flex"
"https://abhaytechnicals.com/shop/mi-note-9-pro-on-off-flex/","/products/mi-note-9-pro-on-off-flex",2864,"mi-note-9-pro-on-off-flex"
"https://abhaytechnicals.com/shop/oppo-a57-on-off-flex/","/products/oppo-a57-on-off-flex",2865,"oppo-a57-on-off-flex"
"https://abhaytechnicals.com/shop/oppo-a83-on-off-flex/","/products/oppo-a83-on-off-flex",2866,"oppo-a83-on-off-flex"
"https://abhaytechnicals.com/shop/realme-8-pro-on-off-flex/","/products/realme-8-pro-on-off-flex",2867,"realme-8-pro-on-off-flex"
"https://abhaytechnicals.com/shop/samsung-j7-prime-on-off-flex/","/products/samsung-j7-prime-on-off-flex",2869,"samsung-j7-prime-on-off-flex"
"https://abhaytechnicals.com/shop/tecno-bb4k-spark-go-on-off-flex/","/products/tecno-bb4k-spark-go-on-off-flex",2870,"tecno-bb4k-spark-go-on-off-flex"
"https://abhaytechnicals.com/shop/tecno-ke-5-spark-go-on-off-flex/","/products/tecno-ke-5-spark-go-on-off-flex",2871,"tecno-ke-5-spark-go-on-off-flex"
"https://abhaytechnicals.com/shop/vivo-y19-on-off-flex/","/products/vivo-y19-on-off-flex",2872,"vivo-y19-on-off-flex"
"https://abhaytechnicals.com/shop/vivo-y20-on-off-flex/","/products/vivo-y20-on-off-flex",2873,"vivo-y20-on-off-flex"
"https://abhaytechnicals.com/shop/vivo-y51-new-y31-new-on-off-flex/","/products/vivo-y51-new-y31-new-on-off-flex",2874,"vivo-y51-new-y31-new-on-off-flex"
"https://abhaytechnicals.com/shop/vivo-t1-5g-midil-panel/","/products/vivo-t1-5g-midil-panel",2907,"vivo-t1-5g-midil-panel"
"https://abhaytechnicals.com/shop/vivo-y93-midil-panel/","/products/vivo-y93-midil-panel",2908,"vivo-y93-midil-panel"
"https://abhaytechnicals.com/shop/vivo-y73-midil-panel/","/products/vivo-y73-midil-panel",2909,"vivo-y73-midil-panel"
"https://abhaytechnicals.com/shop/vivo-f11-pro-midil-panel/","/products/vivo-f11-pro-midil-panel",2910,"vivo-f11-pro-midil-panel"
"https://abhaytechnicals.com/shop/vivo-z1-pro-midil-panel/","/products/vivo-z1-pro-midil-panel",2911,"vivo-z1-pro-midil-panel"
"https://abhaytechnicals.com/shop/vivo-s1-midil-panel/","/products/vivo-s1-midil-panel",2912,"vivo-s1-midil-panel"
"https://abhaytechnicals.com/shop/vivo-v15-pro-midil-panel/","/products/vivo-v15-pro-midil-panel",2913,"vivo-v15-pro-midil-panel"
"https://abhaytechnicals.com/shop/oppo-a16-midil-panel/","/products/oppo-a16-midil-panel",2915,"oppo-a16-midil-panel"
"https://abhaytechnicals.com/shop/oppo-a57-new-midil-panel/","/products/oppo-a57-new-midil-panel",2916,"oppo-a57-new-midil-panel"
"https://abhaytechnicals.com/shop/oppo-a54-midil-panel/","/products/oppo-a54-midil-panel",2927,"oppo-a54-midil-panel"
"https://abhaytechnicals.com/shop/realme-7i-midil-panel/","/products/realme-7i-midil-panel",2928,"realme-7i-midil-panel"
"https://abhaytechnicals.com/shop/mi-9-power-midil-panel/","/products/mi-9-power-midil-panel",2929,"mi-9-power-midil-panel"
"https://abhaytechnicals.com/shop/mi-a2-midil-panel/","/products/mi-a2-midil-panel",2930,"mi-a2-midil-panel"
"https://abhaytechnicals.com/shop/mi-7-redmi-y3-midil-panel/","/products/mi-7-redmi-y3-midil-panel",2931,"mi-7-redmi-y3-midil-panel"
"https://abhaytechnicals.com/shop/mi-5-midil-panel/","/products/mi-5-midil-panel",2932,"mi-5-midil-panel"
"https://abhaytechnicals.com/shop/mi-6-pro-midil-panel/","/products/mi-6-pro-midil-panel",2933,"mi-6-pro-midil-panel"
"https://abhaytechnicals.com/shop/redmi-8-midil-panel/","/products/redmi-8-midil-panel",2934,"redmi-8-midil-panel"
"https://abhaytechnicals.com/shop/redmi-10-prime-midil-panel/","/products/redmi-10-prime-midil-panel",2935,"redmi-10-prime-midil-panel"
"https://abhaytechnicals.com/shop/mi-note-9-midil-panel/","/products/mi-note-9-midil-panel",2936,"mi-note-9-midil-panel"
"https://abhaytechnicals.com/shop/mi-note-10-5g-midil-panel/","/products/mi-note-10-5g-midil-panel",2954,"mi-note-10-5g-midil-panel"
"https://abhaytechnicals.com/shop/tecno-kg-6-midil-panel/","/products/tecno-kg-6-midil-panel",2955,"tecno-kg-6-midil-panel"
"https://abhaytechnicals.com/shop/infinix-hot-10-play-midil-panel/","/products/infinix-hot-10-play-midil-panel",2956,"infinix-hot-10-play-midil-panel"
"https://abhaytechnicals.com/shop/tecno-spark-7-midil-panel/","/products/tecno-spark-7-midil-panel",2957,"tecno-spark-7-midil-panel"
"https://abhaytechnicals.com/shop/samsung-a20-midil-panel/","/products/samsung-a20-midil-panel",2958,"samsung-a20-midil-panel"
"https://abhaytechnicals.com/shop/infinix-hot-9-midil-panel/","/products/infinix-hot-9-midil-panel",2963,"infinix-hot-9-midil-panel"
"https://abhaytechnicals.com/shop/oppo-narzo-20a-midil-panel/","/products/oppo-narzo-20a-midil-panel",2964,"oppo-narzo-20a-midil-panel"
"https://abhaytechnicals.com/shop/mi-9-prime-back-panel/","/products/mi-9-prime-back-panel",2965,"mi-9-prime-back-panel"
"https://abhaytechnicals.com/shop/mi-note-3-back-panel/","/products/mi-note-3-back-panel",2966,"mi-note-3-back-panel"
"https://abhaytechnicals.com/shop/mi-9-power-back-panel/","/products/mi-9-power-back-panel",2967,"mi-9-power-back-panel"
"https://abhaytechnicals.com/shop/mi-y3-back-panel/","/products/mi-y3-back-panel",2968,"mi-y3-back-panel"
"https://abhaytechnicals.com/shop/mi-k20-back-panel/","/products/mi-k20-back-panel",2970,"mi-k20-back-panel"
"https://abhaytechnicals.com/shop/mi-note-10-back-panel/","/products/mi-note-10-back-panel",2971,"mi-note-10-back-panel"
"https://abhaytechnicals.com/shop/mi-3s-prime-back-panel/","/products/mi-3s-prime-back-panel",2972,"mi-3s-prime-back-panel"
"https://abhaytechnicals.com/shop/mi-note-10-pro-back-panel/","/products/mi-note-10-pro-back-panel",2973,"mi-note-10-pro-back-panel"
"https://abhaytechnicals.com/shop/realme-7-back-panel/","/products/realme-7-back-panel",2974,"realme-7-back-panel"
"https://abhaytechnicals.com/shop/oppo-a53-back-panel/","/products/oppo-a53-back-panel",3035,"oppo-a53-back-panel"
"https://abhaytechnicals.com/shop/oppo-a15-back-panel/","/products/oppo-a15-back-panel",3036,"oppo-a15-back-panel"
"https://abhaytechnicals.com/shop/oppo-f9-back-panel-2/","/products/oppo-f9-back-panel-2",3037,"oppo-f9-back-panel-2"
"https://abhaytechnicals.com/shop/oppo-a5s-ring-back-panel/","/products/oppo-a5s-ring-back-panel",3038,"oppo-a5s-ring-back-panel"
"https://abhaytechnicals.com/shop/realme-x-back-panel/","/products/realme-x-back-panel",3039,"realme-x-back-panel"
"https://abhaytechnicals.com/shop/realme-c20-back-panel/","/products/realme-c20-back-panel",3040,"realme-c20-back-panel"
"https://abhaytechnicals.com/shop/oppo-f3-back-panel/","/products/oppo-f3-back-panel",3041,"oppo-f3-back-panel"
"https://abhaytechnicals.com/shop/realme-6-back-panel/","/products/realme-6-back-panel",3042,"realme-6-back-panel"
"https://abhaytechnicals.com/shop/realme-5-pro-back-panel/","/products/realme-5-pro-back-panel",3043,"realme-5-pro-back-panel"
"https://abhaytechnicals.com/shop/realme-2-pro-ring-back-panel/","/products/realme-2-pro-ring-back-panel",3044,"realme-2-pro-ring-back-panel"
"https://abhaytechnicals.com/shop/oppo-a31-back-panel/","/products/oppo-a31-back-panel",3046,"oppo-a31-back-panel"
"https://abhaytechnicals.com/shop/oppo-a5-2020-back-panel/","/products/oppo-a5-2020-back-panel",3047,"oppo-a5-2020-back-panel"
"https://abhaytechnicals.com/shop/realme-c30-back-panel/","/products/realme-c30-back-panel",3048,"realme-c30-back-panel"
"https://abhaytechnicals.com/shop/realme-c33-back-panel/","/products/realme-c33-back-panel",3049,"realme-c33-back-panel"
"https://abhaytechnicals.com/shop/realme-c35-back-panel/","/products/realme-c35-back-panel",3050,"realme-c35-back-panel"
"https://abhaytechnicals.com/shop/honor-nova-3i-back-panel/","/products/honor-nova-3i-back-panel",3051,"honor-nova-3i-back-panel"
"https://abhaytechnicals.com/shop/oppo-a53-ring-back-panel/","/products/oppo-a53-ring-back-panel",3055,"oppo-a53-ring-back-panel"
"https://abhaytechnicals.com/shop/vivo-v11-pro-back-panel/","/products/vivo-v11-pro-back-panel",3058,"vivo-v11-pro-back-panel"
"https://abhaytechnicals.com/shop/vivo-t1-4g-back-panel/","/products/vivo-t1-4g-back-panel",3059,"vivo-t1-4g-back-panel"
"https://abhaytechnicals.com/shop/vivo-t1-5g-back-panel/","/products/vivo-t1-5g-back-panel",3060,"vivo-t1-5g-back-panel"
"https://abhaytechnicals.com/shop/vivo-y11-back-panel/","/products/vivo-y11-back-panel",3061,"vivo-y11-back-panel"
"https://abhaytechnicals.com/shop/vivo-y20-ring-ring-back-panel/","/products/vivo-y20-ring-ring-back-panel",3062,"vivo-y20-ring-ring-back-panel"
"https://abhaytechnicals.com/shop/vivo-y71-back-panel/","/products/vivo-y71-back-panel",3063,"vivo-y71-back-panel"
"https://abhaytechnicals.com/shop/vivo-y93-back-panel/","/products/vivo-y93-back-panel",3073,"vivo-y93-back-panel"
"https://abhaytechnicals.com/shop/vivo-v20-back-panel/","/products/vivo-v20-back-panel",3074,"vivo-v20-back-panel"
"https://abhaytechnicals.com/shop/vivo-y51-new-back-panel/","/products/vivo-y51-new-back-panel",3075,"vivo-y51-new-back-panel"
"https://abhaytechnicals.com/shop/vivo-y19-back-panel/","/products/vivo-y19-back-panel",3076,"vivo-y19-back-panel"
"https://abhaytechnicals.com/shop/vivo-v17-pro-back-panel/","/products/vivo-v17-pro-back-panel",3077,"vivo-v17-pro-back-panel"
"https://abhaytechnicals.com/shop/vivo-v17-back-panel/","/products/vivo-v17-back-panel",3078,"vivo-v17-back-panel"
"https://abhaytechnicals.com/shop/vivo-v15-pro-back-panel/","/products/vivo-v15-pro-back-panel",3079,"vivo-v15-pro-back-panel"
"https://abhaytechnicals.com/shop/samsung-a12-back-panel/","/products/samsung-a12-back-panel",3080,"samsung-a12-back-panel"
"https://abhaytechnicals.com/shop/samsung-a03s-back-panel/","/products/samsung-a03s-back-panel",3081,"samsung-a03s-back-panel"
"https://abhaytechnicals.com/shop/samsung-m20-back-panel/","/products/samsung-m20-back-panel",3082,"samsung-m20-back-panel"
"https://abhaytechnicals.com/shop/samsung-a10s-back-panel/","/products/samsung-a10s-back-panel",3083,"samsung-a10s-back-panel"
"https://abhaytechnicals.com/shop/samsung-a10-back-panel/","/products/samsung-a10-back-panel",3084,"samsung-a10-back-panel"
"https://abhaytechnicals.com/shop/samsung-a03-back-panel/","/products/samsung-a03-back-panel",3085,"samsung-a03-back-panel"
"https://abhaytechnicals.com/shop/samsung-a20-back-panel/","/products/samsung-a20-back-panel",3088,"samsung-a20-back-panel"
"https://abhaytechnicals.com/shop/samsung-a50-back-panel/","/products/samsung-a50-back-panel",3089,"samsung-a50-back-panel"
"https://abhaytechnicals.com/shop/samsung-m11-back-panel/","/products/samsung-m11-back-panel",3090,"samsung-m11-back-panel"
"https://abhaytechnicals.com/shop/infinix-samart-4-back-panel/","/products/infinix-samart-4-back-panel",3091,"infinix-samart-4-back-panel"
"https://abhaytechnicals.com/shop/tecno-ke5-back-panel/","/products/tecno-ke5-back-panel",3092,"tecno-ke5-back-panel"
"https://abhaytechnicals.com/shop/honor-8x-back-panel/","/products/honor-8x-back-panel",3093,"honor-8x-back-panel"
"https://abhaytechnicals.com/shop/tecno-6-air-back-panel/","/products/tecno-6-air-back-panel",3094,"tecno-6-air-back-panel"
"https://abhaytechnicals.com/shop/tecno-bb4k-back-panel/","/products/tecno-bb4k-back-panel",3095,"tecno-bb4k-back-panel"
"https://abhaytechnicals.com/shop/oppo-reno-2z-back-panel/","/products/oppo-reno-2z-back-panel",3096,"oppo-reno-2z-back-panel"
"https://abhaytechnicals.com/shop/infinix-hot-9-back-panel/","/products/infinix-hot-9-back-panel",3097,"infinix-hot-9-back-panel"
"https://abhaytechnicals.com/shop/vivo-s1-pro-back-panel/","/products/vivo-s1-pro-back-panel",3099,"vivo-s1-pro-back-panel"
"https://abhaytechnicals.com/shop/oppo-a16-back-panel/","/products/oppo-a16-back-panel",3100,"oppo-a16-back-panel"
"https://abhaytechnicals.com/shop/lava-z61-charging-flex/","/products/lava-z61-charging-flex",3107,"lava-z61-charging-flex"
"https://abhaytechnicals.com/shop/oppo-f17-pro-cc-flex/","/products/oppo-f17-pro-cc-flex",3174,"oppo-f17-pro-cc-flex"
"https://abhaytechnicals.com/shop/realme-1-cc-flex/","/products/realme-1-cc-flex",3178,"realme-1-cc-flex"
"https://abhaytechnicals.com/shop/vivo-v15-pro-cc-flex/","/products/vivo-v15-pro-cc-flex",3181,"vivo-v15-pro-cc-flex"
"https://abhaytechnicals.com/shop/vivo-y31-2020-cc-flex/","/products/vivo-y31-2020-cc-flex",3182,"vivo-y31-2020-cc-flex"
"https://abhaytechnicals.com/shop/infinix-hot-11-oca-touch-glass/","/products/infinix-hot-11-oca-touch-glass",3193,"infinix-hot-11-oca-touch-glass"
"https://abhaytechnicals.com/shop/vivo-v15-oca-touch-glass/","/products/vivo-v15-oca-touch-glass",3228,"vivo-v15-oca-touch-glass"
"https://abhaytechnicals.com/shop/vivo-s1-oca-touch-glass/","/products/vivo-s1-oca-touch-glass",3229,"vivo-s1-oca-touch-glass"
"https://abhaytechnicals.com/shop/samsung-j4-oca-touch-glass/","/products/samsung-j4-oca-touch-glass",3230,"samsung-j4-oca-touch-glass"
"https://abhaytechnicals.com/shop/samsung-m20-oca-touch-glass/","/products/samsung-m20-oca-touch-glass",3232,"samsung-m20-oca-touch-glass"
"https://abhaytechnicals.com/shop/mi-a2-oca-touch-glass/","/products/mi-a2-oca-touch-glass",3250,"mi-a2-oca-touch-glass"
"https://abhaytechnicals.com/shop/realme-xt-oca-touch-glass/","/products/realme-xt-oca-touch-glass",3259,"realme-xt-oca-touch-glass"
"https://abhaytechnicals.com/shop/realme-3-camera-glass/","/products/realme-3-camera-glass",3288,"realme-3-camera-glass"
"https://abhaytechnicals.com/shop/realme-5-pro-camera-glass/","/products/realme-5-pro-camera-glass",3290,"realme-5-pro-camera-glass"
"https://abhaytechnicals.com/shop/realme-5-camera-glass/","/products/realme-5-camera-glass",3291,"realme-5-camera-glass"
"https://abhaytechnicals.com/shop/realme-6-camera-glass/","/products/realme-6-camera-glass",3293,"realme-6-camera-glass"
"https://abhaytechnicals.com/shop/realme-c20-camera-glass/","/products/realme-c20-camera-glass",3294,"realme-c20-camera-glass"
"https://abhaytechnicals.com/shop/realme-c12-camera-glass/","/products/realme-c12-camera-glass",3360,"realme-c12-camera-glass"
"https://abhaytechnicals.com/shop/realme-c11-camera-glass/","/products/realme-c11-camera-glass",3361,"realme-c11-camera-glass"
"https://abhaytechnicals.com/shop/realme-c1-camera-glass/","/products/realme-c1-camera-glass",3362,"realme-c1-camera-glass"
"https://abhaytechnicals.com/shop/realme-2-pro-camera-glass/","/products/realme-2-pro-camera-glass",3363,"realme-2-pro-camera-glass"
"https://abhaytechnicals.com/shop/realme-3-pro-camera-glass/","/products/realme-3-pro-camera-glass",3364,"realme-3-pro-camera-glass"
"https://abhaytechnicals.com/shop/mi-note-11-camera-glass/","/products/mi-note-11-camera-glass",3365,"mi-note-11-camera-glass"
"https://abhaytechnicals.com/shop/mi-note-10pro-camera-glass/","/products/mi-note-10pro-camera-glass",3366,"mi-note-10pro-camera-glass"
"https://abhaytechnicals.com/shop/mi-note-10-camera-glass/","/products/mi-note-10-camera-glass",3367,"mi-note-10-camera-glass"
"https://abhaytechnicals.com/shop/mi-9c-camera-glass/","/products/mi-9c-camera-glass",3368,"mi-9c-camera-glass"
"https://abhaytechnicals.com/shop/mi-note-9pro-camera-glass/","/products/mi-note-9pro-camera-glass",3369,"mi-note-9pro-camera-glass"
"https://abhaytechnicals.com/shop/mi-note-6pro-camera-glass/","/products/mi-note-6pro-camera-glass",3374,"mi-note-6pro-camera-glass"
"https://abhaytechnicals.com/shop/mi-note-7pro-camera-glass/","/products/mi-note-7pro-camera-glass",3375,"mi-note-7pro-camera-glass"
"https://abhaytechnicals.com/shop/mi-note-9-camera-glass/","/products/mi-note-9-camera-glass",3378,"mi-note-9-camera-glass"
"https://abhaytechnicals.com/shop/mi-note-8pro-camera-glass/","/products/mi-note-8pro-camera-glass",3379,"mi-note-8pro-camera-glass"
"https://abhaytechnicals.com/shop/mi-6a-camera-glass/","/products/mi-6a-camera-glass",3383,"mi-6a-camera-glass"
"https://abhaytechnicals.com/shop/mi-8a-camera-glass/","/products/mi-8a-camera-glass",3386,"mi-8a-camera-glass"
"https://abhaytechnicals.com/shop/oppo-f7-camera-glass/","/products/oppo-f7-camera-glass",3389,"oppo-f7-camera-glass"
"https://abhaytechnicals.com/shop/oppo-a5-2020-camera-glass/","/products/oppo-a5-2020-camera-glass",3391,"oppo-a5-2020-camera-glass"
"https://abhaytechnicals.com/shop/oppo-f11-pro-camera-glass/","/products/oppo-f11-pro-camera-glass",3394,"oppo-f11-pro-camera-glass"
"https://abhaytechnicals.com/shop/oppo-a5-camera-glass/","/products/oppo-a5-camera-glass",3395,"oppo-a5-camera-glass"
"https://abhaytechnicals.com/shop/oppo-a37-camera-glass/","/products/oppo-a37-camera-glass",3396,"oppo-a37-camera-glass"
"https://abhaytechnicals.com/shop/oppo-a3s-camera-glass/","/products/oppo-a3s-camera-glass",3397,"oppo-a3s-camera-glass"
"https://abhaytechnicals.com/shop/oppo-a12-camera-glass/","/products/oppo-a12-camera-glass",3398,"oppo-a12-camera-glass"
"https://abhaytechnicals.com/shop/oppo-a1k-camera-glass/","/products/oppo-a1k-camera-glass",3400,"oppo-a1k-camera-glass"
"https://abhaytechnicals.com/shop/oppo-a15-camera-glass/","/products/oppo-a15-camera-glass",3401,"oppo-a15-camera-glass"
"https://abhaytechnicals.com/shop/mi-9-power-camera-glass/","/products/mi-9-power-camera-glass",3402,"mi-9-power-camera-glass"
"https://abhaytechnicals.com/shop/samsung-j8-camera-glass/","/products/samsung-j8-camera-glass",3403,"samsung-j8-camera-glass"
"https://abhaytechnicals.com/shop/samsung-j7-prime-camera-glass/","/products/samsung-j7-prime-camera-glass",3404,"samsung-j7-prime-camera-glass"
"https://abhaytechnicals.com/shop/samsung-j4-j6-camera-glass/","/products/samsung-j4-j6-camera-glass",3405,"samsung-j4-j6-camera-glass"
"https://abhaytechnicals.com/shop/samsung-a10-camera-glass/","/products/samsung-a10-camera-glass",3407,"samsung-a10-camera-glass"
"https://abhaytechnicals.com/shop/samsung-a11-m11-camera-glass/","/products/samsung-a11-m11-camera-glass",3408,"samsung-a11-m11-camera-glass"
"https://abhaytechnicals.com/shop/samsung-a51-camera-glass/","/products/samsung-a51-camera-glass",3409,"samsung-a51-camera-glass"
"https://abhaytechnicals.com/shop/samsung-a20s-camera-glass/","/products/samsung-a20s-camera-glass",3410,"samsung-a20s-camera-glass"
"https://abhaytechnicals.com/shop/samsung-a30s-camera-glass/","/products/samsung-a30s-camera-glass",3412,"samsung-a30s-camera-glass"
"https://abhaytechnicals.com/shop/samsung-m20-camera-glass/","/products/samsung-m20-camera-glass",3413,"samsung-m20-camera-glass"
"https://abhaytechnicals.com/shop/vivo-z1-pro-camera-glass/","/products/vivo-z1-pro-camera-glass",3417,"vivo-z1-pro-camera-glass"
"https://abhaytechnicals.com/shop/vivo-y95-camera-glass/","/products/vivo-y95-camera-glass",3418,"vivo-y95-camera-glass"
"https://abhaytechnicals.com/shop/samsung-m30-camera-glass/","/products/samsung-m30-camera-glass",3419,"samsung-m30-camera-glass"
"https://abhaytechnicals.com/shop/samsung-a12-camera-glass/","/products/samsung-a12-camera-glass",3420,"samsung-a12-camera-glass"
"https://abhaytechnicals.com/shop/vivo-y55-camera-glass/","/products/vivo-y55-camera-glass",3421,"vivo-y55-camera-glass"
"https://abhaytechnicals.com/shop/vivo-v11-pro-camera-glass/","/products/vivo-v11-pro-camera-glass",3422,"vivo-v11-pro-camera-glass"
"https://abhaytechnicals.com/shop/vivo-s1-pro-camera-glass/","/products/vivo-s1-pro-camera-glass",3423,"vivo-s1-pro-camera-glass"
"https://abhaytechnicals.com/shop/vivo-s1-camera-glass/","/products/vivo-s1-camera-glass",3424,"vivo-s1-camera-glass"
"https://abhaytechnicals.com/shop/vivo-y90-camera-glass/","/products/vivo-y90-camera-glass",3425,"vivo-y90-camera-glass"
"https://abhaytechnicals.com/shop/vivo-y12-camera-glass/","/products/vivo-y12-camera-glass",3426,"vivo-y12-camera-glass"
"https://abhaytechnicals.com/shop/vivo-y71-camera-glass/","/products/vivo-y71-camera-glass",3427,"vivo-y71-camera-glass"
"https://abhaytechnicals.com/shop/vivo-y91-camera-glass/","/products/vivo-y91-camera-glass",3428,"vivo-y91-camera-glass"
"https://abhaytechnicals.com/shop/vivo-y30-camera-glass/","/products/vivo-y30-camera-glass",3429,"vivo-y30-camera-glass"
"https://abhaytechnicals.com/shop/vivo-y51-2020-camera-glass/","/products/vivo-y51-2020-camera-glass",3430,"vivo-y51-2020-camera-glass"
"https://abhaytechnicals.com/shop/vivo-y21-2020-camera-glass/","/products/vivo-y21-2020-camera-glass",3431,"vivo-y21-2020-camera-glass"
"https://abhaytechnicals.com/shop/vivo-v17-pro-camera-glass/","/products/vivo-v17-pro-camera-glass",3432,"vivo-v17-pro-camera-glass"
"https://abhaytechnicals.com/shop/vivo-v15-pro-camera-glass/","/products/vivo-v15-pro-camera-glass",3433,"vivo-v15-pro-camera-glass"
"https://abhaytechnicals.com/shop/vivo-y33s-camera-glass/","/products/vivo-y33s-camera-glass",3434,"vivo-y33s-camera-glass"
"https://abhaytechnicals.com/shop/vivo-y73-camera-glass/","/products/vivo-y73-camera-glass",3435,"vivo-y73-camera-glass"
"https://abhaytechnicals.com/shop/vivo-y20-camera-glass/","/products/vivo-y20-camera-glass",3436,"vivo-y20-camera-glass"
"https://abhaytechnicals.com/shop/vivo-y21-2020-og-cc-flex/","/products/vivo-y21-2020-og-cc-flex",3440,"vivo-y21-2020-og-cc-flex"
"https://abhaytechnicals.com/shop/realme-c25y-og-cc-flex/","/products/realme-c25y-og-cc-flex",3441,"realme-c25y-og-cc-flex"
"https://abhaytechnicals.com/shop/mi-note-9-pro-og-cc-flex/","/products/mi-note-9-pro-og-cc-flex",3443,"mi-note-9-pro-og-cc-flex"
"https://abhaytechnicals.com/shop/infinix-smart-5-og-cc-flex/","/products/infinix-smart-5-og-cc-flex",3444,"infinix-smart-5-og-cc-flex"
"https://abhaytechnicals.com/shop/itel-a48-og-cc-flex/","/products/itel-a48-og-cc-flex",3451,"itel-a48-og-cc-flex"
"https://abhaytechnicals.com/shop/tecno-kb2-on-off-flex/","/products/tecno-kb2-on-off-flex",3455,"tecno-kb2-on-off-flex"
"https://abhaytechnicals.com/shop/realme-c25y-on-off-flex/","/products/realme-c25y-on-off-flex",3456,"realme-c25y-on-off-flex"
"https://abhaytechnicals.com/shop/realme-c21y-on-off-flex/","/products/realme-c21y-on-off-flex",3457,"realme-c21y-on-off-flex"
"https://abhaytechnicals.com/shop/oppo-f5-on-off-flex/","/products/oppo-f5-on-off-flex",3458,"oppo-f5-on-off-flex"
"https://abhaytechnicals.com/shop/oppo-f3-on-off-flex/","/products/oppo-f3-on-off-flex",3459,"oppo-f3-on-off-flex"
"https://abhaytechnicals.com/shop/vivo-s1-on-off-flex/","/products/vivo-s1-on-off-flex",3460,"vivo-s1-on-off-flex"
"https://abhaytechnicals.com/shop/vivo-y31-new-on-off-flex/","/products/vivo-y31-new-on-off-flex",3462,"vivo-y31-new-on-off-flex"
"https://abhaytechnicals.com/shop/vivo-y50-on-off-flex/","/products/vivo-y50-on-off-flex",3463,"vivo-y50-on-off-flex"
"https://abhaytechnicals.com/shop/vivo-z1-pro-on-off-flex/","/products/vivo-z1-pro-on-off-flex",3464,"vivo-z1-pro-on-off-flex"
"https://abhaytechnicals.com/shop/vivo-v11-pro-on-off-flex/","/products/vivo-v11-pro-on-off-flex",3514,"vivo-v11-pro-on-off-flex"
"https://abhaytechnicals.com/shop/vivo-y16-on-off-flex/","/products/vivo-y16-on-off-flex",3515,"vivo-y16-on-off-flex"
"https://abhaytechnicals.com/shop/realme-8-4g-on-off-flex/","/products/realme-8-4g-on-off-flex",3516,"realme-8-4g-on-off-flex"
"https://abhaytechnicals.com/shop/vivo-s1-pro-on-off-flex/","/products/vivo-s1-pro-on-off-flex",3517,"vivo-s1-pro-on-off-flex"
"https://abhaytechnicals.com/shop/vivo-y21-2020-on-off-flex/","/products/vivo-y21-2020-on-off-flex",3519,"vivo-y21-2020-on-off-flex"
"https://abhaytechnicals.com/shop/realme-6-on-off-flex/","/products/realme-6-on-off-flex",3520,"realme-6-on-off-flex"
"https://abhaytechnicals.com/shop/realme-7i-on-off-flex/","/products/realme-7i-on-off-flex",3521,"realme-7i-on-off-flex"
"https://abhaytechnicals.com/shop/mi-note-9-on-off-flex/","/products/mi-note-9-on-off-flex",3522,"mi-note-9-on-off-flex"
"https://abhaytechnicals.com/shop/mi-note-10-pro-on-off-flex/","/products/mi-note-10-pro-on-off-flex",3523,"mi-note-10-pro-on-off-flex"
"https://abhaytechnicals.com/shop/mi-9a-on-off-flex/","/products/mi-9a-on-off-flex",3524,"mi-9a-on-off-flex"
"https://abhaytechnicals.com/shop/tecno-kc1-on-off-flex/","/products/tecno-kc1-on-off-flex",3527,"tecno-kc1-on-off-flex"
"https://abhaytechnicals.com/shop/vivo-y75-on-off-flex/","/products/vivo-y75-on-off-flex",3528,"vivo-y75-on-off-flex"
"https://abhaytechnicals.com/shop/infinix-hot-9-on-off-flex/","/products/infinix-hot-9-on-off-flex",3529,"infinix-hot-9-on-off-flex"
"https://abhaytechnicals.com/shop/tecno-spark-7-pro-on-off-flex/","/products/tecno-spark-7-pro-on-off-flex",3530,"tecno-spark-7-pro-on-off-flex"
"https://abhaytechnicals.com/shop/vivo-t1-5g-on-off-flex/","/products/vivo-t1-5g-on-off-flex",3531,"vivo-t1-5g-on-off-flex"
"https://abhaytechnicals.com/shop/realme-9-pro-on-off-flex/","/products/realme-9-pro-on-off-flex",3532,"realme-9-pro-on-off-flex"
"https://abhaytechnicals.com/shop/samsung-a10-on-off-flex/","/products/samsung-a10-on-off-flex",3533,"samsung-a10-on-off-flex"
"https://abhaytechnicals.com/shop/vivo-v15-pro-on-off-flex/","/products/vivo-v15-pro-on-off-flex",3534,"vivo-v15-pro-on-off-flex"
"https://abhaytechnicals.com/shop/tecno-6-air-on-off-flex/","/products/tecno-6-air-on-off-flex",3537,"tecno-6-air-on-off-flex"
"https://abhaytechnicals.com/shop/infinix-hot-10-play-on-off-flex/","/products/infinix-hot-10-play-on-off-flex",3538,"infinix-hot-10-play-on-off-flex"
"https://abhaytechnicals.com/shop/infinix-hot-10s-on-off-flex/","/products/infinix-hot-10s-on-off-flex",3539,"infinix-hot-10s-on-off-flex"
"https://abhaytechnicals.com/shop/infinix-hot-10-on-off-flex/","/products/infinix-hot-10-on-off-flex",3540,"infinix-hot-10-on-off-flex"
"https://abhaytechnicals.com/shop/mi-10a-on-off-flex/","/products/mi-10a-on-off-flex",3541,"mi-10a-on-off-flex"
"https://abhaytechnicals.com/shop/mi-a3-on-off-flex/","/products/mi-a3-on-off-flex",3542,"mi-a3-on-off-flex"
"https://abhaytechnicals.com/shop/mi-a2-on-off-flex/","/products/mi-a2-on-off-flex",3543,"mi-a2-on-off-flex"
"https://abhaytechnicals.com/shop/mi-6-pro-on-off-flex/","/products/mi-6-pro-on-off-flex",3544,"mi-6-pro-on-off-flex"
"https://abhaytechnicals.com/shop/mi-9-power-on-off-flex/","/products/mi-9-power-on-off-flex",3545,"mi-9-power-on-off-flex"
"https://abhaytechnicals.com/shop/mi-10-prime-on-off-flex/","/products/mi-10-prime-on-off-flex",3546,"mi-10-prime-on-off-flex"
"https://abhaytechnicals.com/shop/mi-k20-on-off-flex/","/products/mi-k20-on-off-flex",3547,"mi-k20-on-off-flex"
"https://abhaytechnicals.com/shop/mi-note-10t-on-off-flex/","/products/mi-note-10t-on-off-flex",3548,"mi-note-10t-on-off-flex"
"https://abhaytechnicals.com/shop/mi-note-6-on-off-flex/","/products/mi-note-6-on-off-flex",3549,"mi-note-6-on-off-flex"
"https://abhaytechnicals.com/shop/vivo-y02-on-off-flex/","/products/vivo-y02-on-off-flex",3550,"vivo-y02-on-off-flex"
"https://abhaytechnicals.com/shop/oppo-a53-on-off-flex/","/products/oppo-a53-on-off-flex",3551,"oppo-a53-on-off-flex"
"https://abhaytechnicals.com/shop/oppo-a5s-on-off-flex/","/products/oppo-a5s-on-off-flex",3552,"oppo-a5s-on-off-flex"
"https://abhaytechnicals.com/shop/oppo-a15-on-off-flex/","/products/oppo-a15-on-off-flex",3553,"oppo-a15-on-off-flex"
"https://abhaytechnicals.com/shop/oppo-a5-2020-on-off-flex/","/products/oppo-a5-2020-on-off-flex",3554,"oppo-a5-2020-on-off-flex"
"https://abhaytechnicals.com/shop/oppo-f11-pro-on-off-flex/","/products/oppo-f11-pro-on-off-flex",3555,"oppo-f11-pro-on-off-flex"
"https://abhaytechnicals.com/shop/oppo-f7-on-off-flex/","/products/oppo-f7-on-off-flex",3556,"oppo-f7-on-off-flex"
"https://abhaytechnicals.com/shop/mi-note-8-pro-on-off-flex/","/products/mi-note-8-pro-on-off-flex",3624,"mi-note-8-pro-on-off-flex"
"https://abhaytechnicals.com/shop/samsung-a02-on-off-flex/","/products/samsung-a02-on-off-flex",3625,"samsung-a02-on-off-flex"
"https://abhaytechnicals.com/shop/vivo-y69-on-off-flex/","/products/vivo-y69-on-off-flex",3626,"vivo-y69-on-off-flex"
"https://abhaytechnicals.com/shop/vivo-v15-on-off-flex/","/products/vivo-v15-on-off-flex",3627,"vivo-v15-on-off-flex"
"https://abhaytechnicals.com/shop/vivo-y66-on-off-flex/","/products/vivo-y66-on-off-flex",3628,"vivo-y66-on-off-flex"
"https://abhaytechnicals.com/shop/vivo-v7-on-off-flex/","/products/vivo-v7-on-off-flex",3630,"vivo-v7-on-off-flex"
"https://abhaytechnicals.com/shop/vivo-v7-on-off-flex-2/","/products/vivo-v7-on-off-flex-2",3631,"vivo-v7-on-off-flex-2"
"https://abhaytechnicals.com/shop/mi-note-7-pro-sim-holder/","/products/mi-note-7-pro-sim-holder",3640,"mi-note-7-pro-sim-holder"
"https://abhaytechnicals.com/shop/samsung-a03s-sim-holder/","/products/samsung-a03s-sim-holder",3641,"samsung-a03s-sim-holder"
"https://abhaytechnicals.com/shop/realme-xt-sim-holder/","/products/realme-xt-sim-holder",3642,"realme-xt-sim-holder"
"https://abhaytechnicals.com/shop/mi-7a-sim-holder/","/products/mi-7a-sim-holder",3643,"mi-7a-sim-holder"
"https://abhaytechnicals.com/shop/mi-y1-sim-holder/","/products/mi-y1-sim-holder",3644,"mi-y1-sim-holder"
"https://abhaytechnicals.com/shop/mi-note-4-sim-holder/","/products/mi-note-4-sim-holder",3645,"mi-note-4-sim-holder"
"https://abhaytechnicals.com/shop/realme-2-camera-glass/","/products/realme-2-camera-glass",3664,"realme-2-camera-glass"
"https://abhaytechnicals.com/shop/realme-c55-camera-glass/","/products/realme-c55-camera-glass",3665,"realme-c55-camera-glass"
"https://abhaytechnicals.com/shop/mi-note-8-camera-glass/","/products/mi-note-8-camera-glass",3666,"mi-note-8-camera-glass"
"https://abhaytechnicals.com/shop/mi-9a-camera-glass/","/products/mi-9a-camera-glass",3667,"mi-9a-camera-glass"
"https://abhaytechnicals.com/shop/vivo-v15-pro-orignal-charging-flex/","/products/vivo-v15-pro-orignal-charging-flex",3673,"vivo-v15-pro-orignal-charging-flex"
"https://abhaytechnicals.com/shop/realme-2-orignal-charging-flex/","/products/realme-2-orignal-charging-flex",3674,"realme-2-orignal-charging-flex"
"https://abhaytechnicals.com/shop/samsung-a12-orignal-charging-flex/","/products/samsung-a12-orignal-charging-flex",3675,"samsung-a12-orignal-charging-flex"
"https://abhaytechnicals.com/shop/vivo-v9-orignal-charging-flex/","/products/vivo-v9-orignal-charging-flex",3676,"vivo-v9-orignal-charging-flex"
"https://abhaytechnicals.com/shop/vivo-y19-orignal-charging-flex/","/products/vivo-y19-orignal-charging-flex",3677,"vivo-y19-orignal-charging-flex"
"https://abhaytechnicals.com/shop/vivo-y81i-orignal-charging-flex/","/products/vivo-y81i-orignal-charging-flex",3678,"vivo-y81i-orignal-charging-flex"
"https://abhaytechnicals.com/shop/vivo-v11-orignal-charging-flex/","/products/vivo-v11-orignal-charging-flex",3680,"vivo-v11-orignal-charging-flex"
"https://abhaytechnicals.com/shop/oppo-a16-orignal-charging-flex/","/products/oppo-a16-orignal-charging-flex",3681,"oppo-a16-orignal-charging-flex"
"https://abhaytechnicals.com/shop/oppo-a54-orignal-charging-flex/","/products/oppo-a54-orignal-charging-flex",3682,"oppo-a54-orignal-charging-flex"
"https://abhaytechnicals.com/shop/infinix-hot-12-play-orignal-charging-flex/","/products/infinix-hot-12-play-orignal-charging-flex",3705,"infinix-hot-12-play-orignal-charging-flex"
"https://abhaytechnicals.com/shop/vivo-y50-orignal-charging-flex/","/products/vivo-y50-orignal-charging-flex",3706,"vivo-y50-orignal-charging-flex"
"https://abhaytechnicals.com/shop/oppo-a5-2020-orignal-charging-flex/","/products/oppo-a5-2020-orignal-charging-flex",3707,"oppo-a5-2020-orignal-charging-flex"
"https://abhaytechnicals.com/shop/oppo-a5s-orignal-charging-flex/","/products/oppo-a5s-orignal-charging-flex",3708,"oppo-a5s-orignal-charging-flex"
"https://abhaytechnicals.com/shop/vivo-y30-orignal-charging-flex/","/products/vivo-y30-orignal-charging-flex",3709,"vivo-y30-orignal-charging-flex"
"https://abhaytechnicals.com/shop/samsung-a03-orignal-charging-flex/","/products/samsung-a03-orignal-charging-flex",3710,"samsung-a03-orignal-charging-flex"
"https://abhaytechnicals.com/shop/infinix-hot-10s-orignal-charging-flex/","/products/infinix-hot-10s-orignal-charging-flex",3711,"infinix-hot-10s-orignal-charging-flex"
"https://abhaytechnicals.com/shop/oppo-f9-pro-orignal-charging-flex/","/products/oppo-f9-pro-orignal-charging-flex",3712,"oppo-f9-pro-orignal-charging-flex"
"https://abhaytechnicals.com/shop/oppo-f1s-orignal-charging-flex/","/products/oppo-f1s-orignal-charging-flex",3713,"oppo-f1s-orignal-charging-flex"
"https://abhaytechnicals.com/shop/realme-c25-ringer-set/","/products/realme-c25-ringer-set",3714,"realme-c25-ringer-set"
"https://abhaytechnicals.com/shop/realme-c11-ringer-set/","/products/realme-c11-ringer-set",3715,"realme-c11-ringer-set"
"https://abhaytechnicals.com/shop/mi-a1-new-ringer-set/","/products/mi-a1-new-ringer-set",3716,"mi-a1-new-ringer-set"
"https://abhaytechnicals.com/shop/vivo-s1-ringer-set/","/products/vivo-s1-ringer-set",3717,"vivo-s1-ringer-set"
"https://abhaytechnicals.com/shop/mi-note-8-ringer-set/","/products/mi-note-8-ringer-set",3718,"mi-note-8-ringer-set"
"https://abhaytechnicals.com/shop/oppo-a52-ringer-set/","/products/oppo-a52-ringer-set",3719,"oppo-a52-ringer-set"
"https://abhaytechnicals.com/shop/mi-7-ringer-set/","/products/mi-7-ringer-set",3720,"mi-7-ringer-set"
"https://abhaytechnicals.com/shop/infinix-smart-4-ringer-set/","/products/infinix-smart-4-ringer-set",3721,"infinix-smart-4-ringer-set"
"https://abhaytechnicals.com/shop/oppo-a3s-ringer-set/","/products/oppo-a3s-ringer-set",3724,"oppo-a3s-ringer-set"
"https://abhaytechnicals.com/shop/vivo-y30-ringer-set/","/products/vivo-y30-ringer-set",3742,"vivo-y30-ringer-set"
"https://abhaytechnicals.com/shop/realme-3-pro-ringer-set/","/products/realme-3-pro-ringer-set",3743,"realme-3-pro-ringer-set"
"https://abhaytechnicals.com/shop/infinix-hot-10s-ringer-set/","/products/infinix-hot-10s-ringer-set",3744,"infinix-hot-10s-ringer-set"
"https://abhaytechnicals.com/shop/infinix-hot-9-ringer-set/","/products/infinix-hot-9-ringer-set",3748,"infinix-hot-9-ringer-set"
"https://abhaytechnicals.com/shop/realme-c35-ringer-set/","/products/realme-c35-ringer-set",3749,"realme-c35-ringer-set"
"https://abhaytechnicals.com/shop/realme-c20-ringer-set/","/products/realme-c20-ringer-set",3750,"realme-c20-ringer-set"
"https://abhaytechnicals.com/shop/oppo-a54-ringer-set/","/products/oppo-a54-ringer-set",3751,"oppo-a54-ringer-set"
"https://abhaytechnicals.com/shop/tecno-ke5-ringer-set/","/products/tecno-ke5-ringer-set",3753,"tecno-ke5-ringer-set"
"https://abhaytechnicals.com/shop/vivo-y19-ringer-set/","/products/vivo-y19-ringer-set",3754,"vivo-y19-ringer-set"
"https://abhaytechnicals.com/shop/infinix-hot-8-ringer-set/","/products/infinix-hot-8-ringer-set",3755,"infinix-hot-8-ringer-set"
"https://abhaytechnicals.com/shop/samsung-guru-1200-l-c-d-fresh/","/products/samsung-guru-1200-l-c-d-fresh",3785,"samsung-guru-1200-l-c-d-fresh"
"https://abhaytechnicals.com/shop/nokia-105-l-c-d-fresh/","/products/nokia-105-l-c-d-fresh",3787,"nokia-105-l-c-d-fresh"
"https://abhaytechnicals.com/shop/vivo-y95-charging-flex-orignal/","/products/vivo-y95-charging-flex-orignal",3821,"vivo-y95-charging-flex-orignal"
"https://abhaytechnicals.com/shop/mi-7a-orignal-charging-flex/","/products/mi-7a-orignal-charging-flex",3823,"mi-7a-orignal-charging-flex"
"https://abhaytechnicals.com/shop/mi-note-6-pro-orignal-charging-flex/","/products/mi-note-6-pro-orignal-charging-flex",3824,"mi-note-6-pro-orignal-charging-flex"
"https://abhaytechnicals.com/shop/mi-y3-redmi-7-orignal-charging-flex/","/products/mi-y3-redmi-7-orignal-charging-flex",3825,"mi-y3-redmi-7-orignal-charging-flex"
"https://abhaytechnicals.com/shop/oppo-a53-orignal-charging-flex/","/products/oppo-a53-orignal-charging-flex",3826,"oppo-a53-orignal-charging-flex"
"https://abhaytechnicals.com/shop/realme-c11-orignal-charging-flex/","/products/realme-c11-orignal-charging-flex",3827,"realme-c11-orignal-charging-flex"
"https://abhaytechnicals.com/shop/infinix-hot-12-pro-oca-touch-glass/","/products/infinix-hot-12-pro-oca-touch-glass",3833,"infinix-hot-12-pro-oca-touch-glass"
"https://abhaytechnicals.com/shop/infinix-hot-11s-oca-touch-glass/","/products/infinix-hot-11s-oca-touch-glass",3834,"infinix-hot-11s-oca-touch-glass"
"https://abhaytechnicals.com/shop/oppo-f3-oca-touch-glass/","/products/oppo-f3-oca-touch-glass",3837,"oppo-f3-oca-touch-glass"
"https://abhaytechnicals.com/shop/realme-1-oppo-f5-oca-touch-glass/","/products/realme-1-oppo-f5-oca-touch-glass",3838,"realme-1-oppo-f5-oca-touch-glass"
"https://abhaytechnicals.com/shop/oppo-f17-pro-oca-touch-glass/","/products/oppo-f17-pro-oca-touch-glass",3848,"oppo-f17-pro-oca-touch-glass"
"https://abhaytechnicals.com/shop/samsung-b310-mic-refresh/","/products/samsung-b310-mic-refresh",3939,"samsung-b310-mic-refresh"
"https://abhaytechnicals.com/shop/2-pin-swich/","/products/2-pin-swich",3941,"2-pin-swich"
"https://abhaytechnicals.com/shop/4-pin-swich/","/products/4-pin-swich",3943,"4-pin-swich"
"https://abhaytechnicals.com/shop/jio-ear-speaker/","/products/jio-ear-speaker",3945,"jio-ear-speaker"
"https://abhaytechnicals.com/shop/mi-5a-ear-speaker/","/products/mi-5a-ear-speaker",3947,"mi-5a-ear-speaker"
"https://abhaytechnicals.com/shop/samsung-b310-ear-speaker/","/products/samsung-b310-ear-speaker",3950,"samsung-b310-ear-speaker"
"https://abhaytechnicals.com/shop/samsung-1200-battery-connector/","/products/samsung-1200-battery-connector",3953,"samsung-1200-battery-connector"
"https://abhaytechnicals.com/shop/samsung-j210-ringer/","/products/samsung-j210-ringer",3955,"samsung-j210-ringer"
"https://abhaytechnicals.com/shop/narzo-20-on-off-flex/","/products/narzo-20-on-off-flex",4006,"narzo-20-on-off-flex"
"https://abhaytechnicals.com/shop/narzo-20a-on-off-flex/","/products/narzo-20a-on-off-flex",4007,"narzo-20a-on-off-flex"
"https://abhaytechnicals.com/shop/narzo-30a-on-off-flex/","/products/narzo-30a-on-off-flex",4008,"narzo-30a-on-off-flex"
"https://abhaytechnicals.com/shop/mi-a1-new-on-off-flex/","/products/mi-a1-new-on-off-flex",4009,"mi-a1-new-on-off-flex"
"https://abhaytechnicals.com/shop/mi-9c-on-off-flex/","/products/mi-9c-on-off-flex",4010,"mi-9c-on-off-flex"
"https://abhaytechnicals.com/shop/mi-note-11-on-off-flex/","/products/mi-note-11-on-off-flex",4011,"mi-note-11-on-off-flex"
"https://abhaytechnicals.com/shop/oppo-a52-on-off-flex/","/products/oppo-a52-on-off-flex",4012,"oppo-a52-on-off-flex"
"https://abhaytechnicals.com/shop/oppo-a57-new-on-off-flex/","/products/oppo-a57-new-on-off-flex",4013,"oppo-a57-new-on-off-flex"
"https://abhaytechnicals.com/shop/realme-9-on-off-flex/","/products/realme-9-on-off-flex",4040,"realme-9-on-off-flex"
"https://abhaytechnicals.com/shop/realme-c20-on-off-flex/","/products/realme-c20-on-off-flex",4041,"realme-c20-on-off-flex"
"https://abhaytechnicals.com/shop/oppo-f19-pro-on-off-flex/","/products/oppo-f19-pro-on-off-flex",4042,"oppo-f19-pro-on-off-flex"
"https://abhaytechnicals.com/shop/oppo-a16-on-off-flex/","/products/oppo-a16-on-off-flex",4043,"oppo-a16-on-off-flex"
"https://abhaytechnicals.com/shop/oppo-f11-on-off-flex/","/products/oppo-f11-on-off-flex",4044,"oppo-f11-on-off-flex"
"https://abhaytechnicals.com/shop/realme-c11-on-off-flex/","/products/realme-c11-on-off-flex",4045,"realme-c11-on-off-flex"
"https://abhaytechnicals.com/shop/oppo-f1s-on-off-flex/","/products/oppo-f1s-on-off-flex",4046,"oppo-f1s-on-off-flex"
"https://abhaytechnicals.com/shop/realme-c25-on-off-flex/","/products/realme-c25-on-off-flex",4047,"realme-c25-on-off-flex"
"https://abhaytechnicals.com/shop/realme-8i-on-off-flex/","/products/realme-8i-on-off-flex",4048,"realme-8i-on-off-flex"
"https://abhaytechnicals.com/shop/realme-c30-on-off-flex/","/products/realme-c30-on-off-flex",4049,"realme-c30-on-off-flex"
"https://abhaytechnicals.com/shop/vivo-v11-on-off-flex/","/products/vivo-v11-on-off-flex",4050,"vivo-v11-on-off-flex"
"https://abhaytechnicals.com/shop/vivo-y33s-on-off-flex/","/products/vivo-y33s-on-off-flex",4051,"vivo-y33s-on-off-flex"
"https://abhaytechnicals.com/shop/vivo-v9-on-off-flex/","/products/vivo-v9-on-off-flex",4053,"vivo-v9-on-off-flex"
"https://abhaytechnicals.com/shop/vivo-y30-on-off-flex-2/","/products/vivo-y30-on-off-flex-2",4054,"vivo-y30-on-off-flex-2"
"https://abhaytechnicals.com/shop/infinix-hot-11-on-off-flex/","/products/infinix-hot-11-on-off-flex",4055,"infinix-hot-11-on-off-flex"
"https://abhaytechnicals.com/shop/infinix-hot-11s-on-off-flex/","/products/infinix-hot-11s-on-off-flex",4056,"infinix-hot-11s-on-off-flex"
"https://abhaytechnicals.com/shop/infinix-hot-9-play-on-off-flex/","/products/infinix-hot-9-play-on-off-flex",4057,"infinix-hot-9-play-on-off-flex"
"https://abhaytechnicals.com/shop/realme-c35-side-rubber-key/","/products/realme-c35-side-rubber-key",4080,"realme-c35-side-rubber-key"
"https://abhaytechnicals.com/shop/realme-c21y-side-rubber-key/","/products/realme-c21y-side-rubber-key",4082,"realme-c21y-side-rubber-key"
"https://abhaytechnicals.com/shop/oppo-a33-side-rubber-key/","/products/oppo-a33-side-rubber-key",4083,"oppo-a33-side-rubber-key"
"https://abhaytechnicals.com/shop/oppo-a37-side-rubber-key/","/products/oppo-a37-side-rubber-key",4084,"oppo-a37-side-rubber-key"
"https://abhaytechnicals.com/shop/oppo-a5-2020-side-rubber-key/","/products/oppo-a5-2020-side-rubber-key",4085,"oppo-a5-2020-side-rubber-key"
"https://abhaytechnicals.com/shop/oppo-a1k-side-rubber-key/","/products/oppo-a1k-side-rubber-key",4086,"oppo-a1k-side-rubber-key"
"https://abhaytechnicals.com/shop/vivo-y83-pro-side-rubber-key/","/products/vivo-y83-pro-side-rubber-key",4087,"vivo-y83-pro-side-rubber-key"
"https://abhaytechnicals.com/shop/vivo-y81-side-rubber-key/","/products/vivo-y81-side-rubber-key",4088,"vivo-y81-side-rubber-key"
"https://abhaytechnicals.com/shop/vivo-y19-side-rubber-key/","/products/vivo-y19-side-rubber-key",4089,"vivo-y19-side-rubber-key"
"https://abhaytechnicals.com/shop/oppo-f1s-side-rubber-key/","/products/oppo-f1s-side-rubber-key",4090,"oppo-f1s-side-rubber-key"
"https://abhaytechnicals.com/shop/mi-5-side-rubber-key/","/products/mi-5-side-rubber-key",4091,"mi-5-side-rubber-key"
"https://abhaytechnicals.com/shop/mi-5a-side-rubber-key/","/products/mi-5a-side-rubber-key",4092,"mi-5a-side-rubber-key"
"https://abhaytechnicals.com/shop/vivo-y91-side-rubber-key/","/products/vivo-y91-side-rubber-key",4093,"vivo-y91-side-rubber-key"
"https://abhaytechnicals.com/shop/vivo-y12-side-rubber-key/","/products/vivo-y12-side-rubber-key",4094,"vivo-y12-side-rubber-key"
"https://abhaytechnicals.com/shop/vivo-v5-side-rubber-key/","/products/vivo-v5-side-rubber-key",4095,"vivo-v5-side-rubber-key"
"https://abhaytechnicals.com/shop/vivo-y53-side-rubber-key/","/products/vivo-y53-side-rubber-key",4096,"vivo-y53-side-rubber-key"
"https://abhaytechnicals.com/shop/vivo-y69-side-rubber-key/","/products/vivo-y69-side-rubber-key",4097,"vivo-y69-side-rubber-key"
"https://abhaytechnicals.com/shop/vivo-y66-side-rubber-key/","/products/vivo-y66-side-rubber-key",4098,"vivo-y66-side-rubber-key"
"https://abhaytechnicals.com/shop/vivo-y16-side-rubber-key/","/products/vivo-y16-side-rubber-key",4099,"vivo-y16-side-rubber-key"
"https://abhaytechnicals.com/shop/mi-8-side-rubber-key/","/products/mi-8-side-rubber-key",4106,"mi-8-side-rubber-key"
"https://abhaytechnicals.com/shop/mi-y1-side-rubber-key/","/products/mi-y1-side-rubber-key",4107,"mi-y1-side-rubber-key"
"https://abhaytechnicals.com/shop/mi-8a-side-rubber-key/","/products/mi-8a-side-rubber-key",4108,"mi-8a-side-rubber-key"
"https://abhaytechnicals.com/shop/mi-note-8-pro-side-rubber-key/","/products/mi-note-8-pro-side-rubber-key",4109,"mi-note-8-pro-side-rubber-key"
"https://abhaytechnicals.com/shop/mi-note-7-side-rubber-key/","/products/mi-note-7-side-rubber-key",4110,"mi-note-7-side-rubber-key"
"https://abhaytechnicals.com/shop/mi-note-8-side-rubber-key/","/products/mi-note-8-side-rubber-key",4111,"mi-note-8-side-rubber-key"
"https://abhaytechnicals.com/shop/mi-note-9-pro-side-rubber-key/","/products/mi-note-9-pro-side-rubber-key",4112,"mi-note-9-pro-side-rubber-key"
"https://abhaytechnicals.com/shop/honer-9-lite-side-rubber-key/","/products/honer-9-lite-side-rubber-key",4113,"honer-9-lite-side-rubber-key"
"https://abhaytechnicals.com/shop/vivo-y21l-side-rubber-key/","/products/vivo-y21l-side-rubber-key",4114,"vivo-y21l-side-rubber-key"
"https://abhaytechnicals.com/shop/realme-8i-side-rubber-key/","/products/realme-8i-side-rubber-key",4115,"realme-8i-side-rubber-key"
"https://abhaytechnicals.com/shop/realme-7i-side-rubber-key/","/products/realme-7i-side-rubber-key",4116,"realme-7i-side-rubber-key"
"https://abhaytechnicals.com/shop/vivo-y55-side-rubber-key/","/products/vivo-y55-side-rubber-key",4117,"vivo-y55-side-rubber-key"
"https://abhaytechnicals.com/shop/vivo-y51-side-rubber-key/","/products/vivo-y51-side-rubber-key",4118,"vivo-y51-side-rubber-key"
"https://abhaytechnicals.com/shop/vivo-y71-side-rubber-key/","/products/vivo-y71-side-rubber-key",4119,"vivo-y71-side-rubber-key"
"https://abhaytechnicals.com/shop/mi-note-4-side-rubber-key/","/products/mi-note-4-side-rubber-key",4120,"mi-note-4-side-rubber-key"
"https://abhaytechnicals.com/shop/realme-3-pro-side-rubber-key/","/products/realme-3-pro-side-rubber-key",4124,"realme-3-pro-side-rubber-key"
"https://abhaytechnicals.com/shop/samsung-g530-side-rubber-key/","/products/samsung-g530-side-rubber-key",4131,"samsung-g530-side-rubber-key"
"https://abhaytechnicals.com/shop/realme-c1-side-rubber-key/","/products/realme-c1-side-rubber-key",4133,"realme-c1-side-rubber-key"
"https://abhaytechnicals.com/shop/oppo-a12-side-rubber-key/","/products/oppo-a12-side-rubber-key",4135,"oppo-a12-side-rubber-key"
"https://abhaytechnicals.com/shop/mi-7a-side-rubber-key/","/products/mi-7a-side-rubber-key",4137,"mi-7a-side-rubber-key"
"https://abhaytechnicals.com/shop/realme-5-side-rubber-key/","/products/realme-5-side-rubber-key",4142,"realme-5-side-rubber-key"
"https://abhaytechnicals.com/shop/mi-9a-side-rubber-key/","/products/mi-9a-side-rubber-key",4143,"mi-9a-side-rubber-key"
"https://abhaytechnicals.com/shop/honor-9n-side-rubber-key/","/products/honor-9n-side-rubber-key",4144,"honor-9n-side-rubber-key"
"https://abhaytechnicals.com/shop/oppo-a16/","/products/oppo-a16",4145,"oppo-a16"
"https://abhaytechnicals.com/shop/oppo-a37-charging-conector/","/products/oppo-a37-charging-conector",4358,"oppo-a37-charging-conector"
"https://abhaytechnicals.com/shop/vivo-y21-new-charging-conector/","/products/vivo-y21-new-charging-conector",4414,"vivo-y21-new-charging-conector"
"https://abhaytechnicals.com/shop/samsung-a30-camera-glass-2/","/products/samsung-a30-camera-glass-2",4433,"samsung-a30-camera-glass-2"
"https://abhaytechnicals.com/shop/realme-6-charging-conector/","/products/realme-6-charging-conector",4525,"realme-6-charging-conector"
"https://abhaytechnicals.com/shop/itel-jio-charging-conector/","/products/itel-jio-charging-conector",4526,"itel-jio-charging-conector"
"https://abhaytechnicals.com/shop/mi-note-10-4g-orignal-charging-flex/","/products/mi-note-10-4g-orignal-charging-flex",4561,"mi-note-10-4g-orignal-charging-flex"
"https://abhaytechnicals.com/shop/mi-9-prime-orignal-charging-flex/","/products/mi-9-prime-orignal-charging-flex",4562,"mi-9-prime-orignal-charging-flex"
"https://abhaytechnicals.com/shop/redmi-12c-orignal-charging-flex/","/products/redmi-12c-orignal-charging-flex",4563,"redmi-12c-orignal-charging-flex"
"https://abhaytechnicals.com/shop/mi-note-9-orignal-charging-flex/","/products/mi-note-9-orignal-charging-flex",4564,"mi-note-9-orignal-charging-flex"
"https://abhaytechnicals.com/shop/mi-note-12-orignal-charging-flex/","/products/mi-note-12-orignal-charging-flex",4565,"mi-note-12-orignal-charging-flex"
"https://abhaytechnicals.com/shop/mi-note-10-pro-orignal-charging-flex/","/products/mi-note-10-pro-orignal-charging-flex",4566,"mi-note-10-pro-orignal-charging-flex"
"https://abhaytechnicals.com/shop/realme-narzo-50a-orignal-charging-flex/","/products/realme-narzo-50a-orignal-charging-flex",4567,"realme-narzo-50a-orignal-charging-flex"
"https://abhaytechnicals.com/shop/mi-y2-orignal-charging-flex/","/products/mi-y2-orignal-charging-flex",4568,"mi-y2-orignal-charging-flex"
"https://abhaytechnicals.com/shop/vivo-v21-4g-orignal-charging-flex/","/products/vivo-v21-4g-orignal-charging-flex",4569,"vivo-v21-4g-orignal-charging-flex"
"https://abhaytechnicals.com/shop/vivo-v17-orignal-charging-flex/","/products/vivo-v17-orignal-charging-flex",4570,"vivo-v17-orignal-charging-flex"
"https://abhaytechnicals.com/shop/vivo-y02-orignal-charging-flex/","/products/vivo-y02-orignal-charging-flex",4571,"vivo-y02-orignal-charging-flex"
"https://abhaytechnicals.com/shop/vivo-y73-orignal-charging-flex/","/products/vivo-y73-orignal-charging-flex",4572,"vivo-y73-orignal-charging-flex"
"https://abhaytechnicals.com/shop/vivo-t1-5g-orignal-charging-flex/","/products/vivo-t1-5g-orignal-charging-flex",4573,"vivo-t1-5g-orignal-charging-flex"
"https://abhaytechnicals.com/shop/vivo-v20-orignal-charging-flex/","/products/vivo-v20-orignal-charging-flex",4574,"vivo-v20-orignal-charging-flex"
"https://abhaytechnicals.com/shop/vivo-y51-new-orignal-charging-flex/","/products/vivo-y51-new-orignal-charging-flex",4575,"vivo-y51-new-orignal-charging-flex"
"https://abhaytechnicals.com/shop/realme-c20-orignal-charging-flex/","/products/realme-c20-orignal-charging-flex",4576,"realme-c20-orignal-charging-flex"
"https://abhaytechnicals.com/shop/realme-8i-orignal-charging-flex/","/products/realme-8i-orignal-charging-flex",4577,"realme-8i-orignal-charging-flex"
"https://abhaytechnicals.com/shop/realme-9i-orignal-charging-flex/","/products/realme-9i-orignal-charging-flex",4578,"realme-9i-orignal-charging-flex"
"https://abhaytechnicals.com/shop/realme-c35-orignal-charging-flex/","/products/realme-c35-orignal-charging-flex",4579,"realme-c35-orignal-charging-flex"
"https://abhaytechnicals.com/shop/oppo-f5-orignal-charging-flex/","/products/oppo-f5-orignal-charging-flex",4580,"oppo-f5-orignal-charging-flex"
"https://abhaytechnicals.com/shop/realme-8-4g-orignal-charging-flex/","/products/realme-8-4g-orignal-charging-flex",4623,"realme-8-4g-orignal-charging-flex"
"https://abhaytechnicals.com/shop/oppo-a57-new-orignal-charging-flex/","/products/oppo-a57-new-orignal-charging-flex",4624,"oppo-a57-new-orignal-charging-flex"
"https://abhaytechnicals.com/shop/realme-2-pro-orignal-charging-flex/","/products/realme-2-pro-orignal-charging-flex",4626,"realme-2-pro-orignal-charging-flex"
"https://abhaytechnicals.com/shop/infinix-hot-20-play-orignal-charging-flex/","/products/infinix-hot-20-play-orignal-charging-flex",4627,"infinix-hot-20-play-orignal-charging-flex"
"https://abhaytechnicals.com/shop/one-plus-nord-ce2-orignal-charging-flex/","/products/one-plus-nord-ce2-orignal-charging-flex",4628,"one-plus-nord-ce2-orignal-charging-flex"
"https://abhaytechnicals.com/shop/lava-z3-orignal-charging-flex/","/products/lava-z3-orignal-charging-flex",4629,"lava-z3-orignal-charging-flex"
"https://abhaytechnicals.com/shop/jio-next-orignal-charging-flex/","/products/jio-next-orignal-charging-flex",4630,"jio-next-orignal-charging-flex"
"https://abhaytechnicals.com/shop/tecno-spark-8-orignal-charging-flex/","/products/tecno-spark-8-orignal-charging-flex",4631,"tecno-spark-8-orignal-charging-flex"
"https://abhaytechnicals.com/shop/infinix-smart-7-orignal-charging-flex/","/products/infinix-smart-7-orignal-charging-flex",4632,"infinix-smart-7-orignal-charging-flex"
"https://abhaytechnicals.com/shop/inifinix-hot-20-5g-orignal-charging-flex/","/products/inifinix-hot-20-5g-orignal-charging-flex",4633,"inifinix-hot-20-5g-orignal-charging-flex"
"https://abhaytechnicals.com/shop/infinix-hot-11-orignal-charging-flex/","/products/infinix-hot-11-orignal-charging-flex",4634,"infinix-hot-11-orignal-charging-flex"
"https://abhaytechnicals.com/shop/inifinix-hot-10-orignal-charging-flex/","/products/inifinix-hot-10-orignal-charging-flex",4635,"inifinix-hot-10-orignal-charging-flex"
"https://abhaytechnicals.com/shop/tecno-spark-go-2023-orignal-charging-flex/","/products/tecno-spark-go-2023-orignal-charging-flex",4636,"tecno-spark-go-2023-orignal-charging-flex"
"https://abhaytechnicals.com/shop/moto-e7-power-orignal-charging-flex/","/products/moto-e7-power-orignal-charging-flex",4637,"moto-e7-power-orignal-charging-flex"
"https://abhaytechnicals.com/shop/infinix-hot-10-play-orignal-charging-flex/","/products/infinix-hot-10-play-orignal-charging-flex",4638,"infinix-hot-10-play-orignal-charging-flex"
"https://abhaytechnicals.com/shop/samsung-a22-5g-orignal-charging-flex/","/products/samsung-a22-5g-orignal-charging-flex",4639,"samsung-a22-5g-orignal-charging-flex"
"https://abhaytechnicals.com/shop/samsung-a70-orignal-charging-flex/","/products/samsung-a70-orignal-charging-flex",4640,"samsung-a70-orignal-charging-flex"
"https://abhaytechnicals.com/shop/samsung-m01-orignal-charging-flex/","/products/samsung-m01-orignal-charging-flex",4641,"samsung-m01-orignal-charging-flex"
"https://abhaytechnicals.com/shop/samsung-a14-5g-orignal-charging-flex/","/products/samsung-a14-5g-orignal-charging-flex",4642,"samsung-a14-5g-orignal-charging-flex"
"https://abhaytechnicals.com/shop/samsung-a32-4g-orignal-charging-flex/","/products/samsung-a32-4g-orignal-charging-flex",4643,"samsung-a32-4g-orignal-charging-flex"
"https://abhaytechnicals.com/shop/mi-poco-f1-orignal-charging-flex/","/products/mi-poco-f1-orignal-charging-flex",4672,"mi-poco-f1-orignal-charging-flex"
"https://abhaytechnicals.com/shop/realme-narzo-30a-orignal-charging-flex/","/products/realme-narzo-30a-orignal-charging-flex",4673,"realme-narzo-30a-orignal-charging-flex"
"https://abhaytechnicals.com/shop/samaung-f62-orignal-charging-flex/","/products/samaung-f62-orignal-charging-flex",4674,"samaung-f62-orignal-charging-flex"
"https://abhaytechnicals.com/shop/oppo-f17-orignal-charging-flex/","/products/oppo-f17-orignal-charging-flex",4675,"oppo-f17-orignal-charging-flex"
"https://abhaytechnicals.com/shop/oppo-a33-orignal-charging-flex/","/products/oppo-a33-orignal-charging-flex",4676,"oppo-a33-orignal-charging-flex"
"https://abhaytechnicals.com/shop/realme-8-5g-orignal-charging-flex/","/products/realme-8-5g-orignal-charging-flex",4677,"realme-8-5g-orignal-charging-flex"
"https://abhaytechnicals.com/shop/tecno-kg5-orignal-charging-flex/","/products/tecno-kg5-orignal-charging-flex",4678,"tecno-kg5-orignal-charging-flex"
"https://abhaytechnicals.com/shop/vivo-y51l-orignal-charging-flex/","/products/vivo-y51l-orignal-charging-flex",4679,"vivo-y51l-orignal-charging-flex"
"https://abhaytechnicals.com/shop/samsung-a51-orignal-charging-flex/","/products/samsung-a51-orignal-charging-flex",4681,"samsung-a51-orignal-charging-flex"
"https://abhaytechnicals.com/shop/samsung-a13-5g-orignal-charging-flex/","/products/samsung-a13-5g-orignal-charging-flex",4683,"samsung-a13-5g-orignal-charging-flex"
"https://abhaytechnicals.com/shop/oppo-a71-orignal-charging-flex/","/products/oppo-a71-orignal-charging-flex",4684,"oppo-a71-orignal-charging-flex"
"https://abhaytechnicals.com/shop/samsung-a21s-orignal-charging-flex/","/products/samsung-a21s-orignal-charging-flex",4685,"samsung-a21s-orignal-charging-flex"
"https://abhaytechnicals.com/shop/oppo-a52-orignal-charging-flex/","/products/oppo-a52-orignal-charging-flex",4686,"oppo-a52-orignal-charging-flex"
"https://abhaytechnicals.com/shop/vivo-y75-5g-orignal-charging-flex/","/products/vivo-y75-5g-orignal-charging-flex",4687,"vivo-y75-5g-orignal-charging-flex"
"https://abhaytechnicals.com/shop/samsung-a33-5g-orignal-charging-flex/","/products/samsung-a33-5g-orignal-charging-flex",4688,"samsung-a33-5g-orignal-charging-flex"
"https://abhaytechnicals.com/shop/vivo-v11-pro-orignal-charging-flex/","/products/vivo-v11-pro-orignal-charging-flex",4735,"vivo-v11-pro-orignal-charging-flex"
"https://abhaytechnicals.com/shop/oppo-a17-orignal-charging-flex/","/products/oppo-a17-orignal-charging-flex",4736,"oppo-a17-orignal-charging-flex"
"https://abhaytechnicals.com/shop/one-nord-2-orignal-charging-flex/","/products/one-nord-2-orignal-charging-flex",4737,"one-nord-2-orignal-charging-flex"
"https://abhaytechnicals.com/shop/oppo-a31-2020-orignal-charging-flex/","/products/oppo-a31-2020-orignal-charging-flex",4738,"oppo-a31-2020-orignal-charging-flex"
"https://abhaytechnicals.com/shop/vivo-y15s-orignal-charging-flex/","/products/vivo-y15s-orignal-charging-flex",4739,"vivo-y15s-orignal-charging-flex"
"https://abhaytechnicals.com/shop/samsung-a01-core-orignal-charging-flex/","/products/samsung-a01-core-orignal-charging-flex",4740,"samsung-a01-core-orignal-charging-flex"
"https://abhaytechnicals.com/shop/samsung-a04-orignal-charging-flex/","/products/samsung-a04-orignal-charging-flex",4741,"samsung-a04-orignal-charging-flex"
"https://abhaytechnicals.com/shop/realme-c30-orignal-charging-flex/","/products/realme-c30-orignal-charging-flex",4742,"realme-c30-orignal-charging-flex"
"https://abhaytechnicals.com/shop/samsung-a11-orignal-charging-flex/","/products/samsung-a11-orignal-charging-flex",4745,"samsung-a11-orignal-charging-flex"
"https://abhaytechnicals.com/shop/oppo-a33-new-orignal-charging-flex/","/products/oppo-a33-new-orignal-charging-flex",4746,"oppo-a33-new-orignal-charging-flex"
"https://abhaytechnicals.com/shop/samsung-a10s-orignal-charging-flex/","/products/samsung-a10s-orignal-charging-flex",4747,"samsung-a10s-orignal-charging-flex"
"https://abhaytechnicals.com/shop/realme-narzo-n53-orignal-charging-flex/","/products/realme-narzo-n53-orignal-charging-flex",4748,"realme-narzo-n53-orignal-charging-flex"
"https://abhaytechnicals.com/shop/oppo-a55-orignal-charging-flex/","/products/oppo-a55-orignal-charging-flex",4749,"oppo-a55-orignal-charging-flex"
"https://abhaytechnicals.com/shop/oppo-f7-orignal-charging-flex/","/products/oppo-f7-orignal-charging-flex",4751,"oppo-f7-orignal-charging-flex"
"https://abhaytechnicals.com/shop/vivo-v21-5g-orignal-charging-flex/","/products/vivo-v21-5g-orignal-charging-flex",4753,"vivo-v21-5g-orignal-charging-flex"
"https://abhaytechnicals.com/shop/vivo-y35-orignal-charging-flex/","/products/vivo-y35-orignal-charging-flex",4754,"vivo-y35-orignal-charging-flex"
"https://abhaytechnicals.com/shop/vivo-y16-orignal-charging-flex/","/products/vivo-y16-orignal-charging-flex",4755,"vivo-y16-orignal-charging-flex"
"https://abhaytechnicals.com/shop/samsung-a02-orignal-charging-flex/","/products/samsung-a02-orignal-charging-flex",4756,"samsung-a02-orignal-charging-flex"
"https://abhaytechnicals.com/shop/samsung-m51-orignal-charging-flex/","/products/samsung-m51-orignal-charging-flex",4757,"samsung-m51-orignal-charging-flex"
"https://abhaytechnicals.com/shop/realme-7i-orignal-charging-flex/","/products/realme-7i-orignal-charging-flex",4758,"realme-7i-orignal-charging-flex"
"https://abhaytechnicals.com/shop/realme-c25-orignal-charging-flex/","/products/realme-c25-orignal-charging-flex",4759,"realme-c25-orignal-charging-flex"
"https://abhaytechnicals.com/shop/samsung-a10-orignal-charging-flex/","/products/samsung-a10-orignal-charging-flex",4760,"samsung-a10-orignal-charging-flex"
"https://abhaytechnicals.com/shop/oppo-f17-pro-orignal-charging-flex/","/products/oppo-f17-pro-orignal-charging-flex",4761,"oppo-f17-pro-orignal-charging-flex"
"https://abhaytechnicals.com/shop/oppo-f19-orignal-charging-flex-2/","/products/oppo-f19-orignal-charging-flex-2",4762,"oppo-f19-orignal-charging-flex-2"
"https://abhaytechnicals.com/shop/oppo-f198-orignal-charging-flex/","/products/oppo-f198-orignal-charging-flex",4763,"oppo-f198-orignal-charging-flex"
"https://abhaytechnicals.com/shop/samsung-a71-orignal-charging-flex/","/products/samsung-a71-orignal-charging-flex",4764,"samsung-a71-orignal-charging-flex"
"https://abhaytechnicals.com/shop/samsung-a04s-orignal-charging-flex/","/products/samsung-a04s-orignal-charging-flex",4765,"samsung-a04s-orignal-charging-flex"
"https://abhaytechnicals.com/shop/tecno-spark-8t-orignal-charging-flex/","/products/tecno-spark-8t-orignal-charging-flex",4766,"tecno-spark-8t-orignal-charging-flex"
"https://abhaytechnicals.com/shop/tecno-pop-7-pro-orignal-charging-flex/","/products/tecno-pop-7-pro-orignal-charging-flex",4767,"tecno-pop-7-pro-orignal-charging-flex"
"https://abhaytechnicals.com/shop/tecno-pop-6-pro-orignal-charging-flex/","/products/tecno-pop-6-pro-orignal-charging-flex",4768,"tecno-pop-6-pro-orignal-charging-flex"
"https://abhaytechnicals.com/shop/tecno-spark-7t-og-cc-flex/","/products/tecno-spark-7t-og-cc-flex",5433,"tecno-spark-7t-og-cc-flex"
"https://abhaytechnicals.com/shop/samsung-a20s-m14-og-cc-flex/","/products/samsung-a20s-m14-og-cc-flex",5434,"samsung-a20s-m14-og-cc-flex"
"https://abhaytechnicals.com/shop/oppo-f15-charging-flex/","/products/oppo-f15-charging-flex",5467,"oppo-f15-charging-flex"
"https://abhaytechnicals.com/shop/oppo-f5-charging-flex/","/products/oppo-f5-charging-flex",5505,"oppo-f5-charging-flex"
"https://abhaytechnicals.com/shop/realme-8-pro-charging-flex/","/products/realme-8-pro-charging-flex",5507,"realme-8-pro-charging-flex"
"https://abhaytechnicals.com/shop/honor-8x-charging-flex/","/products/honor-8x-charging-flex",5516,"honor-8x-charging-flex"
"https://abhaytechnicals.com/shop/tecno-in3-charging-flex/","/products/tecno-in3-charging-flex",5522,"tecno-in3-charging-flex"
"https://abhaytechnicals.com/shop/itel-a41-charging-flex/","/products/itel-a41-charging-flex",5530,"itel-a41-charging-flex"
"https://abhaytechnicals.com/shop/oppo-a3s-charging-flex-orignal/","/products/oppo-a3s-charging-flex-orignal",5703,"oppo-a3s-charging-flex-orignal"
"https://abhaytechnicals.com/shop/oppo-a57-charging-flex-orignal/","/products/oppo-a57-charging-flex-orignal",5704,"oppo-a57-charging-flex-orignal"
"https://abhaytechnicals.com/shop/vivo-y75-4g-charging-flex-orignal/","/products/vivo-y75-4g-charging-flex-orignal",5705,"vivo-y75-4g-charging-flex-orignal"
"https://abhaytechnicals.com/shop/realme-9-5g-on-off-flex/","/products/realme-9-5g-on-off-flex",5707,"realme-9-5g-on-off-flex"
"https://abhaytechnicals.com/shop/nokia-16-pin-1-8-l-c-d/","/products/nokia-16-pin-1-8-l-c-d",5849,"nokia-16-pin-1-8-l-c-d"
"https://abhaytechnicals.com/shop/jio-bharat-20-pin-1-8-l-c-d/","/products/jio-bharat-20-pin-1-8-l-c-d",5850,"jio-bharat-20-pin-1-8-l-c-d"
"https://abhaytechnicals.com/shop/all-use-24-pin-2-4-l-c-d/","/products/all-use-24-pin-2-4-l-c-d",5851,"all-use-24-pin-2-4-l-c-d"
"https://abhaytechnicals.com/shop/cellcor-16-pin-2-4-l-c-d/","/products/cellcor-16-pin-2-4-l-c-d",5852,"cellcor-16-pin-2-4-l-c-d"
"https://abhaytechnicals.com/shop/cellcor-16-pin-1-8-l-c-d/","/products/cellcor-16-pin-1-8-l-c-d",5853,"cellcor-16-pin-1-8-l-c-d"
"https://abhaytechnicals.com/shop/cellcor-14-pin-1-8-l-c-d/","/products/cellcor-14-pin-1-8-l-c-d",5854,"cellcor-14-pin-1-8-l-c-d"
"https://abhaytechnicals.com/shop/kechoda-k115-14-pin-l-c-d/","/products/kechoda-k115-14-pin-l-c-d",5855,"kechoda-k115-14-pin-l-c-d"
"https://abhaytechnicals.com/shop/kechoda-a26-l-c-d/","/products/kechoda-a26-l-c-d",5856,"kechoda-a26-l-c-d"
"https://abhaytechnicals.com/shop/vivo-y71-main-flex/","/products/vivo-y71-main-flex",6669,"vivo-y71-main-flex"
"https://abhaytechnicals.com/shop/oppo-a12-main-flex/","/products/oppo-a12-main-flex",6670,"oppo-a12-main-flex"
"https://abhaytechnicals.com/shop/mi-note-3-main-flex/","/products/mi-note-3-main-flex",6671,"mi-note-3-main-flex"
"https://abhaytechnicals.com/shop/samsung-a30s-main-flex/","/products/samsung-a30s-main-flex",6672,"samsung-a30s-main-flex"
"https://abhaytechnicals.com/shop/mi-y2-finger-fingerprint-sensor/","/products/mi-y2-finger-fingerprint-sensor",6711,"mi-y2-finger-fingerprint-sensor"
"https://abhaytechnicals.com/shop/oppo-f11-pro-fingerprint-sensor/","/products/oppo-f11-pro-fingerprint-sensor",6712,"oppo-f11-pro-fingerprint-sensor"
"https://abhaytechnicals.com/shop/samsung-m30-m21-fingerprint-sensor/","/products/samsung-m30-m21-fingerprint-sensor",6713,"samsung-m30-m21-fingerprint-sensor"
"https://abhaytechnicals.com/shop/mi-note-5-fingerprint-sensor/","/products/mi-note-5-fingerprint-sensor",6714,"mi-note-5-fingerprint-sensor"
"https://abhaytechnicals.com/shop/realme-c12-c15-fingerprint-sensor/","/products/realme-c12-c15-fingerprint-sensor",6715,"realme-c12-c15-fingerprint-sensor"
"https://abhaytechnicals.com/shop/realme-8i-narzo-50-fingerprint-sensor/","/products/realme-8i-narzo-50-fingerprint-sensor",6716,"realme-8i-narzo-50-fingerprint-sensor"
"https://abhaytechnicals.com/shop/mi-note-5-pro-fingerprint-sensor/","/products/mi-note-5-pro-fingerprint-sensor",6717,"mi-note-5-pro-fingerprint-sensor"
"https://abhaytechnicals.com/shop/tecno-spark-8-fingerprint-sensor/","/products/tecno-spark-8-fingerprint-sensor",6718,"tecno-spark-8-fingerprint-sensor"
"https://abhaytechnicals.com/shop/6719/","/products/6719",6719,"6719"
"https://abhaytechnicals.com/shop/vivo-y91-y93-y95-fingerprint-sensor/","/products/vivo-y91-y93-y95-fingerprint-sensor",6720,"vivo-y91-y93-y95-fingerprint-sensor"
"https://abhaytechnicals.com/shop/mi-y1-fingerprint-sensor/","/products/mi-y1-fingerprint-sensor",6749,"mi-y1-fingerprint-sensor"
"https://abhaytechnicals.com/shop/oppo-a15-a16-fingerprint-sensor/","/products/oppo-a15-a16-fingerprint-sensor",6750,"oppo-a15-a16-fingerprint-sensor"
"https://abhaytechnicals.com/shop/realme-3-fingerprint-sensor/","/products/realme-3-fingerprint-sensor",6751,"realme-3-fingerprint-sensor"
"https://abhaytechnicals.com/shop/samsung-a12-a14-fingerprint-sensor/","/products/samsung-a12-a14-fingerprint-sensor",6752,"samsung-a12-a14-fingerprint-sensor"
"https://abhaytechnicals.com/shop/mi-note-9-pro-fingerprint-sensor/","/products/mi-note-9-pro-fingerprint-sensor",6753,"mi-note-9-pro-fingerprint-sensor"
"https://abhaytechnicals.com/shop/oppo-a57-new-fingerprint-sensor/","/products/oppo-a57-new-fingerprint-sensor",6754,"oppo-a57-new-fingerprint-sensor"
"https://abhaytechnicals.com/shop/mi-12-5g-fingerprint-sensor/","/products/mi-12-5g-fingerprint-sensor",6755,"mi-12-5g-fingerprint-sensor"
"https://abhaytechnicals.com/shop/mi-note-7-fingerprint-sensor/","/products/mi-note-7-fingerprint-sensor",6756,"mi-note-7-fingerprint-sensor"
"https://abhaytechnicals.com/shop/vivo-y51-new-fingerprint-sensor/","/products/vivo-y51-new-fingerprint-sensor",6757,"vivo-y51-new-fingerprint-sensor"
"https://abhaytechnicals.com/shop/vivo-y21-new-fingerprint-sensor/","/products/vivo-y21-new-fingerprint-sensor",6758,"vivo-y21-new-fingerprint-sensor"
"https://abhaytechnicals.com/shop/samsung-a13-a02-fingerprint-sensor/","/products/samsung-a13-a02-fingerprint-sensor",6760,"samsung-a13-a02-fingerprint-sensor"
"https://abhaytechnicals.com/shop/vivo-y20-fingerprint-sensor/","/products/vivo-y20-fingerprint-sensor",6761,"vivo-y20-fingerprint-sensor"
"https://abhaytechnicals.com/shop/samsung-a20-a30-fingerprint-sensor/","/products/samsung-a20-a30-fingerprint-sensor",6762,"samsung-a20-a30-fingerprint-sensor"
"https://abhaytechnicals.com/shop/realme-c2-a1k-spk-jali/","/products/realme-c2-a1k-spk-jali",6968,"realme-c2-a1k-spk-jali"
"https://abhaytechnicals.com/shop/realme-c11-spk-jali/","/products/realme-c11-spk-jali",6969,"realme-c11-spk-jali"
"https://abhaytechnicals.com/shop/oppo-a53-realme-7i-spk-jali/","/products/oppo-a53-realme-7i-spk-jali",6970,"oppo-a53-realme-7i-spk-jali"
"https://abhaytechnicals.com/shop/infinix-hot-11-2022-charging-flex-orignal/","/products/infinix-hot-11-2022-charging-flex-orignal",7307,"infinix-hot-11-2022-charging-flex-orignal"
"https://abhaytechnicals.com/shop/realme-9-4g-charging-flex-orignal/","/products/realme-9-4g-charging-flex-orignal",7308,"realme-9-4g-charging-flex-orignal"
"https://abhaytechnicals.com/shop/tecno-spark-go-2021-charging-flex-orignal/","/products/tecno-spark-go-2021-charging-flex-orignal",7309,"tecno-spark-go-2021-charging-flex-orignal"
"https://abhaytechnicals.com/shop/mi-pocp-m3-charging-flex-orignal/","/products/mi-pocp-m3-charging-flex-orignal",7310,"mi-pocp-m3-charging-flex-orignal"
"https://abhaytechnicals.com/shop/realme-c11-2021-charging-flex-orignal/","/products/realme-c11-2021-charging-flex-orignal",7311,"realme-c11-2021-charging-flex-orignal"
"https://abhaytechnicals.com/shop/mi-k20-charging-flex-orignal/","/products/mi-k20-charging-flex-orignal",7312,"mi-k20-charging-flex-orignal"
"https://abhaytechnicals.com/shop/mi-note-11-4g-charging-flex-orignal/","/products/mi-note-11-4g-charging-flex-orignal",7327,"mi-note-11-4g-charging-flex-orignal"
"https://abhaytechnicals.com/shop/vivo-y91-ear-speaker/","/products/vivo-y91-ear-speaker",7414,"vivo-y91-ear-speaker"
"https://abhaytechnicals.com/shop/itel-bl-5c-battery/","/products/itel-bl-5c-battery",7721,"itel-bl-5c-battery"
"https://abhaytechnicals.com/shop/samsung-x200-battery/","/products/samsung-x200-battery",7724,"samsung-x200-battery"
"https://abhaytechnicals.com/shop/itel-bl-25bi-battery/","/products/itel-bl-25bi-battery",7725,"itel-bl-25bi-battery"
"https://abhaytechnicals.com/shop/lava-leb023-battery/","/products/lava-leb023-battery",7726,"lava-leb023-battery"
"https://abhaytechnicals.com/shop/jio-f90-battery/","/products/jio-f90-battery",7727,"jio-f90-battery"
"https://abhaytechnicals.com/shop/vivo-y50-back-panel/","/products/vivo-y50-back-panel",7965,"vivo-y50-back-panel"
"https://abhaytechnicals.com/shop/realme-c31-back-panel/","/products/realme-c31-back-panel",7966,"realme-c31-back-panel"
"https://abhaytechnicals.com/shop/oppo-a33-new-on-off-flex/","/products/oppo-a33-new-on-off-flex",7990,"oppo-a33-new-on-off-flex"
"https://abhaytechnicals.com/shop/samsung-a13-4g-charging-flex-orignal/","/products/samsung-a13-4g-charging-flex-orignal",8059,"samsung-a13-4g-charging-flex-orignal"
"https://abhaytechnicals.com/shop/realme-3i-charging-flex-orignal/","/products/realme-3i-charging-flex-orignal",8060,"realme-3i-charging-flex-orignal"
"https://abhaytechnicals.com/shop/tecno-spark-10-charging-flex-orignal/","/products/tecno-spark-10-charging-flex-orignal",8061,"tecno-spark-10-charging-flex-orignal"
"https://abhaytechnicals.com/shop/samsung-f13-4g-charging-flex-orignal/","/products/samsung-f13-4g-charging-flex-orignal",8062,"samsung-f13-4g-charging-flex-orignal"
"https://abhaytechnicals.com/shop/t4-tool-screw-driver/","/products/t4-tool-screw-driver",8067,"t4-tool-screw-driver"
"https://abhaytechnicals.com/shop/8081/","/products/8081",8081,"8081"
"https://abhaytechnicals.com/shop/mi-note-5-camera-glass/","/products/mi-note-5-camera-glass",8188,"mi-note-5-camera-glass"
"https://abhaytechnicals.com/shop/vivo-y76-camera-glass/","/products/vivo-y76-camera-glass",8189,"vivo-y76-camera-glass"
"https://abhaytechnicals.com/shop/mi-poco-c55-camera-glass/","/products/mi-poco-c55-camera-glass",8190,"mi-poco-c55-camera-glass"
"https://abhaytechnicals.com/shop/mi-note-5-pro-camera-glass/","/products/mi-note-5-pro-camera-glass",8191,"mi-note-5-pro-camera-glass"
"https://abhaytechnicals.com/shop/oppo-a57-fingerprint-sensor/","/products/oppo-a57-fingerprint-sensor",8207,"oppo-a57-fingerprint-sensor"
"https://abhaytechnicals.com/shop/rma-223-solder-flux-pest/","/products/rma-223-solder-flux-pest",8212,"rma-223-solder-flux-pest"
"https://abhaytechnicals.com/shop/one-6t-ringer-set/","/products/one-6t-ringer-set",8369,"one-6t-ringer-set"
"https://abhaytechnicals.com/shop/one-nord-2-ringer-set/","/products/one-nord-2-ringer-set",8371,"one-nord-2-ringer-set"
"https://abhaytechnicals.com/shop/one-7t-ringer-set/","/products/one-7t-ringer-set",8409,"one-7t-ringer-set"
"https://abhaytechnicals.com/shop/one-nord-ce-2-ringer-set/","/products/one-nord-ce-2-ringer-set",8410,"one-nord-ce-2-ringer-set"
"https://abhaytechnicals.com/shop/mi-10c-ringer-set/","/products/mi-10c-ringer-set",8411,"mi-10c-ringer-set"
"https://abhaytechnicals.com/shop/samsung-a02-ringer-set/","/products/samsung-a02-ringer-set",8412,"samsung-a02-ringer-set"
"https://abhaytechnicals.com/shop/samsung-a03s-ringer-set/","/products/samsung-a03s-ringer-set",8413,"samsung-a03s-ringer-set"
"https://abhaytechnicals.com/shop/samsung-a04e-ringer-set/","/products/samsung-a04e-ringer-set",8414,"samsung-a04e-ringer-set"
"https://abhaytechnicals.com/shop/oppo-a5s-ringer-set-2/","/products/oppo-a5s-ringer-set-2",8415,"oppo-a5s-ringer-set-2"
"https://abhaytechnicals.com/shop/oppo-a53-ringer-set/","/products/oppo-a53-ringer-set",8416,"oppo-a53-ringer-set"
"https://abhaytechnicals.com/shop/oppo-a57-new-ringer-set/","/products/oppo-a57-new-ringer-set",8417,"oppo-a57-new-ringer-set"
"https://abhaytechnicals.com/shop/oppo-a57-ringer-set/","/products/oppo-a57-ringer-set",8418,"oppo-a57-ringer-set"
"https://abhaytechnicals.com/shop/samsung-a04s-ringer-set/","/products/samsung-a04s-ringer-set",8421,"samsung-a04s-ringer-set"
"https://abhaytechnicals.com/shop/oppo-a71-ringer-set/","/products/oppo-a71-ringer-set",8422,"oppo-a71-ringer-set"
"https://abhaytechnicals.com/shop/realme-c3-realme-5-ringer-set/","/products/realme-c3-realme-5-ringer-set",8423,"realme-c3-realme-5-ringer-set"
"https://abhaytechnicals.com/shop/realme-c21y-ringer-set/","/products/realme-c21y-ringer-set",8424,"realme-c21y-ringer-set"
"https://abhaytechnicals.com/shop/realme-c30-ringer-set/","/products/realme-c30-ringer-set",8425,"realme-c30-ringer-set"
"https://abhaytechnicals.com/shop/oppo-f9-ringer-set/","/products/oppo-f9-ringer-set",8426,"oppo-f9-ringer-set"
"https://abhaytechnicals.com/shop/oppo-f11-pro-ringer-set/","/products/oppo-f11-pro-ringer-set",8427,"oppo-f11-pro-ringer-set"
"https://abhaytechnicals.com/shop/moto-g8-power-lite-ringer-set/","/products/moto-g8-power-lite-ringer-set",8428,"moto-g8-power-lite-ringer-set"
"https://abhaytechnicals.com/shop/moto-g82-5g-ringer-set/","/products/moto-g82-5g-ringer-set",8429,"moto-g82-5g-ringer-set"
"https://abhaytechnicals.com/shop/mi-note-12-5g-ringer-set/","/products/mi-note-12-5g-ringer-set",8430,"mi-note-12-5g-ringer-set"
"https://abhaytechnicals.com/shop/realme-6-ringer-set/","/products/realme-6-ringer-set",8431,"realme-6-ringer-set"
"https://abhaytechnicals.com/shop/mi-10-prime-ringer-set/","/products/mi-10-prime-ringer-set",8432,"mi-10-prime-ringer-set"
"https://abhaytechnicals.com/shop/tecno-spark-7-ringer-set/","/products/tecno-spark-7-ringer-set",8434,"tecno-spark-7-ringer-set"
"https://abhaytechnicals.com/shop/vivo-t1-5g-ringer-set/","/products/vivo-t1-5g-ringer-set",8435,"vivo-t1-5g-ringer-set"
"https://abhaytechnicals.com/shop/vivo-v20-4g-ringer-set/","/products/vivo-v20-4g-ringer-set",8436,"vivo-v20-4g-ringer-set"
"https://abhaytechnicals.com/shop/vivo-y35-ringer-set/","/products/vivo-y35-ringer-set",8437,"vivo-y35-ringer-set"
"https://abhaytechnicals.com/shop/vivo-y22-ringer-set/","/products/vivo-y22-ringer-set",8438,"vivo-y22-ringer-set"
"https://abhaytechnicals.com/shop/vivo-y27-ringer-set/","/products/vivo-y27-ringer-set",8439,"vivo-y27-ringer-set"
"https://abhaytechnicals.com/shop/vivo-y33s-y33-new-ringer-set/","/products/vivo-y33s-y33-new-ringer-set",8440,"vivo-y33s-y33-new-ringer-set"
"https://abhaytechnicals.com/shop/infinix-hot-10-ringer-set/","/products/infinix-hot-10-ringer-set",8441,"infinix-hot-10-ringer-set"
"https://abhaytechnicals.com/shop/infinix-hot-12-play-ringer-set/","/products/infinix-hot-12-play-ringer-set",8442,"infinix-hot-12-play-ringer-set"
"https://abhaytechnicals.com/shop/mi-note-9-pro-ringer-set/","/products/mi-note-9-pro-ringer-set",8444,"mi-note-9-pro-ringer-set"
"https://abhaytechnicals.com/shop/mi-note-10-4g-ringer-set/","/products/mi-note-10-4g-ringer-set",8445,"mi-note-10-4g-ringer-set"
"https://abhaytechnicals.com/shop/mi-note-11-4g-ringer-set/","/products/mi-note-11-4g-ringer-set",8446,"mi-note-11-4g-ringer-set"
"https://abhaytechnicals.com/shop/one-nord-ringer-set/","/products/one-nord-ringer-set",8447,"one-nord-ringer-set"
"https://abhaytechnicals.com/shop/realme-c25-side-rubber-key/","/products/realme-c25-side-rubber-key",8684,"realme-c25-side-rubber-key"
"https://abhaytechnicals.com/shop/mi-7-y3-side-rubber-key/","/products/mi-7-y3-side-rubber-key",8685,"mi-7-y3-side-rubber-key"
"https://abhaytechnicals.com/shop/vivo-v15-sim-holder/","/products/vivo-v15-sim-holder",8688,"vivo-v15-sim-holder"
"https://abhaytechnicals.com/shop/mi-8-sim-holder/","/products/mi-8-sim-holder",8690,"mi-8-sim-holder"
"https://abhaytechnicals.com/shop/realme-9i-5g-sim-holder/","/products/realme-9i-5g-sim-holder",8691,"realme-9i-5g-sim-holder"
"https://abhaytechnicals.com/shop/vivo-v15-pro-sim-holder/","/products/vivo-v15-pro-sim-holder",8692,"vivo-v15-pro-sim-holder"
"https://abhaytechnicals.com/shop/samsung-a50-sim-holder/","/products/samsung-a50-sim-holder",8693,"samsung-a50-sim-holder"
"https://abhaytechnicals.com/shop/vivo-v5-sim-holder/","/products/vivo-v5-sim-holder",8698,"vivo-v5-sim-holder"
"https://abhaytechnicals.com/shop/realme-2-on-off-flex/","/products/realme-2-on-off-flex",8700,"realme-2-on-off-flex"
"https://abhaytechnicals.com/shop/realme-8-5g-on-off-flex/","/products/realme-8-5g-on-off-flex",8701,"realme-8-5g-on-off-flex"
"https://abhaytechnicals.com/shop/infinix-note-11-on-off-flex/","/products/infinix-note-11-on-off-flex",8702,"infinix-note-11-on-off-flex"
"https://abhaytechnicals.com/shop/samsung-a04e-on-off-flex/","/products/samsung-a04e-on-off-flex",8703,"samsung-a04e-on-off-flex"
"https://abhaytechnicals.com/shop/infinix-hot-12-play-on-off-flex/","/products/infinix-hot-12-play-on-off-flex",8704,"infinix-hot-12-play-on-off-flex"
"https://abhaytechnicals.com/shop/mi-a1-new-charging-flex-orignal/","/products/mi-a1-new-charging-flex-orignal",8712,"mi-a1-new-charging-flex-orignal"
"https://abhaytechnicals.com/shop/one-plus-ce-2-lite-charging-flex-orignal/","/products/one-plus-ce-2-lite-charging-flex-orignal",8713,"one-plus-ce-2-lite-charging-flex-orignal"
"https://abhaytechnicals.com/shop/lava-a60-on-off-flex/","/products/lava-a60-on-off-flex",8716,"lava-a60-on-off-flex"
"https://abhaytechnicals.com/shop/infinix-hot-20-4g-charging-flex-orignal/","/products/infinix-hot-20-4g-charging-flex-orignal",8725,"infinix-hot-20-4g-charging-flex-orignal"
"https://abhaytechnicals.com/shop/koocu-desolder-wick/","/products/koocu-desolder-wick",8745,"koocu-desolder-wick"
"https://abhaytechnicals.com/shop/multimeter-wire/","/products/multimeter-wire",8747,"multimeter-wire"
"https://abhaytechnicals.com/shop/bhaeti-solder-wire-100-og/","/products/bhaeti-solder-wire-100-og",8749,"bhaeti-solder-wire-100-og"
"https://abhaytechnicals.com/shop/mobile-phone-screw/","/products/mobile-phone-screw",8751,"mobile-phone-screw"
"https://abhaytechnicals.com/shop/l-c-d-fish-opener/","/products/l-c-d-fish-opener",8758,"l-c-d-fish-opener"
"https://abhaytechnicals.com/shop/25w-iron-coper-bit/","/products/25w-iron-coper-bit",8761,"25w-iron-coper-bit"
"https://abhaytechnicals.com/shop/micro-iron-coper-bit/","/products/micro-iron-coper-bit",8762,"micro-iron-coper-bit"
"https://abhaytechnicals.com/shop/android-battery-booster/","/products/android-battery-booster",8770,"android-battery-booster"
"https://abhaytechnicals.com/shop/samung-j7-side-rubber-key/","/products/samung-j7-side-rubber-key",8794,"samung-j7-side-rubber-key"
"https://abhaytechnicals.com/shop/vivo-y21-new-side-rubber-key/","/products/vivo-y21-new-side-rubber-key",8795,"vivo-y21-new-side-rubber-key"
"https://abhaytechnicals.com/shop/vivo-y50-ringer-set/","/products/vivo-y50-ringer-set",9823,"vivo-y50-ringer-set"
"https://abhaytechnicals.com/shop/vivo-y75-5g-ringer-set/","/products/vivo-y75-5g-ringer-set",9824,"vivo-y75-5g-ringer-set"
"https://abhaytechnicals.com/shop/oppo-f17-ringer-set/","/products/oppo-f17-ringer-set",9825,"oppo-f17-ringer-set"
"https://abhaytechnicals.com/shop/tecno-bb4k-ringer-set/","/products/tecno-bb4k-ringer-set",9826,"tecno-bb4k-ringer-set"
"https://abhaytechnicals.com/shop/mi-a2-charging-flex-orignal/","/products/mi-a2-charging-flex-orignal",9841,"mi-a2-charging-flex-orignal"
"https://abhaytechnicals.com/shop/mi-note-8-pro-charging-flex-orignal/","/products/mi-note-8-pro-charging-flex-orignal",9842,"mi-note-8-pro-charging-flex-orignal"
"https://abhaytechnicals.com/shop/mi-note-8-charging-flex-orignal/","/products/mi-note-8-charging-flex-orignal",9843,"mi-note-8-charging-flex-orignal"
"https://abhaytechnicals.com/shop/infinix-smart-hd-charging-flex-orignal/","/products/infinix-smart-hd-charging-flex-orignal",9844,"infinix-smart-hd-charging-flex-orignal"
"https://abhaytechnicals.com/shop/samsung-m10-charging-flex-orignal/","/products/samsung-m10-charging-flex-orignal",9845,"samsung-m10-charging-flex-orignal"
"https://abhaytechnicals.com/shop/mi-a2-side-rubber-key/","/products/mi-a2-side-rubber-key",10002,"mi-a2-side-rubber-key"
"https://abhaytechnicals.com/shop/oppo-a57-main-flex/","/products/oppo-a57-main-flex",10004,"oppo-a57-main-flex"
"https://abhaytechnicals.com/shop/oppo-a11k-main-flex/","/products/oppo-a11k-main-flex",10005,"oppo-a11k-main-flex"
"https://abhaytechnicals.com/shop/oppo-f15-pro-main-flex/","/products/oppo-f15-pro-main-flex",10006,"oppo-f15-pro-main-flex"
"https://abhaytechnicals.com/shop/vivo-v15-main-flex/","/products/vivo-v15-main-flex",10007,"vivo-v15-main-flex"
"https://abhaytechnicals.com/shop/bl5c-battery-for-nokia/","/products/bl5c-battery-for-nokia",10494,"bl5c-battery-for-nokia"
"https://abhaytechnicals.com/shop/jio-f90-sim-port/","/products/jio-f90-sim-port",10503,"jio-f90-sim-port"
"https://abhaytechnicals.com/shop/jio-f120-sim-port/","/products/jio-f120-sim-port",10504,"jio-f120-sim-port"
"https://abhaytechnicals.com/shop/jio-f220-sim-open-port/","/products/jio-f220-sim-open-port",10505,"jio-f220-sim-open-port"
"https://abhaytechnicals.com/shop/one-nord-cc-flex-orignal/","/products/one-nord-cc-flex-orignal",10510,"one-nord-cc-flex-orignal"
"https://abhaytechnicals.com/shop/samsung-a02s-sim-holder/","/products/samsung-a02s-sim-holder",10511,"samsung-a02s-sim-holder"
"https://abhaytechnicals.com/shop/samsung-a32-4g-back-panel/","/products/samsung-a32-4g-back-panel",10514,"samsung-a32-4g-back-panel"
"https://abhaytechnicals.com/shop/samsung-a53-back-panel/","/products/samsung-a53-back-panel",10515,"samsung-a53-back-panel"
"https://abhaytechnicals.com/shop/mi-10-prime-midil-ring/","/products/mi-10-prime-midil-ring",10516,"mi-10-prime-midil-ring"
"https://abhaytechnicals.com/shop/oppo-a31-2020-back-panel/","/products/oppo-a31-2020-back-panel",10517,"oppo-a31-2020-back-panel"
"https://abhaytechnicals.com/shop/realme-c25y-back-panel/","/products/realme-c25y-back-panel",10518,"realme-c25y-back-panel"
"https://abhaytechnicals.com/shop/mi-a2-l-c-d-ring/","/products/mi-a2-l-c-d-ring",10525,"mi-a2-l-c-d-ring"
"https://abhaytechnicals.com/shop/infinix-hot-10s-back-panel/","/products/infinix-hot-10s-back-panel",10526,"infinix-hot-10s-back-panel"
"https://abhaytechnicals.com/shop/mechanic-ad-559-flex-paste/","/products/mechanic-ad-559-flex-paste",10537,"mechanic-ad-559-flex-paste"
"https://abhaytechnicals.com/shop/koocu-kc-599a-soldering-iron-bit-cleaner/","/products/koocu-kc-599a-soldering-iron-bit-cleaner",10540,"koocu-kc-599a-soldering-iron-bit-cleaner"
"https://abhaytechnicals.com/shop/vivo-y75-4g-midil-panel/","/products/vivo-y75-4g-midil-panel",10549,"vivo-y75-4g-midil-panel"
"https://abhaytechnicals.com/shop/itel-a26-on-off-flex/","/products/itel-a26-on-off-flex",10784,"itel-a26-on-off-flex"
"https://abhaytechnicals.com/shop/itel-a25-on-off-flex/","/products/itel-a25-on-off-flex",10785,"itel-a25-on-off-flex"
"https://abhaytechnicals.com/shop/vision-3-on-off-flex/","/products/vision-3-on-off-flex",10786,"vision-3-on-off-flex"
"https://abhaytechnicals.com/shop/itel-a48-on-off-flex/","/products/itel-a48-on-off-flex",10787,"itel-a48-on-off-flex"
"https://abhaytechnicals.com/shop/itel-vision-2-on-off-flex/","/products/itel-vision-2-on-off-flex",10788,"itel-vision-2-on-off-flex"
"https://abhaytechnicals.com/shop/itel-vision-2s-on-off-flex/","/products/itel-vision-2s-on-off-flex",10789,"itel-vision-2s-on-off-flex"
"https://abhaytechnicals.com/shop/itel-vision-1-on-off-flex/","/products/itel-vision-1-on-off-flex",10790,"itel-vision-1-on-off-flex"
"https://abhaytechnicals.com/shop/itel-vision-1-pro-on-off-flex/","/products/itel-vision-1-pro-on-off-flex",10791,"itel-vision-1-pro-on-off-flex"
"https://abhaytechnicals.com/shop/itel-a23-on-off-flex/","/products/itel-a23-on-off-flex",10974,"itel-a23-on-off-flex"
"https://abhaytechnicals.com/shop/itel-a23-pro-on-off-flex/","/products/itel-a23-pro-on-off-flex",10975,"itel-a23-pro-on-off-flex"
"https://abhaytechnicals.com/shop/itel-a49-on-off-flex/","/products/itel-a49-on-off-flex",10976,"itel-a49-on-off-flex"
"https://abhaytechnicals.com/shop/honor-10-lite-on-off-flex/","/products/honor-10-lite-on-off-flex",10977,"honor-10-lite-on-off-flex"
"https://abhaytechnicals.com/shop/honor-7c-on-off-flex/","/products/honor-7c-on-off-flex",10978,"honor-7c-on-off-flex"
"https://abhaytechnicals.com/shop/honor-9n-on-off-flex/","/products/honor-9n-on-off-flex",10979,"honor-9n-on-off-flex"
"https://abhaytechnicals.com/shop/honor-7s-on-off-flex/","/products/honor-7s-on-off-flex",10980,"honor-7s-on-off-flex"
"https://abhaytechnicals.com/shop/honor-8x-on-off-flex/","/products/honor-8x-on-off-flex",10981,"honor-8x-on-off-flex"
"https://abhaytechnicals.com/shop/honor-7x-on-off-flex/","/products/honor-7x-on-off-flex",10982,"honor-7x-on-off-flex"
"https://abhaytechnicals.com/shop/honor-6x-on-off-flex/","/products/honor-6x-on-off-flex",10983,"honor-6x-on-off-flex"
"https://abhaytechnicals.com/shop/honor-7a-on-off-flex/","/products/honor-7a-on-off-flex",10984,"honor-7a-on-off-flex"
"https://abhaytechnicals.com/shop/honor-9n-on-off-flex-2/","/products/honor-9n-on-off-flex-2",10985,"honor-9n-on-off-flex-2"
"https://abhaytechnicals.com/shop/huwai-p20-lite-on-off-flex/","/products/huwai-p20-lite-on-off-flex",10986,"huwai-p20-lite-on-off-flex"
"https://abhaytechnicals.com/shop/huwai-p30-lite-on-off-flex/","/products/huwai-p30-lite-on-off-flex",10987,"huwai-p30-lite-on-off-flex"
"https://abhaytechnicals.com/shop/one-nord-ce4-on-off-flex/","/products/one-nord-ce4-on-off-flex",10992,"one-nord-ce4-on-off-flex"
"https://abhaytechnicals.com/shop/one-11-5g-on-off-flex/","/products/one-11-5g-on-off-flex",10993,"one-11-5g-on-off-flex"
"https://abhaytechnicals.com/shop/one-6-on-off-flex/","/products/one-6-on-off-flex",10994,"one-6-on-off-flex"
"https://abhaytechnicals.com/shop/one-6t-on-off-flex/","/products/one-6t-on-off-flex",10995,"one-6t-on-off-flex"
"https://abhaytechnicals.com/shop/one-7-on-off-flex/","/products/one-7-on-off-flex",10996,"one-7-on-off-flex"
"https://abhaytechnicals.com/shop/one-nord-ce-on-off-flex/","/products/one-nord-ce-on-off-flex",10997,"one-nord-ce-on-off-flex"
"https://abhaytechnicals.com/shop/one-8t-on-off-flex/","/products/one-8t-on-off-flex",10998,"one-8t-on-off-flex"
"https://abhaytechnicals.com/shop/one-nord-2-on-off-flex/","/products/one-nord-2-on-off-flex",10999,"one-nord-2-on-off-flex"
"https://abhaytechnicals.com/shop/one-11r-on-off-flex/","/products/one-11r-on-off-flex",11000,"one-11r-on-off-flex"
"https://abhaytechnicals.com/shop/one-nord-n100-on-off-flex/","/products/one-nord-n100-on-off-flex",11001,"one-nord-n100-on-off-flex"
"https://abhaytechnicals.com/shop/one-7t-on-off-flex/","/products/one-7t-on-off-flex",11002,"one-7t-on-off-flex"
"https://abhaytechnicals.com/shop/one-nord-on-off-flex/","/products/one-nord-on-off-flex",11003,"one-nord-on-off-flex"
"https://abhaytechnicals.com/shop/one-nord-2t-on-off-flex/","/products/one-nord-2t-on-off-flex",11004,"one-nord-2t-on-off-flex"
"https://abhaytechnicals.com/shop/poco-c65-on-off-flex/","/products/poco-c65-on-off-flex",11007,"poco-c65-on-off-flex"
"https://abhaytechnicals.com/shop/poco-c50-on-off-flex/","/products/poco-c50-on-off-flex",11008,"poco-c50-on-off-flex"
"https://abhaytechnicals.com/shop/poco-f1-on-off-flex/","/products/poco-f1-on-off-flex",11009,"poco-f1-on-off-flex"
"https://abhaytechnicals.com/shop/poco-m4-5g-on-off-flex/","/products/poco-m4-5g-on-off-flex",11010,"poco-m4-5g-on-off-flex"
"https://abhaytechnicals.com/shop/mi-note-12-4g-on-off-flex/","/products/mi-note-12-4g-on-off-flex",11011,"mi-note-12-4g-on-off-flex"
"https://abhaytechnicals.com/shop/mi-note-12-5g-on-off-flex/","/products/mi-note-12-5g-on-off-flex",11012,"mi-note-12-5g-on-off-flex"
"https://abhaytechnicals.com/shop/mi-note-11-pro-on-off-flex/","/products/mi-note-11-pro-on-off-flex",11013,"mi-note-11-pro-on-off-flex"
"https://abhaytechnicals.com/shop/poco-m6-pro-on-off-flex/","/products/poco-m6-pro-on-off-flex",11014,"poco-m6-pro-on-off-flex"
"https://abhaytechnicals.com/shop/mi-note-13-5g-on-off-flex/","/products/mi-note-13-5g-on-off-flex",11015,"mi-note-13-5g-on-off-flex"
"https://abhaytechnicals.com/shop/mi-note-13-pro-on-off-flex/","/products/mi-note-13-pro-on-off-flex",11016,"mi-note-13-pro-on-off-flex"
"https://abhaytechnicals.com/shop/oppo-k10-5g-on-off-flex/","/products/oppo-k10-5g-on-off-flex",11017,"oppo-k10-5g-on-off-flex"
"https://abhaytechnicals.com/shop/mi-11-prime-5g-on-off-flex/","/products/mi-11-prime-5g-on-off-flex",11027,"mi-11-prime-5g-on-off-flex"
"https://abhaytechnicals.com/shop/mi-12c-on-off-flex/","/products/mi-12c-on-off-flex",11028,"mi-12c-on-off-flex"
"https://abhaytechnicals.com/shop/mi-12-5g-on-off-flex/","/products/mi-12-5g-on-off-flex",11029,"mi-12-5g-on-off-flex"
"https://abhaytechnicals.com/shop/mi-13c-on-off-flex/","/products/mi-13c-on-off-flex",11030,"mi-13c-on-off-flex"
"https://abhaytechnicals.com/shop/mi-note-12-pro-on-off-flex/","/products/mi-note-12-pro-on-off-flex",11031,"mi-note-12-pro-on-off-flex"
"https://abhaytechnicals.com/shop/vivo-y56-5g-on-off-flex/","/products/vivo-y56-5g-on-off-flex",11034,"vivo-y56-5g-on-off-flex"
"https://abhaytechnicals.com/shop/vivo-v23e-on-off-flex/","/products/vivo-v23e-on-off-flex",11035,"vivo-v23e-on-off-flex"
"https://abhaytechnicals.com/shop/vivo-t2x-5g-on-off-flex/","/products/vivo-t2x-5g-on-off-flex",11036,"vivo-t2x-5g-on-off-flex"
"https://abhaytechnicals.com/shop/vivo-y27-on-off-flex/","/products/vivo-y27-on-off-flex",11037,"vivo-y27-on-off-flex"
"https://abhaytechnicals.com/shop/vivo-v23-on-off-flex/","/products/vivo-v23-on-off-flex",11038,"vivo-v23-on-off-flex"
"https://abhaytechnicals.com/shop/vivo-t1x-on-off-flex/","/products/vivo-t1x-on-off-flex",11039,"vivo-t1x-on-off-flex"
"https://abhaytechnicals.com/shop/vivo-y100-on-off-flex/","/products/vivo-y100-on-off-flex",11040,"vivo-y100-on-off-flex"
"https://abhaytechnicals.com/shop/vivo-y18-on-off-flex/","/products/vivo-y18-on-off-flex",11041,"vivo-y18-on-off-flex"
"https://abhaytechnicals.com/shop/vivo-t3x-5g-on-off-flex/","/products/vivo-t3x-5g-on-off-flex",11042,"vivo-t3x-5g-on-off-flex"
"https://abhaytechnicals.com/shop/vivo-y36-on-off-flex/","/products/vivo-y36-on-off-flex",11043,"vivo-y36-on-off-flex"
"https://abhaytechnicals.com/shop/vivo-v20-pro-on-off-flex/","/products/vivo-v20-pro-on-off-flex",11044,"vivo-v20-pro-on-off-flex"
"https://abhaytechnicals.com/shop/vivo-y03-on-off-flex/","/products/vivo-y03-on-off-flex",11045,"vivo-y03-on-off-flex"
"https://abhaytechnicals.com/shop/vivo-v20se-on-off-flex/","/products/vivo-v20se-on-off-flex",11046,"vivo-v20se-on-off-flex"
"https://abhaytechnicals.com/shop/vivo-y75-5g-on-off-flex/","/products/vivo-y75-5g-on-off-flex",11047,"vivo-y75-5g-on-off-flex"
"https://abhaytechnicals.com/shop/vivo-v17-pro-on-off-flex/","/products/vivo-v17-pro-on-off-flex",11048,"vivo-v17-pro-on-off-flex"
"https://abhaytechnicals.com/shop/vivo-y73-5g-on-off-flex/","/products/vivo-y73-5g-on-off-flex",11049,"vivo-y73-5g-on-off-flex"
"https://abhaytechnicals.com/shop/vivo-t2-pro-5g-on-off-flex/","/products/vivo-t2-pro-5g-on-off-flex",11050,"vivo-t2-pro-5g-on-off-flex"
"https://abhaytechnicals.com/shop/vivo-y200-on-off-flex/","/products/vivo-y200-on-off-flex",11051,"vivo-y200-on-off-flex"
"https://abhaytechnicals.com/shop/vivo-y28-new-on-off-flex/","/products/vivo-y28-new-on-off-flex",11052,"vivo-y28-new-on-off-flex"
"https://abhaytechnicals.com/shop/vivo-v21e-5g-on-off-flex/","/products/vivo-v21e-5g-on-off-flex",11053,"vivo-v21e-5g-on-off-flex"
"https://abhaytechnicals.com/shop/vivo-y73-4g-on-off-flex/","/products/vivo-y73-4g-on-off-flex",11054,"vivo-y73-4g-on-off-flex"
"https://abhaytechnicals.com/shop/samsung-a31-on-off-flex/","/products/samsung-a31-on-off-flex",11056,"samsung-a31-on-off-flex"
"https://abhaytechnicals.com/shop/samsung-a71-on-off-flex/","/products/samsung-a71-on-off-flex",11057,"samsung-a71-on-off-flex"
"https://abhaytechnicals.com/shop/samsung-a20s-on-off-flex/","/products/samsung-a20s-on-off-flex",11058,"samsung-a20s-on-off-flex"
"https://abhaytechnicals.com/shop/samsung-a03-core-on-off-flex/","/products/samsung-a03-core-on-off-flex",11059,"samsung-a03-core-on-off-flex"
"https://abhaytechnicals.com/shop/samsung-a01-on-off-flex/","/products/samsung-a01-on-off-flex",11060,"samsung-a01-on-off-flex"
"https://abhaytechnicals.com/shop/samsung-a03s-on-off-flex/","/products/samsung-a03s-on-off-flex",11061,"samsung-a03s-on-off-flex"
"https://abhaytechnicals.com/shop/samsung-a05-on-off-flex/","/products/samsung-a05-on-off-flex",11062,"samsung-a05-on-off-flex"
"https://abhaytechnicals.com/shop/samsung-a32-on-off-flex/","/products/samsung-a32-on-off-flex",11063,"samsung-a32-on-off-flex"
"https://abhaytechnicals.com/shop/samsung-a34-5g-on-off-flex/","/products/samsung-a34-5g-on-off-flex",11064,"samsung-a34-5g-on-off-flex"
"https://abhaytechnicals.com/shop/samsung-a04-on-off-flex/","/products/samsung-a04-on-off-flex",11065,"samsung-a04-on-off-flex"
"https://abhaytechnicals.com/shop/samsung-m40-on-off-flex/","/products/samsung-m40-on-off-flex",11066,"samsung-m40-on-off-flex"
"https://abhaytechnicals.com/shop/samsung-a52-on-off-flex/","/products/samsung-a52-on-off-flex",11067,"samsung-a52-on-off-flex"
"https://abhaytechnicals.com/shop/samsung-a33-5g-on-off-flex/","/products/samsung-a33-5g-on-off-flex",11068,"samsung-a33-5g-on-off-flex"
"https://abhaytechnicals.com/shop/samsung-a53-on-off-flex/","/products/samsung-a53-on-off-flex",11069,"samsung-a53-on-off-flex"
"https://abhaytechnicals.com/shop/samsung-m30s-on-off-flex/","/products/samsung-m30s-on-off-flex",11070,"samsung-m30s-on-off-flex"
"https://abhaytechnicals.com/shop/samsung-a54-on-off-flex/","/products/samsung-a54-on-off-flex",11071,"samsung-a54-on-off-flex"
"https://abhaytechnicals.com/shop/samsung-a22-5g-on-off-flex/","/products/samsung-a22-5g-on-off-flex",11072,"samsung-a22-5g-on-off-flex"
"https://abhaytechnicals.com/shop/samsung-m51-finger-sensor/","/products/samsung-m51-finger-sensor",11073,"samsung-m51-finger-sensor"
"https://abhaytechnicals.com/shop/samsung-a10s-on-off-flex/","/products/samsung-a10s-on-off-flex",11074,"samsung-a10s-on-off-flex"
"https://abhaytechnicals.com/shop/samsung-a70-on-off-flex/","/products/samsung-a70-on-off-flex",11075,"samsung-a70-on-off-flex"
"https://abhaytechnicals.com/shop/samsung-a21s-on-off-flex/","/products/samsung-a21s-on-off-flex",11076,"samsung-a21s-on-off-flex"
"https://abhaytechnicals.com/shop/samsung-a51-on-off-flex/","/products/samsung-a51-on-off-flex",11077,"samsung-a51-on-off-flex"
"https://abhaytechnicals.com/shop/samsung-a40-on-off-flex/","/products/samsung-a40-on-off-flex",11078,"samsung-a40-on-off-flex"
"https://abhaytechnicals.com/shop/samsung-m11-on-off-flex/","/products/samsung-m11-on-off-flex",11079,"samsung-m11-on-off-flex"
"https://abhaytechnicals.com/shop/moto-e7-power-on-off-flex/","/products/moto-e7-power-on-off-flex",11084,"moto-e7-power-on-off-flex"
"https://abhaytechnicals.com/shop/moto-e6-on-off-flex/","/products/moto-e6-on-off-flex",11086,"moto-e6-on-off-flex"
"https://abhaytechnicals.com/shop/moto-e7-on-off-flex/","/products/moto-e7-on-off-flex",11087,"moto-e7-on-off-flex"
"https://abhaytechnicals.com/shop/moto-g14-on-off-flex/","/products/moto-g14-on-off-flex",11088,"moto-g14-on-off-flex"
"https://abhaytechnicals.com/shop/moto-g52-on-off-flex/","/products/moto-g52-on-off-flex",11089,"moto-g52-on-off-flex"
"https://abhaytechnicals.com/shop/moto-e40-on-off-flex/","/products/moto-e40-on-off-flex",11090,"moto-e40-on-off-flex"
"https://abhaytechnicals.com/shop/moto-g40-on-off-flex/","/products/moto-g40-on-off-flex",11091,"moto-g40-on-off-flex"
"https://abhaytechnicals.com/shop/moto-g82-on-off-flex/","/products/moto-g82-on-off-flex",11092,"moto-g82-on-off-flex"
"https://abhaytechnicals.com/shop/moto-g71-on-off-flex/","/products/moto-g71-on-off-flex",11093,"moto-g71-on-off-flex"
"https://abhaytechnicals.com/shop/moto-e5-on-off-flex/","/products/moto-e5-on-off-flex",11094,"moto-e5-on-off-flex"
"https://abhaytechnicals.com/shop/moto-g10-on-off-flex/","/products/moto-g10-on-off-flex",11095,"moto-g10-on-off-flex"
"https://abhaytechnicals.com/shop/moto-g20-on-off-flex/","/products/moto-g20-on-off-flex",11096,"moto-g20-on-off-flex"
"https://abhaytechnicals.com/shop/moto-g62-on-off-flex/","/products/moto-g62-on-off-flex",11097,"moto-g62-on-off-flex"
"https://abhaytechnicals.com/shop/moto-g13-on-off-flex/","/products/moto-g13-on-off-flex",11098,"moto-g13-on-off-flex"
"https://abhaytechnicals.com/shop/moto-g23-on-off-flex/","/products/moto-g23-on-off-flex",11099,"moto-g23-on-off-flex"
"https://abhaytechnicals.com/shop/moto-g32-on-off-flex/","/products/moto-g32-on-off-flex",11100,"moto-g32-on-off-flex"
"https://abhaytechnicals.com/shop/moto-e32s-on-off-flex/","/products/moto-e32s-on-off-flex",11101,"moto-e32s-on-off-flex"
"https://abhaytechnicals.com/shop/moto-1-fusion-on-off-flex/","/products/moto-1-fusion-on-off-flex",11102,"moto-1-fusion-on-off-flex"
"https://abhaytechnicals.com/shop/moto-g7-power-on-off-flex/","/products/moto-g7-power-on-off-flex",11103,"moto-g7-power-on-off-flex"
"https://abhaytechnicals.com/shop/moto-g34-5g-on-off-flex/","/products/moto-g34-5g-on-off-flex",11104,"moto-g34-5g-on-off-flex"
"https://abhaytechnicals.com/shop/moto-g22-on-off-flex/","/products/moto-g22-on-off-flex",11105,"moto-g22-on-off-flex"
"https://abhaytechnicals.com/shop/tecno-kg6-spark-8-on-off-flex/","/products/tecno-kg6-spark-8-on-off-flex",11107,"tecno-kg6-spark-8-on-off-flex"
"https://abhaytechnicals.com/shop/tecno-on-off-flex/","/products/tecno-on-off-flex",11108,"tecno-on-off-flex"
"https://abhaytechnicals.com/shop/tecno-in2-on-off-flex/","/products/tecno-in2-on-off-flex",11109,"tecno-in2-on-off-flex"
"https://abhaytechnicals.com/shop/tecno-pova-on-off-flex/","/products/tecno-pova-on-off-flex",11110,"tecno-pova-on-off-flex"
"https://abhaytechnicals.com/shop/tecno-spark-7-on-off-flex/","/products/tecno-spark-7-on-off-flex",11111,"tecno-spark-7-on-off-flex"
"https://abhaytechnicals.com/shop/tecno-in-3-on-off-flex/","/products/tecno-in-3-on-off-flex",11112,"tecno-in-3-on-off-flex"
"https://abhaytechnicals.com/shop/tecno-kg5k-spark-8c-on-off-flex/","/products/tecno-kg5k-spark-8c-on-off-flex",11113,"tecno-kg5k-spark-8c-on-off-flex"
"https://abhaytechnicals.com/shop/tecno-spark-5-pro-on-off-flex/","/products/tecno-spark-5-pro-on-off-flex",11114,"tecno-spark-5-pro-on-off-flex"
"https://abhaytechnicals.com/shop/tecno-pop-6-pro-on-off-flex/","/products/tecno-pop-6-pro-on-off-flex",11115,"tecno-pop-6-pro-on-off-flex"
"https://abhaytechnicals.com/shop/tecno-pova-2-on-off-flex/","/products/tecno-pova-2-on-off-flex",11116,"tecno-pova-2-on-off-flex"
"https://abhaytechnicals.com/shop/tecno-spark-10c-on-off-flex/","/products/tecno-spark-10c-on-off-flex",11117,"tecno-spark-10c-on-off-flex"
"https://abhaytechnicals.com/shop/tecno-in1-on-off-flex/","/products/tecno-in1-on-off-flex",11118,"tecno-in1-on-off-flex"
"https://abhaytechnicals.com/shop/tecno-kg5-spark-go-2022-on-off-flex/","/products/tecno-kg5-spark-go-2022-on-off-flex",11119,"tecno-kg5-spark-go-2022-on-off-flex"
"https://abhaytechnicals.com/shop/lava-blaze-5g-on-off-flex/","/products/lava-blaze-5g-on-off-flex",11121,"lava-blaze-5g-on-off-flex"
"https://abhaytechnicals.com/shop/nokia-3-1-on-off-flex/","/products/nokia-3-1-on-off-flex",11122,"nokia-3-1-on-off-flex"
"https://abhaytechnicals.com/shop/lava-yuva-2-pro-on-off-flex/","/products/lava-yuva-2-pro-on-off-flex",11123,"lava-yuva-2-pro-on-off-flex"
"https://abhaytechnicals.com/shop/lava-yuva-2-on-off-flex/","/products/lava-yuva-2-on-off-flex",11124,"lava-yuva-2-on-off-flex"
"https://abhaytechnicals.com/shop/infinix-hot-11-2022-on-off-flex/","/products/infinix-hot-11-2022-on-off-flex",11125,"infinix-hot-11-2022-on-off-flex"
"https://abhaytechnicals.com/shop/infinix-smart-6-on-off-flex/","/products/infinix-smart-6-on-off-flex",11126,"infinix-smart-6-on-off-flex"
"https://abhaytechnicals.com/shop/infinix-smart-7-on-off-flex/","/products/infinix-smart-7-on-off-flex",11127,"infinix-smart-7-on-off-flex"
"https://abhaytechnicals.com/shop/infinix-hot-30i-on-off-flex/","/products/infinix-hot-30i-on-off-flex",11128,"infinix-hot-30i-on-off-flex"
"https://abhaytechnicals.com/shop/infinix-note-10-x693-on-off-flex/","/products/infinix-note-10-x693-on-off-flex",11129,"infinix-note-10-x693-on-off-flex"
"https://abhaytechnicals.com/shop/realme-narzo-50a-prime-on-off-flex/","/products/realme-narzo-50a-prime-on-off-flex",11132,"realme-narzo-50a-prime-on-off-flex"
"https://abhaytechnicals.com/shop/oppo-a18-on-off-flex/","/products/oppo-a18-on-off-flex",11133,"oppo-a18-on-off-flex"
"https://abhaytechnicals.com/shop/oppo-a54s-on-off-flex/","/products/oppo-a54s-on-off-flex",11134,"oppo-a54s-on-off-flex"
"https://abhaytechnicals.com/shop/oppo-f21-pro-5g-on-off-flex/","/products/oppo-f21-pro-5g-on-off-flex",11135,"oppo-f21-pro-5g-on-off-flex"
"https://abhaytechnicals.com/shop/oppo-a12-on-off-flex/","/products/oppo-a12-on-off-flex",11136,"oppo-a12-on-off-flex"
"https://abhaytechnicals.com/shop/oppo-a54-5g-on-off-flex/","/products/oppo-a54-5g-on-off-flex",11137,"oppo-a54-5g-on-off-flex"
"https://abhaytechnicals.com/shop/oppo-a78-5g-on-off-flex/","/products/oppo-a78-5g-on-off-flex",11138,"oppo-a78-5g-on-off-flex"
"https://abhaytechnicals.com/shop/oppo-reno-6-5g-on-off-flex/","/products/oppo-reno-6-5g-on-off-flex",11139,"oppo-reno-6-5g-on-off-flex"
"https://abhaytechnicals.com/shop/oppo-f15-on-off-flex/","/products/oppo-f15-on-off-flex",11140,"oppo-f15-on-off-flex"
"https://abhaytechnicals.com/shop/oppo-reno-5-pro-on-off-flex/","/products/oppo-reno-5-pro-on-off-flex",11141,"oppo-reno-5-pro-on-off-flex"
"https://abhaytechnicals.com/shop/oppo-f17-on-off-flex/","/products/oppo-f17-on-off-flex",11142,"oppo-f17-on-off-flex"
"https://abhaytechnicals.com/shop/realme-c21-on-off-flex/","/products/realme-c21-on-off-flex",11143,"realme-c21-on-off-flex"
"https://abhaytechnicals.com/shop/realme-c2-on-off-flex/","/products/realme-c2-on-off-flex",11144,"realme-c2-on-off-flex"
"https://abhaytechnicals.com/shop/realme-2-pro-on-off-flex/","/products/realme-2-pro-on-off-flex",11145,"realme-2-pro-on-off-flex"
"https://abhaytechnicals.com/shop/oppo-a17-on-off-flex/","/products/oppo-a17-on-off-flex",11148,"oppo-a17-on-off-flex"
"https://abhaytechnicals.com/shop/oppo-a79-5g-on-off-flex/","/products/oppo-a79-5g-on-off-flex",11149,"oppo-a79-5g-on-off-flex"
"https://abhaytechnicals.com/shop/oppo-a38-new-on-off-flex/","/products/oppo-a38-new-on-off-flex",11151,"oppo-a38-new-on-off-flex"
"https://abhaytechnicals.com/shop/realme-c51-on-off-flex/","/products/realme-c51-on-off-flex",11152,"realme-c51-on-off-flex"
"https://abhaytechnicals.com/shop/realme-10-pro-on-off-flex/","/products/realme-10-pro-on-off-flex",11153,"realme-10-pro-on-off-flex"
"https://abhaytechnicals.com/shop/realme-6-pro-on-off-flex/","/products/realme-6-pro-on-off-flex",11154,"realme-6-pro-on-off-flex"
"https://abhaytechnicals.com/shop/realme-1-on-off-flex/","/products/realme-1-on-off-flex",11155,"realme-1-on-off-flex"
"https://abhaytechnicals.com/shop/oppo-f19-on-off-flex/","/products/oppo-f19-on-off-flex",11156,"oppo-f19-on-off-flex"
"https://abhaytechnicals.com/shop/oppo-a59-5g-on-off-flex/","/products/oppo-a59-5g-on-off-flex",11157,"oppo-a59-5g-on-off-flex"
"https://abhaytechnicals.com/shop/realme-11x-5g-on-off-flex/","/products/realme-11x-5g-on-off-flex",11158,"realme-11x-5g-on-off-flex"
"https://abhaytechnicals.com/shop/oppo-a31-2020-on-off-flex/","/products/oppo-a31-2020-on-off-flex",11159,"oppo-a31-2020-on-off-flex"
"https://abhaytechnicals.com/shop/oppo-f9-pro-on-off-flex/","/products/oppo-f9-pro-on-off-flex",11160,"oppo-f9-pro-on-off-flex"
"https://abhaytechnicals.com/shop/oppo-f17-pro-on-off-flex/","/products/oppo-f17-pro-on-off-flex",11161,"oppo-f17-pro-on-off-flex"
"https://abhaytechnicals.com/shop/realme-c35-on-off-flex/","/products/realme-c35-on-off-flex",11162,"realme-c35-on-off-flex"
"https://abhaytechnicals.com/shop/oppo-rfeno-6-pro-on-off-flex/","/products/oppo-rfeno-6-pro-on-off-flex",11163,"oppo-rfeno-6-pro-on-off-flex"
"https://abhaytechnicals.com/shop/realme-x-on-off-flex/","/products/realme-x-on-off-flex",11164,"realme-x-on-off-flex"
"https://abhaytechnicals.com/shop/realme-xt-on-off-flex/","/products/realme-xt-on-off-flex",11165,"realme-xt-on-off-flex"
"https://abhaytechnicals.com/shop/oppo-a55-on-off-flex/","/products/oppo-a55-on-off-flex",11166,"oppo-a55-on-off-flex"
"https://abhaytechnicals.com/shop/realme-narzo-30-pro-on-off-flex/","/products/realme-narzo-30-pro-on-off-flex",11167,"realme-narzo-30-pro-on-off-flex"
"https://abhaytechnicals.com/shop/realme-narzo-50-on-off-flex/","/products/realme-narzo-50-on-off-flex",11168,"realme-narzo-50-on-off-flex"
"https://abhaytechnicals.com/shop/infinix-smart-8-on-off-flex/","/products/infinix-smart-8-on-off-flex",11223,"infinix-smart-8-on-off-flex"
"https://abhaytechnicals.com/shop/moto-g8-power-lite-on-off-flex/","/products/moto-g8-power-lite-on-off-flex",11224,"moto-g8-power-lite-on-off-flex"
"https://abhaytechnicals.com/shop/vivo-z1x-on-off-flex/","/products/vivo-z1x-on-off-flex",11225,"vivo-z1x-on-off-flex"
"https://abhaytechnicals.com/shop/vivo-y38-on-off-flex/","/products/vivo-y38-on-off-flex",11226,"vivo-y38-on-off-flex"
"https://abhaytechnicals.com/shop/moto-e32-on-off-flex/","/products/moto-e32-on-off-flex",11227,"moto-e32-on-off-flex"
"https://abhaytechnicals.com/shop/tecno-i4-on-off-flex/","/products/tecno-i4-on-off-flex",11228,"tecno-i4-on-off-flex"
"https://abhaytechnicals.com/shop/tecno-comon-20-on-off-flex/","/products/tecno-comon-20-on-off-flex",11229,"tecno-comon-20-on-off-flex"
"https://abhaytechnicals.com/shop/nokian-2-4-on-off-flex/","/products/nokian-2-4-on-off-flex",11230,"nokian-2-4-on-off-flex"
"https://abhaytechnicals.com/shop/honor-y7-prime-on-off-flex/","/products/honor-y7-prime-on-off-flex",11231,"honor-y7-prime-on-off-flex"
"https://abhaytechnicals.com/shop/nokia-3-2-on-off-flex/","/products/nokia-3-2-on-off-flex",11232,"nokia-3-2-on-off-flex"
"https://abhaytechnicals.com/shop/lava-blaze-2-on-off-flex/","/products/lava-blaze-2-on-off-flex",11246,"lava-blaze-2-on-off-flex"
"https://abhaytechnicals.com/shop/itel-a46-on-off-flex/","/products/itel-a46-on-off-flex",11247,"itel-a46-on-off-flex"
"https://abhaytechnicals.com/shop/itel-a27-on-off-flex/","/products/itel-a27-on-off-flex",11248,"itel-a27-on-off-flex"
"https://abhaytechnicals.com/shop/itel-p40-on-off-flex/","/products/itel-p40-on-off-flex",11249,"itel-p40-on-off-flex"
"https://abhaytechnicals.com/shop/one-nord-ce4-on-off-flex-2/","/products/one-nord-ce4-on-off-flex-2",11250,"one-nord-ce4-on-off-flex-2"
"https://abhaytechnicals.com/shop/lava-z3-on-off-flex/","/products/lava-z3-on-off-flex",11251,"lava-z3-on-off-flex"
"https://abhaytechnicals.com/shop/poco-c61-on-off-flex/","/products/poco-c61-on-off-flex",11252,"poco-c61-on-off-flex"
"https://abhaytechnicals.com/shop/realme-narzo-70-5g-on-off-flex/","/products/realme-narzo-70-5g-on-off-flex",11253,"realme-narzo-70-5g-on-off-flex"
"https://abhaytechnicals.com/shop/itel-a40-on-off-flex/","/products/itel-a40-on-off-flex",11269,"itel-a40-on-off-flex"
"https://abhaytechnicals.com/shop/itel-a47-on-off-flex/","/products/itel-a47-on-off-flex",11270,"itel-a47-on-off-flex"
"https://abhaytechnicals.com/shop/vivo-y58-5g-on-off-flex/","/products/vivo-y58-5g-on-off-flex",11271,"vivo-y58-5g-on-off-flex"
"https://abhaytechnicals.com/shop/lava-blaze-2-pro-on-off-flex/","/products/lava-blaze-2-pro-on-off-flex",11272,"lava-blaze-2-pro-on-off-flex"
"https://abhaytechnicals.com/shop/tecno-pova-4-on-off-flex/","/products/tecno-pova-4-on-off-flex",11273,"tecno-pova-4-on-off-flex"
"https://abhaytechnicals.com/shop/infinix-smart-6-hd-on-off-flex/","/products/infinix-smart-6-hd-on-off-flex",11274,"infinix-smart-6-hd-on-off-flex"
"https://abhaytechnicals.com/shop/oppo-f9-pro-volume-flex/","/products/oppo-f9-pro-volume-flex",11411,"oppo-f9-pro-volume-flex"
"https://abhaytechnicals.com/shop/samsung-j7-prime-volume-flex/","/products/samsung-j7-prime-volume-flex",11412,"samsung-j7-prime-volume-flex"
"https://abhaytechnicals.com/shop/one-nord-2-volume-flex/","/products/one-nord-2-volume-flex",11413,"one-nord-2-volume-flex"
"https://abhaytechnicals.com/shop/oppo-f11-pro-volume-flex/","/products/oppo-f11-pro-volume-flex",11414,"oppo-f11-pro-volume-flex"
"https://abhaytechnicals.com/shop/oppo-a52-volume-flex/","/products/oppo-a52-volume-flex",11415,"oppo-a52-volume-flex"
"https://abhaytechnicals.com/shop/one-nord-ce-volume-flex/","/products/one-nord-ce-volume-flex",11416,"one-nord-ce-volume-flex"
"https://abhaytechnicals.com/shop/realme-2-pro-volume-flex/","/products/realme-2-pro-volume-flex",11417,"realme-2-pro-volume-flex"
"https://abhaytechnicals.com/shop/oppo-a12-volume-flex/","/products/oppo-a12-volume-flex",11418,"oppo-a12-volume-flex"
"https://abhaytechnicals.com/shop/oppo-a53-new-volume-flex/","/products/oppo-a53-new-volume-flex",11419,"oppo-a53-new-volume-flex"
"https://abhaytechnicals.com/shop/oppo-a16-volume-flex/","/products/oppo-a16-volume-flex",11420,"oppo-a16-volume-flex"
"https://abhaytechnicals.com/shop/realme-9-4g-volume-flex/","/products/realme-9-4g-volume-flex",11421,"realme-9-4g-volume-flex"
"https://abhaytechnicals.com/shop/realme-x-volume-flex/","/products/realme-x-volume-flex",11422,"realme-x-volume-flex"
"https://abhaytechnicals.com/shop/oppo-a57-5g-volume-flex/","/products/oppo-a57-5g-volume-flex",11423,"oppo-a57-5g-volume-flex"
"https://abhaytechnicals.com/shop/oppo-f19-volume-flex/","/products/oppo-f19-volume-flex",11424,"oppo-f19-volume-flex"
"https://abhaytechnicals.com/shop/realme-6-volume-flex/","/products/realme-6-volume-flex",11425,"realme-6-volume-flex"
"https://abhaytechnicals.com/shop/oppo-f3-volume-flex/","/products/oppo-f3-volume-flex",11426,"oppo-f3-volume-flex"
"https://abhaytechnicals.com/shop/oppo-reno-6-5g-volume-flex/","/products/oppo-reno-6-5g-volume-flex",11427,"oppo-reno-6-5g-volume-flex"
"https://abhaytechnicals.com/shop/realme-5-pro-volume-flex/","/products/realme-5-pro-volume-flex",11428,"realme-5-pro-volume-flex"
"https://abhaytechnicals.com/shop/realme-c2-volume-flex/","/products/realme-c2-volume-flex",11429,"realme-c2-volume-flex"
"https://abhaytechnicals.com/shop/oppo-f11-volume-flex/","/products/oppo-f11-volume-flex",11430,"oppo-f11-volume-flex"
"https://abhaytechnicals.com/shop/oppo-f21-pro-5g-volume-flex/","/products/oppo-f21-pro-5g-volume-flex",11431,"oppo-f21-pro-5g-volume-flex"
"https://abhaytechnicals.com/shop/realme-3-volume-flex/","/products/realme-3-volume-flex",11432,"realme-3-volume-flex"
"https://abhaytechnicals.com/shop/oppo-f15-volume-flex/","/products/oppo-f15-volume-flex",11433,"oppo-f15-volume-flex"
"https://abhaytechnicals.com/shop/oppo-f5-volume-flex/","/products/oppo-f5-volume-flex",11434,"oppo-f5-volume-flex"
"https://abhaytechnicals.com/shop/realme-8-5g-volume-flex/","/products/realme-8-5g-volume-flex",11435,"realme-8-5g-volume-flex"
"https://abhaytechnicals.com/shop/oppo-f7-volume-flex/","/products/oppo-f7-volume-flex",11436,"oppo-f7-volume-flex"
"https://abhaytechnicals.com/shop/oppo-reno-6-pro-volume-flex/","/products/oppo-reno-6-pro-volume-flex",11437,"oppo-reno-6-pro-volume-flex"
"https://abhaytechnicals.com/shop/oppo-a54s-volume-flex/","/products/oppo-a54s-volume-flex",11438,"oppo-a54s-volume-flex"
"https://abhaytechnicals.com/shop/oppo-a33-old-volume-flex/","/products/oppo-a33-old-volume-flex",11439,"oppo-a33-old-volume-flex"
"https://abhaytechnicals.com/shop/oppo-a31-2020-volume-flex/","/products/oppo-a31-2020-volume-flex",11440,"oppo-a31-2020-volume-flex"
"https://abhaytechnicals.com/shop/oppo-f17-pro-volume-flex/","/products/oppo-f17-pro-volume-flex",11441,"oppo-f17-pro-volume-flex"
"https://abhaytechnicals.com/shop/realme-9-pro-volume-flex/","/products/realme-9-pro-volume-flex",11442,"realme-9-pro-volume-flex"
"https://abhaytechnicals.com/shop/realme-8i-volume-flex/","/products/realme-8i-volume-flex",11443,"realme-8i-volume-flex"
"https://abhaytechnicals.com/shop/oppo-f17-volume-flex/","/products/oppo-f17-volume-flex",11447,"oppo-f17-volume-flex"
"https://abhaytechnicals.com/shop/realme-c31-volume-flex/","/products/realme-c31-volume-flex",11450,"realme-c31-volume-flex"
"https://abhaytechnicals.com/shop/realme-5-volume-flex/","/products/realme-5-volume-flex",11451,"realme-5-volume-flex"
"https://abhaytechnicals.com/shop/oppo-f19-pro-volume-flex/","/products/oppo-f19-pro-volume-flex",11452,"oppo-f19-pro-volume-flex"
"https://abhaytechnicals.com/shop/oppo-reno-5-pro-volume-flex/","/products/oppo-reno-5-pro-volume-flex",11454,"oppo-reno-5-pro-volume-flex"
"https://abhaytechnicals.com/shop/realme-9-5g-volume-flex/","/products/realme-9-5g-volume-flex",11455,"realme-9-5g-volume-flex"
"https://abhaytechnicals.com/shop/oppo-f1s-volume-flex/","/products/oppo-f1s-volume-flex",11456,"oppo-f1s-volume-flex"
"https://abhaytechnicals.com/shop/oppo-a5-2020-volume-flex/","/products/oppo-a5-2020-volume-flex",11457,"oppo-a5-2020-volume-flex"
"https://abhaytechnicals.com/shop/samsung-j7-max-volume-flex/","/products/samsung-j7-max-volume-flex",11458,"samsung-j7-max-volume-flex"
"https://abhaytechnicals.com/shop/samsung-a10s-volume-flex/","/products/samsung-a10s-volume-flex",11459,"samsung-a10s-volume-flex"
"https://abhaytechnicals.com/shop/oppo-a54-5g-volume-flex/","/products/oppo-a54-5g-volume-flex",11460,"oppo-a54-5g-volume-flex"
"https://abhaytechnicals.com/shop/one-nord-2t-volume-flex/","/products/one-nord-2t-volume-flex",11461,"one-nord-2t-volume-flex"
"https://abhaytechnicals.com/shop/one-8-volume-flex/","/products/one-8-volume-flex",11462,"one-8-volume-flex"
"https://abhaytechnicals.com/shop/realme-c35-volume-flex/","/products/realme-c35-volume-flex",11463,"realme-c35-volume-flex"
"https://abhaytechnicals.com/shop/oppo-a5s-volume-flex/","/products/oppo-a5s-volume-flex",11464,"oppo-a5s-volume-flex"
"https://abhaytechnicals.com/shop/oppo-a1k-volume-flex/","/products/oppo-a1k-volume-flex",11465,"oppo-a1k-volume-flex"
"https://abhaytechnicals.com/shop/11466/","/products/11466",11466,"11466"
"https://abhaytechnicals.com/shop/realme-6-pro-volume-flex/","/products/realme-6-pro-volume-flex",11467,"realme-6-pro-volume-flex"
"https://abhaytechnicals.com/shop/realme-1-volume-flex/","/products/realme-1-volume-flex",11470,"realme-1-volume-flex"
"https://abhaytechnicals.com/shop/mi-11x-volume-flex/","/products/mi-11x-volume-flex",11473,"mi-11x-volume-flex"
"https://abhaytechnicals.com/shop/mi-11t-mi-11t-pro-volume-flex/","/products/mi-11t-mi-11t-pro-volume-flex",11474,"mi-11t-mi-11t-pro-volume-flex"
"https://abhaytechnicals.com/shop/one-ce2-5g-volume-flex/","/products/one-ce2-5g-volume-flex",11477,"one-ce2-5g-volume-flex"
"https://abhaytechnicals.com/shop/oppo-a71-volume-flex/","/products/oppo-a71-volume-flex",11501,"oppo-a71-volume-flex"
"https://abhaytechnicals.com/shop/oppo-a83-volume-flex/","/products/oppo-a83-volume-flex",11502,"oppo-a83-volume-flex"
"https://abhaytechnicals.com/shop/oppo-a33-new-volume-flex/","/products/oppo-a33-new-volume-flex",11503,"oppo-a33-new-volume-flex"
"https://abhaytechnicals.com/shop/oppo-a78-5g-volume-flex/","/products/oppo-a78-5g-volume-flex",11504,"oppo-a78-5g-volume-flex"
"https://abhaytechnicals.com/shop/oppo-a3s-volume-flex/","/products/oppo-a3s-volume-flex",11505,"oppo-a3s-volume-flex"
"https://abhaytechnicals.com/shop/vivo-y22-y35-on-off-flex/","/products/vivo-y22-y35-on-off-flex",11517,"vivo-y22-y35-on-off-flex"
"https://abhaytechnicals.com/shop/samsung-f62-finger-sensor/","/products/samsung-f62-finger-sensor",11518,"samsung-f62-finger-sensor"
"https://abhaytechnicals.com/shop/samsung-a23-5g-finger-sensor/","/products/samsung-a23-5g-finger-sensor",11519,"samsung-a23-5g-finger-sensor"
"https://abhaytechnicals.com/shop/samsung-a15-5g-finger-sensor/","/products/samsung-a15-5g-finger-sensor",11520,"samsung-a15-5g-finger-sensor"
"https://abhaytechnicals.com/shop/battery-for-karbonn-k9/","/products/battery-for-karbonn-k9",11521,"battery-for-karbonn-k9"
"https://abhaytechnicals.com/shop/itel-16-pin-2-0-size-l-c-d/","/products/itel-16-pin-2-0-size-l-c-d",11639,"itel-16-pin-2-0-size-l-c-d"
"https://abhaytechnicals.com/shop/nokia-16-pin-1-8-size-l-c-d/","/products/nokia-16-pin-1-8-size-l-c-d",11640,"nokia-16-pin-1-8-size-l-c-d"
"https://abhaytechnicals.com/shop/nokia-20-pin-1-8-size-l-c-d/","/products/nokia-20-pin-1-8-size-l-c-d",11641,"nokia-20-pin-1-8-size-l-c-d"
"https://abhaytechnicals.com/shop/relife-rosine-flex/","/products/relife-rosine-flex",11686,"relife-rosine-flex"
"https://abhaytechnicals.com/shop/vivo-y22-new-og-cc-flex/","/products/vivo-y22-new-og-cc-flex",11735,"vivo-y22-new-og-cc-flex"
"https://abhaytechnicals.com/shop/mi-13c-4g-camera-glass/","/products/mi-13c-4g-camera-glass",11738,"mi-13c-4g-camera-glass"
"https://abhaytechnicals.com/shop/vivo-y50-charging-conector/","/products/vivo-y50-charging-conector",11740,"vivo-y50-charging-conector"
"https://abhaytechnicals.com/shop/mi-5a-display-conector/","/products/mi-5a-display-conector",11807,"mi-5a-display-conector"
"https://abhaytechnicals.com/shop/mi-8a-display-conector/","/products/mi-8a-display-conector",11809,"mi-8a-display-conector"
"https://abhaytechnicals.com/shop/oppo-a1k-display-conector/","/products/oppo-a1k-display-conector",11811,"oppo-a1k-display-conector"
"https://abhaytechnicals.com/shop/mi-7-y3-display-conector/","/products/mi-7-y3-display-conector",11812,"mi-7-y3-display-conector"
"https://abhaytechnicals.com/shop/vivo-y55-display-conector/","/products/vivo-y55-display-conector",11813,"vivo-y55-display-conector"
"https://abhaytechnicals.com/shop/samsung-m32-display-conector/","/products/samsung-m32-display-conector",11840,"samsung-m32-display-conector"
"https://abhaytechnicals.com/shop/samsung-a30-display-conector/","/products/samsung-a30-display-conector",11841,"samsung-a30-display-conector"
"https://abhaytechnicals.com/shop/poco-x3/","/products/poco-x3",11842,"poco-x3"
"https://abhaytechnicals.com/shop/mi-7a-display-conector/","/products/mi-7a-display-conector",11844,"mi-7a-display-conector"
"https://abhaytechnicals.com/shop/samsung-a32-display-conector/","/products/samsung-a32-display-conector",11845,"samsung-a32-display-conector"
"https://abhaytechnicals.com/shop/mi-note-5-display-conector/","/products/mi-note-5-display-conector",11846,"mi-note-5-display-conector"
"https://abhaytechnicals.com/shop/oppo-a53-display-conector/","/products/oppo-a53-display-conector",11847,"oppo-a53-display-conector"
"https://abhaytechnicals.com/shop/realme-6-display-conector/","/products/realme-6-display-conector",11851,"realme-6-display-conector"
"https://abhaytechnicals.com/shop/realme-5-display-conector/","/products/realme-5-display-conector",11854,"realme-5-display-conector"
"https://abhaytechnicals.com/shop/oppo-f11-display-conector/","/products/oppo-f11-display-conector",11855,"oppo-f11-display-conector"
"https://abhaytechnicals.com/shop/vivo-v20-display-conector/","/products/vivo-v20-display-conector",11857,"vivo-v20-display-conector"
"https://abhaytechnicals.com/shop/samsung-j2-display-conector/","/products/samsung-j2-display-conector",11858,"samsung-j2-display-conector"
"https://abhaytechnicals.com/shop/vivo-v3-max-display-conector/","/products/vivo-v3-max-display-conector",11859,"vivo-v3-max-display-conector"
"https://abhaytechnicals.com/shop/oppo-a33-old-display-conector/","/products/oppo-a33-old-display-conector",11860,"oppo-a33-old-display-conector"
"https://abhaytechnicals.com/shop/vivo-y66-display-conector/","/products/vivo-y66-display-conector",11861,"vivo-y66-display-conector"
"https://abhaytechnicals.com/shop/oppo-f5-f9-display-conector/","/products/oppo-f5-f9-display-conector",11862,"oppo-f5-f9-display-conector"
"https://abhaytechnicals.com/shop/mega-universal-stencil/","/products/mega-universal-stencil",11882,"mega-universal-stencil"
"https://abhaytechnicals.com/shop/koocu-universal-stencil/","/products/koocu-universal-stencil",11883,"koocu-universal-stencil"
"https://abhaytechnicals.com/shop/realme-c25y-sim-holder/","/products/realme-c25y-sim-holder",11886,"realme-c25y-sim-holder"
"https://abhaytechnicals.com/shop/narzo-50a-ringer-box/","/products/narzo-50a-ringer-box",11890,"narzo-50a-ringer-box"
"https://abhaytechnicals.com/shop/vivo-v23e-camera-glass/","/products/vivo-v23e-camera-glass",11891,"vivo-v23e-camera-glass"
"https://abhaytechnicals.com/shop/oppo-f11-pro-og-cc-flex/","/products/oppo-f11-pro-og-cc-flex",11915,"oppo-f11-pro-og-cc-flex"
"https://abhaytechnicals.com/shop/realme-5-pro-og-cc-flex/","/products/realme-5-pro-og-cc-flex",11916,"realme-5-pro-og-cc-flex"
"https://abhaytechnicals.com/shop/realme-x-og-cc-flex/","/products/realme-x-og-cc-flex",11917,"realme-x-og-cc-flex"
"https://abhaytechnicals.com/shop/oppo-f15-og-cc-flex/","/products/oppo-f15-og-cc-flex",11918,"oppo-f15-og-cc-flex"
"https://abhaytechnicals.com/shop/oppo-reno-6-og-cc-flex/","/products/oppo-reno-6-og-cc-flex",11919,"oppo-reno-6-og-cc-flex"
"https://abhaytechnicals.com/shop/oppo-f11-og-cc-flex/","/products/oppo-f11-og-cc-flex",11921,"oppo-f11-og-cc-flex"
"https://abhaytechnicals.com/shop/samsung-a52-og-cc-flex/","/products/samsung-a52-og-cc-flex",11922,"samsung-a52-og-cc-flex"
"https://abhaytechnicals.com/shop/oppo-k10-5g-og-cc-flex/","/products/oppo-k10-5g-og-cc-flex",11923,"oppo-k10-5g-og-cc-flex"
"https://abhaytechnicals.com/shop/samsung-a31-og-cc-flex/","/products/samsung-a31-og-cc-flex",11924,"samsung-a31-og-cc-flex"
"https://abhaytechnicals.com/shop/vivo-v20se-og-cc-flex/","/products/vivo-v20se-og-cc-flex",12005,"vivo-v20se-og-cc-flex"
"https://abhaytechnicals.com/shop/realme-11x-og-cc-flex/","/products/realme-11x-og-cc-flex",12006,"realme-11x-og-cc-flex"
"https://abhaytechnicals.com/shop/realme-6-pro-og-cc-flex/","/products/realme-6-pro-og-cc-flex",12007,"realme-6-pro-og-cc-flex"
"https://abhaytechnicals.com/shop/samsung-a05-og-cc-flex/","/products/samsung-a05-og-cc-flex",12009,"samsung-a05-og-cc-flex"
"https://abhaytechnicals.com/shop/samsung-a54-og-cc-flex/","/products/samsung-a54-og-cc-flex",12010,"samsung-a54-og-cc-flex"
"https://abhaytechnicals.com/shop/moto-g71-og-cc-flex/","/products/moto-g71-og-cc-flex",12011,"moto-g71-og-cc-flex"
"https://abhaytechnicals.com/shop/oppo-a38-og-cc-flex/","/products/oppo-a38-og-cc-flex",12012,"oppo-a38-og-cc-flex"
"https://abhaytechnicals.com/shop/realme-10-pro-og-cc-flex/","/products/realme-10-pro-og-cc-flex",12013,"realme-10-pro-og-cc-flex"
"https://abhaytechnicals.com/shop/samsung-a03-core-og-cc-flex/","/products/samsung-a03-core-og-cc-flex",12014,"samsung-a03-core-og-cc-flex"
"https://abhaytechnicals.com/shop/oppo-a79-5g-og-cc-flex/","/products/oppo-a79-5g-og-cc-flex",12015,"oppo-a79-5g-og-cc-flex"
"https://abhaytechnicals.com/shop/samsung-a53-og-cc-flex/","/products/samsung-a53-og-cc-flex",12017,"samsung-a53-og-cc-flex"
"https://abhaytechnicals.com/shop/moto-g22-og-cc-flex/","/products/moto-g22-og-cc-flex",12018,"moto-g22-og-cc-flex"
"https://abhaytechnicals.com/shop/moto-g40-og-cc-flex/","/products/moto-g40-og-cc-flex",12019,"moto-g40-og-cc-flex"
"https://abhaytechnicals.com/shop/moto-g52-og-cc-flex/","/products/moto-g52-og-cc-flex",12020,"moto-g52-og-cc-flex"
"https://abhaytechnicals.com/shop/narzo-30-pro-og-cc-flex/","/products/narzo-30-pro-og-cc-flex",12021,"narzo-30-pro-og-cc-flex"
"https://abhaytechnicals.com/shop/narzo-70-5g-og-cc-flex/","/products/narzo-70-5g-og-cc-flex",12023,"narzo-70-5g-og-cc-flex"
"https://abhaytechnicals.com/shop/mi-note-10t-og-cc-flex/","/products/mi-note-10t-og-cc-flex",12024,"mi-note-10t-og-cc-flex"
"https://abhaytechnicals.com/shop/mi-a3-og-cc-flex/","/products/mi-a3-og-cc-flex",12025,"mi-a3-og-cc-flex"
"https://abhaytechnicals.com/shop/realme-8-pro-og-cc-flex/","/products/realme-8-pro-og-cc-flex",12026,"realme-8-pro-og-cc-flex"
"https://abhaytechnicals.com/shop/oppo-f21-pro-5g-og-cc-flex/","/products/oppo-f21-pro-5g-og-cc-flex",12027,"oppo-f21-pro-5g-og-cc-flex"
"https://abhaytechnicals.com/shop/mi-9c-og-cc-flex/","/products/mi-9c-og-cc-flex",12028,"mi-9c-og-cc-flex"
"https://abhaytechnicals.com/shop/mi-note-11-pro-og-cc-flex/","/products/mi-note-11-pro-og-cc-flex",12029,"mi-note-11-pro-og-cc-flex"
"https://abhaytechnicals.com/shop/poco-c61-og-cc-flex/","/products/poco-c61-og-cc-flex",12030,"poco-c61-og-cc-flex"
"https://abhaytechnicals.com/shop/poco-c50-og-cc-flex/","/products/poco-c50-og-cc-flex",12031,"poco-c50-og-cc-flex"
"https://abhaytechnicals.com/shop/mi-5-og-cc-flex/","/products/mi-5-og-cc-flex",12032,"mi-5-og-cc-flex"
"https://abhaytechnicals.com/shop/vivo-t3x-5g-og-cc-flex/","/products/vivo-t3x-5g-og-cc-flex",12034,"vivo-t3x-5g-og-cc-flex"
"https://abhaytechnicals.com/shop/samsung-m40-og-cc-flex/","/products/samsung-m40-og-cc-flex",12035,"samsung-m40-og-cc-flex"
"https://abhaytechnicals.com/shop/poco-m6-pro-og-cc-flex/","/products/poco-m6-pro-og-cc-flex",12036,"poco-m6-pro-og-cc-flex"
"https://abhaytechnicals.com/shop/moto-g10-og-cc-flex/","/products/moto-g10-og-cc-flex",12037,"moto-g10-og-cc-flex"
"https://abhaytechnicals.com/shop/mi-10-prime-og-cc-flex/","/products/mi-10-prime-og-cc-flex",12038,"mi-10-prime-og-cc-flex"
"https://abhaytechnicals.com/shop/oppo-a18-og-cc-flex/","/products/oppo-a18-og-cc-flex",12039,"oppo-a18-og-cc-flex"
"https://abhaytechnicals.com/shop/vivo-y27-og-cc-flex/","/products/vivo-y27-og-cc-flex",12040,"vivo-y27-og-cc-flex"
"https://abhaytechnicals.com/shop/vivo-v23e-5g-og-cc-flex/","/products/vivo-v23e-5g-og-cc-flex",12041,"vivo-v23e-5g-og-cc-flex"
"https://abhaytechnicals.com/shop/mi-10a-og-cc-flex/","/products/mi-10a-og-cc-flex",12042,"mi-10a-og-cc-flex"
"https://abhaytechnicals.com/shop/samsung-a3/","/products/samsung-a3",12043,"samsung-a3"
"https://abhaytechnicals.com/shop/mi-13-5g-og-cc-flex/","/products/mi-13-5g-og-cc-flex",12044,"mi-13-5g-og-cc-flex"
"https://abhaytechnicals.com/shop/vivo-y31-new-og-cc-flex/","/products/vivo-y31-new-og-cc-flex",12045,"vivo-y31-new-og-cc-flex"
"https://abhaytechnicals.com/shop/realme-c21-5g-og-cc-flex/","/products/realme-c21-5g-og-cc-flex",12046,"realme-c21-5g-og-cc-flex"
"https://abhaytechnicals.com/shop/poco-m4-og-cc-flex/","/products/poco-m4-og-cc-flex",12047,"poco-m4-og-cc-flex"
"https://abhaytechnicals.com/shop/mi-13c-4g-og-cc-flex/","/products/mi-13c-4g-og-cc-flex",12048,"mi-13c-4g-og-cc-flex"
"https://abhaytechnicals.com/shop/mi-note-13-pro/","/products/mi-note-13-pro",12049,"mi-note-13-pro"
"https://abhaytechnicals.com/shop/samsung-a04e-og-cc-flex/","/products/samsung-a04e-og-cc-flex",12050,"samsung-a04e-og-cc-flex"
"https://abhaytechnicals.com/shop/mi-12-5g-og-cc-flex/","/products/mi-12-5g-og-cc-flex",12051,"mi-12-5g-og-cc-flex"
"https://abhaytechnicals.com/shop/norzo-20a-og-cc-flex/","/products/norzo-20a-og-cc-flex",12052,"norzo-20a-og-cc-flex"
"https://abhaytechnicals.com/shop/vivo-s1-og-cc-flex/","/products/vivo-s1-og-cc-flex",12053,"vivo-s1-og-cc-flex"
"https://abhaytechnicals.com/shop/mi-go-og-cc-flex/","/products/mi-go-og-cc-flex",12055,"mi-go-og-cc-flex"
"https://abhaytechnicals.com/shop/narzo-50-5g-og-cc-flex/","/products/narzo-50-5g-og-cc-flex",12056,"narzo-50-5g-og-cc-flex"
"https://abhaytechnicals.com/shop/vivo-y69-og-cc-flex/","/products/vivo-y69-og-cc-flex",12057,"vivo-y69-og-cc-flex"
"https://abhaytechnicals.com/shop/vivo-t2x-5g-og-cc-flex/","/products/vivo-t2x-5g-og-cc-flex",12081,"vivo-t2x-5g-og-cc-flex"
"https://abhaytechnicals.com/shop/vivo-y56-5g-og-cc-flex/","/products/vivo-y56-5g-og-cc-flex",12082,"vivo-y56-5g-og-cc-flex"
"https://abhaytechnicals.com/shop/vivo-y100-og-cc-flex/","/products/vivo-y100-og-cc-flex",12083,"vivo-y100-og-cc-flex"
"https://abhaytechnicals.com/shop/vivo-v17-pro-og-cc-flex/","/products/vivo-v17-pro-og-cc-flex",12084,"vivo-v17-pro-og-cc-flex"
"https://abhaytechnicals.com/shop/vivo-v20-pro-og-cc-flex/","/products/vivo-v20-pro-og-cc-flex",12085,"vivo-v20-pro-og-cc-flex"
"https://abhaytechnicals.com/shop/vivo-y03-og-cc-flex/","/products/vivo-y03-og-cc-flex",12086,"vivo-y03-og-cc-flex"
"https://abhaytechnicals.com/shop/vivo-y33s/","/products/vivo-y33s",12087,"vivo-y33s"
"https://abhaytechnicals.com/shop/vivo-y21l-og-cc-flex/","/products/vivo-y21l-og-cc-flex",12088,"vivo-y21l-og-cc-flex"
"https://abhaytechnicals.com/shop/vivo-z1-pro-og-cc-flex/","/products/vivo-z1-pro-og-cc-flex",12089,"vivo-z1-pro-og-cc-flex"
"https://abhaytechnicals.com/shop/vivo-y18-og-cc-flex/","/products/vivo-y18-og-cc-flex",12090,"vivo-y18-og-cc-flex"
"https://abhaytechnicals.com/shop/realme-c31-5g-og-cc-flex/","/products/realme-c31-5g-og-cc-flex",12091,"realme-c31-5g-og-cc-flex"
"https://abhaytechnicals.com/shop/vivo-z1x-og-cc-flex/","/products/vivo-z1x-og-cc-flex",12092,"vivo-z1x-og-cc-flex"
"https://abhaytechnicals.com/shop/moto-one-fusion-plus-5g-og-cc-flex/","/products/moto-one-fusion-plus-5g-og-cc-flex",12093,"moto-one-fusion-plus-5g-og-cc-flex"
"https://abhaytechnicals.com/shop/moto-g62-og-cc-flex/","/products/moto-g62-og-cc-flex",12094,"moto-g62-og-cc-flex"
"https://abhaytechnicals.com/shop/vivo-y200-og-cc-flex/","/products/vivo-y200-og-cc-flex",12095,"vivo-y200-og-cc-flex"
"https://abhaytechnicals.com/shop/vivo-t1x-og-cc-flex/","/products/vivo-t1x-og-cc-flex",12096,"vivo-t1x-og-cc-flex"
"https://abhaytechnicals.com/shop/mi-note-13-pro-og-cc-flex/","/products/mi-note-13-pro-og-cc-flex",12097,"mi-note-13-pro-og-cc-flex"
"https://abhaytechnicals.com/shop/one-plus-5t-og-cc-flex/","/products/one-plus-5t-og-cc-flex",12156,"one-plus-5t-og-cc-flex"
"https://abhaytechnicals.com/shop/one-plus-8t-og-cc-flex/","/products/one-plus-8t-og-cc-flex",12158,"one-plus-8t-og-cc-flex"
"https://abhaytechnicals.com/shop/one-plus-7-og-cc-flex/","/products/one-plus-7-og-cc-flex",12159,"one-plus-7-og-cc-flex"
"https://abhaytechnicals.com/shop/one-plus-11-5g-og-cc-flex/","/products/one-plus-11-5g-og-cc-flex",12160,"one-plus-11-5g-og-cc-flex"
"https://abhaytechnicals.com/shop/one-plus-nord-2t-og-cc-flex/","/products/one-plus-nord-2t-og-cc-flex",12161,"one-plus-nord-2t-og-cc-flex"
"https://abhaytechnicals.com/shop/itel-a60-og-cc-flex/","/products/itel-a60-og-cc-flex",12162,"itel-a60-og-cc-flex"
"https://abhaytechnicals.com/shop/itel-a46-og-cc-flex/","/products/itel-a46-og-cc-flex",12163,"itel-a46-og-cc-flex"
"https://abhaytechnicals.com/shop/honor-9-lite-og-cc-flex/","/products/honor-9-lite-og-cc-flex",12164,"honor-9-lite-og-cc-flex"
"https://abhaytechnicals.com/shop/honor-9n-og-cc-flex/","/products/honor-9n-og-cc-flex",12165,"honor-9n-og-cc-flex"
"https://abhaytechnicals.com/shop/honor-7a-og-cc-flex/","/products/honor-7a-og-cc-flex",12198,"honor-7a-og-cc-flex"
"https://abhaytechnicals.com/shop/lava-blaze-2-og-cc-flex/","/products/lava-blaze-2-og-cc-flex",12199,"lava-blaze-2-og-cc-flex"
"https://abhaytechnicals.com/shop/honon-7x-og-cc-flex/","/products/honon-7x-og-cc-flex",12200,"honon-7x-og-cc-flex"
"https://abhaytechnicals.com/shop/itel-a47-og-cc-flex/","/products/itel-a47-og-cc-flex",12201,"itel-a47-og-cc-flex"
"https://abhaytechnicals.com/shop/itel-a26-og-cc-flex/","/products/itel-a26-og-cc-flex",12202,"itel-a26-og-cc-flex"
"https://abhaytechnicals.com/shop/itel-vision-2s-og-cc-flex/","/products/itel-vision-2s-og-cc-flex",12203,"itel-vision-2s-og-cc-flex"
"https://abhaytechnicals.com/shop/itel-vision-3-og-cc-flex/","/products/itel-vision-3-og-cc-flex",12204,"itel-vision-3-og-cc-flex"
"https://abhaytechnicals.com/shop/tecno-spark-5-pro-og-cc-flex/","/products/tecno-spark-5-pro-og-cc-flex",12205,"tecno-spark-5-pro-og-cc-flex"
"https://abhaytechnicals.com/shop/infinix-hot-9-play-og-cc-flex/","/products/infinix-hot-9-play-og-cc-flex",12206,"infinix-hot-9-play-og-cc-flex"
"https://abhaytechnicals.com/shop/tecno-spark-7-og-cc-flex/","/products/tecno-spark-7-og-cc-flex",12207,"tecno-spark-7-og-cc-flex"
"https://abhaytechnicals.com/shop/infinix-note-11-og-cc-flex/","/products/infinix-note-11-og-cc-flex",12208,"infinix-note-11-og-cc-flex"
"https://abhaytechnicals.com/shop/infinix-hot-30i-og-cc-flex/","/products/infinix-hot-30i-og-cc-flex",12211,"infinix-hot-30i-og-cc-flex"
"https://abhaytechnicals.com/shop/tecno-pova-2-og-cc-flex/","/products/tecno-pova-2-og-cc-flex",12212,"tecno-pova-2-og-cc-flex"
"https://abhaytechnicals.com/shop/infinix-smart-6-og-cc-flex/","/products/infinix-smart-6-og-cc-flex",12213,"infinix-smart-6-og-cc-flex"
"https://abhaytechnicals.com/shop/infinix-smart-6-hd-og-cc-flex/","/products/infinix-smart-6-hd-og-cc-flex",12215,"infinix-smart-6-hd-og-cc-flex"
"https://abhaytechnicals.com/shop/tecno-kc1-og-cc-flex/","/products/tecno-kc1-og-cc-flex",12216,"tecno-kc1-og-cc-flex"
"https://abhaytechnicals.com/shop/infinix-smart-4-og-cc-flex/","/products/infinix-smart-4-og-cc-flex",12218,"infinix-smart-4-og-cc-flex"
"https://abhaytechnicals.com/shop/moto-e40-og-cc-flex/","/products/moto-e40-og-cc-flex",12220,"moto-e40-og-cc-flex"
"https://abhaytechnicals.com/shop/one-plus-nore-ce-og-cc-flex/","/products/one-plus-nore-ce-og-cc-flex",12221,"one-plus-nore-ce-og-cc-flex"
"https://abhaytechnicals.com/shop/tecno-in-3-og-cc-flex/","/products/tecno-in-3-og-cc-flex",12222,"tecno-in-3-og-cc-flex"
"https://abhaytechnicals.com/shop/infinix-hot-11s-og-cc-flex/","/products/infinix-hot-11s-og-cc-flex",12225,"infinix-hot-11s-og-cc-flex"
"https://abhaytechnicals.com/shop/tecno-bb4k-og-cc-flex/","/products/tecno-bb4k-og-cc-flex",12226,"tecno-bb4k-og-cc-flex"
"https://abhaytechnicals.com/shop/tecno-in-1-og-cc-flex/","/products/tecno-in-1-og-cc-flex",12227,"tecno-in-1-og-cc-flex"
"https://abhaytechnicals.com/shop/nokia-3-2-og-cc-flex/","/products/nokia-3-2-og-cc-flex",12228,"nokia-3-2-og-cc-flex"
"https://abhaytechnicals.com/shop/realme-9-5g-og-cc-flex/","/products/realme-9-5g-og-cc-flex",12238,"realme-9-5g-og-cc-flex"
"https://abhaytechnicals.com/shop/vivo-v23-og-cc-flex/","/products/vivo-v23-og-cc-flex",12239,"vivo-v23-og-cc-flex"
"https://abhaytechnicals.com/shop/vivo-y58-og-cc-flex/","/products/vivo-y58-og-cc-flex",12241,"vivo-y58-og-cc-flex"
"https://abhaytechnicals.com/shop/lava-yuva-2-og-cc-flex/","/products/lava-yuva-2-og-cc-flex",12242,"lava-yuva-2-og-cc-flex"
"https://abhaytechnicals.com/shop/itel-a49-og-cc-flex/","/products/itel-a49-og-cc-flex",12243,"itel-a49-og-cc-flex"
"https://abhaytechnicals.com/shop/tecno-kg5k-og-cc-flex/","/products/tecno-kg5k-og-cc-flex",12244,"tecno-kg5k-og-cc-flex"
"https://abhaytechnicals.com/shop/itel-a47-og-cc-flex-2/","/products/itel-a47-og-cc-flex-2",12260,"itel-a47-og-cc-flex-2"
"https://abhaytechnicals.com/shop/mi-y2-side-rubber-key/","/products/mi-y2-side-rubber-key",12263,"mi-y2-side-rubber-key"
"https://abhaytechnicals.com/shop/infinix-smart-8-og-cc-flex/","/products/infinix-smart-8-og-cc-flex",12269,"infinix-smart-8-og-cc-flex"
"https://abhaytechnicals.com/shop/honor-8x-og-cc-flex/","/products/honor-8x-og-cc-flex",12270,"honor-8x-og-cc-flex"
"https://abhaytechnicals.com/shop/vivo-v15-og-cc-flex/","/products/vivo-v15-og-cc-flex",12271,"vivo-v15-og-cc-flex"
"https://abhaytechnicals.com/shop/vivo-y36-og-cc-flex/","/products/vivo-y36-og-cc-flex",12272,"vivo-y36-og-cc-flex"
"https://abhaytechnicals.com/shop/vivo-y28-new-og-cc-flex/","/products/vivo-y28-new-og-cc-flex",12273,"vivo-y28-new-og-cc-flex"
"https://abhaytechnicals.com/shop/vivo-y75-og-cc-flex/","/products/vivo-y75-og-cc-flex",12274,"vivo-y75-og-cc-flex"
"https://abhaytechnicals.com/shop/vivo-y73-5g-og-cc-flex/","/products/vivo-y73-5g-og-cc-flex",12275,"vivo-y73-5g-og-cc-flex"
"https://abhaytechnicals.com/shop/oppo-a59-5g-og-cc-flex/","/products/oppo-a59-5g-og-cc-flex",12276,"oppo-a59-5g-og-cc-flex"
"https://abhaytechnicals.com/shop/oppo-a78-5g-og-cc-flex/","/products/oppo-a78-5g-og-cc-flex",12277,"oppo-a78-5g-og-cc-flex"
"https://abhaytechnicals.com/shop/realme-6-og-cc-flex/","/products/realme-6-og-cc-flex",12278,"realme-6-og-cc-flex"
"https://abhaytechnicals.com/shop/oppo-a83-og-cc-flex/","/products/oppo-a83-og-cc-flex",12279,"oppo-a83-og-cc-flex"
"https://abhaytechnicals.com/shop/oppo-f3-og-cc-flex/","/products/oppo-f3-og-cc-flex",12280,"oppo-f3-og-cc-flex"
"https://abhaytechnicals.com/shop/oppo-a54s-og-cc-flex/","/products/oppo-a54s-og-cc-flex",12281,"oppo-a54s-og-cc-flex"
"https://abhaytechnicals.com/shop/oppo-reno-5-pro-og-cc-flex/","/products/oppo-reno-5-pro-og-cc-flex",12282,"oppo-reno-5-pro-og-cc-flex"
"https://abhaytechnicals.com/shop/tecno-i4-og-cc-flex/","/products/tecno-i4-og-cc-flex",12344,"tecno-i4-og-cc-flex"
"https://abhaytechnicals.com/shop/tecno-in-2-og-cc-flex/","/products/tecno-in-2-og-cc-flex",12345,"tecno-in-2-og-cc-flex"
"https://abhaytechnicals.com/shop/tecno-spark-7-pro-og-cc-flex/","/products/tecno-spark-7-pro-og-cc-flex",12346,"tecno-spark-7-pro-og-cc-flex"
"https://abhaytechnicals.com/shop/tecno-comon-20-og-cc-flex/","/products/tecno-comon-20-og-cc-flex",12347,"tecno-comon-20-og-cc-flex"
"https://abhaytechnicals.com/shop/one-plus-nord-ce4-og-cc-flex/","/products/one-plus-nord-ce4-og-cc-flex",12348,"one-plus-nord-ce4-og-cc-flex"
"https://abhaytechnicals.com/shop/one-plus-7t-og-cc-flex/","/products/one-plus-7t-og-cc-flex",12349,"one-plus-7t-og-cc-flex"
"https://abhaytechnicals.com/shop/honor-6x-og-cc-flex/","/products/honor-6x-og-cc-flex",12350,"honor-6x-og-cc-flex"
"https://abhaytechnicals.com/shop/mi-note-12-5g-og-cc-flex/","/products/mi-note-12-5g-og-cc-flex",12351,"mi-note-12-5g-og-cc-flex"
"https://abhaytechnicals.com/shop/poco-c65-og-cc-flex/","/products/poco-c65-og-cc-flex",12352,"poco-c65-og-cc-flex"
"https://abhaytechnicals.com/shop/realme-1-og-cc-flex/","/products/realme-1-og-cc-flex",12353,"realme-1-og-cc-flex"
"https://abhaytechnicals.com/shop/moto-e6-plus-og-cc-flex/","/products/moto-e6-plus-og-cc-flex",12354,"moto-e6-plus-og-cc-flex"
"https://abhaytechnicals.com/shop/moto-e5-plus-og-cc-flex/","/products/moto-e5-plus-og-cc-flex",12355,"moto-e5-plus-og-cc-flex"
"https://abhaytechnicals.com/shop/moto-e7-plus-og-cc-flex/","/products/moto-e7-plus-og-cc-flex",12356,"moto-e7-plus-og-cc-flex"
"https://abhaytechnicals.com/shop/moto-g7-power-og-cc-flex/","/products/moto-g7-power-og-cc-flex",12357,"moto-g7-power-og-cc-flex"
"https://abhaytechnicals.com/shop/samsung-a30s-og-cc-flex/","/products/samsung-a30s-og-cc-flex",12358,"samsung-a30s-og-cc-flex"
"https://abhaytechnicals.com/shop/one-plus-nord-n100-og-cc-flex/","/products/one-plus-nord-n100-og-cc-flex",12359,"one-plus-nord-n100-og-cc-flex"
"https://abhaytechnicals.com/shop/one-plus-ce4-lite-og-cc-flex/","/products/one-plus-ce4-lite-og-cc-flex",12360,"one-plus-ce4-lite-og-cc-flex"
"https://abhaytechnicals.com/shop/one-plus-8-og-cc-flex/","/products/one-plus-8-og-cc-flex",12361,"one-plus-8-og-cc-flex"
"https://abhaytechnicals.com/shop/one-plus-11r-og-cc-flex/","/products/one-plus-11r-og-cc-flex",12362,"one-plus-11r-og-cc-flex"
"https://abhaytechnicals.com/shop/honor-10-lite-og-cc-flex/","/products/honor-10-lite-og-cc-flex",12363,"honor-10-lite-og-cc-flex"
"https://abhaytechnicals.com/shop/honor-p20-lite-og-cc-flex/","/products/honor-p20-lite-og-cc-flex",12364,"honor-p20-lite-og-cc-flex"
"https://abhaytechnicals.com/shop/honor-p30-lite-og-cc-flex/","/products/honor-p30-lite-og-cc-flex",12365,"honor-p30-lite-og-cc-flex"
"https://abhaytechnicals.com/shop/honor-7c-og-cc-flex/","/products/honor-7c-og-cc-flex",12366,"honor-7c-og-cc-flex"
"https://abhaytechnicals.com/shop/moto-g82-og-cc-flex/","/products/moto-g82-og-cc-flex",12367,"moto-g82-og-cc-flex"
"https://abhaytechnicals.com/shop/moto-g34-og-cc-flex/","/products/moto-g34-og-cc-flex",12368,"moto-g34-og-cc-flex"
"https://abhaytechnicals.com/shop/moto-g14-og-cc-flex/","/products/moto-g14-og-cc-flex",12369,"moto-g14-og-cc-flex"
"https://abhaytechnicals.com/shop/moto-g13-og-cc-flex/","/products/moto-g13-og-cc-flex",12370,"moto-g13-og-cc-flex"
"https://abhaytechnicals.com/shop/moto-g8-power-lite-og-cc-flex/","/products/moto-g8-power-lite-og-cc-flex",12371,"moto-g8-power-lite-og-cc-flex"
"https://abhaytechnicals.com/shop/moto-e32-og-cc-flex/","/products/moto-e32-og-cc-flex",12372,"moto-e32-og-cc-flex"
"https://abhaytechnicals.com/shop/moto-e32s-og-cc-flex/","/products/moto-e32s-og-cc-flex",12373,"moto-e32s-og-cc-flex"
"https://abhaytechnicals.com/shop/lava-yuva-2-pro-og-cc-flex/","/products/lava-yuva-2-pro-og-cc-flex",12374,"lava-yuva-2-pro-og-cc-flex"
"https://abhaytechnicals.com/shop/lava-blaze-5g-og-cc-flex/","/products/lava-blaze-5g-og-cc-flex",12381,"lava-blaze-5g-og-cc-flex"
"https://abhaytechnicals.com/shop/lava-blaze-2-pro-og-cc-flex/","/products/lava-blaze-2-pro-og-cc-flex",12382,"lava-blaze-2-pro-og-cc-flex"
"https://abhaytechnicals.com/shop/nokia-5-og-cc-flex/","/products/nokia-5-og-cc-flex",12383,"nokia-5-og-cc-flex"
"https://abhaytechnicals.com/shop/nokia-3-1-og-cc-flex/","/products/nokia-3-1-og-cc-flex",12384,"nokia-3-1-og-cc-flex"
"https://abhaytechnicals.com/shop/oppo-reno-6-pro-og-cc-flex/","/products/oppo-reno-6-pro-og-cc-flex",12385,"oppo-reno-6-pro-og-cc-flex"
"https://abhaytechnicals.com/shop/nokia-2-4-og-cc-flex/","/products/nokia-2-4-og-cc-flex",12386,"nokia-2-4-og-cc-flex"
"https://abhaytechnicals.com/shop/tecno-kb-2-og-cc-flex/","/products/tecno-kb-2-og-cc-flex",12387,"tecno-kb-2-og-cc-flex"
"https://abhaytechnicals.com/shop/infinix-note-10-og-cc-flex/","/products/infinix-note-10-og-cc-flex",12388,"infinix-note-10-og-cc-flex"
"https://abhaytechnicals.com/shop/mi-note-12-pro-og-cc-flex/","/products/mi-note-12-pro-og-cc-flex",12389,"mi-note-12-pro-og-cc-flex"
"https://abhaytechnicals.com/shop/itel-p40-og-cc-flex/","/products/itel-p40-og-cc-flex",12390,"itel-p40-og-cc-flex"
"https://abhaytechnicals.com/shop/infinix-smart-7-hd-on-off-flex/","/products/infinix-smart-7-hd-on-off-flex",12398,"infinix-smart-7-hd-on-off-flex"
"https://abhaytechnicals.com/shop/realme-narzo-n53-on-off-flex/","/products/realme-narzo-n53-on-off-flex",12399,"realme-narzo-n53-on-off-flex"
"https://abhaytechnicals.com/shop/samsung-a03-on-off-flex/","/products/samsung-a03-on-off-flex",12400,"samsung-a03-on-off-flex"
"https://abhaytechnicals.com/shop/infinix-smart-5-on-off-flex/","/products/infinix-smart-5-on-off-flex",12401,"infinix-smart-5-on-off-flex"
"https://abhaytechnicals.com/shop/vivo-v17-on-off-flex/","/products/vivo-v17-on-off-flex",12402,"vivo-v17-on-off-flex"
"https://abhaytechnicals.com/shop/vivo-v21-5g-on-off-flex/","/products/vivo-v21-5g-on-off-flex",12403,"vivo-v21-5g-on-off-flex"
"https://abhaytechnicals.com/shop/samsung-a30s-on-off-flex/","/products/samsung-a30s-on-off-flex",12404,"samsung-a30s-on-off-flex"
"https://abhaytechnicals.com/shop/infinix-hot-20-on-off-flex/","/products/infinix-hot-20-on-off-flex",12405,"infinix-hot-20-on-off-flex"
"https://abhaytechnicals.com/shop/tecno-pop-7-pro-on-off-flex/","/products/tecno-pop-7-pro-on-off-flex",12406,"tecno-pop-7-pro-on-off-flex"
"https://abhaytechnicals.com/shop/tecno-spark-7t-on-off-flex/","/products/tecno-spark-7t-on-off-flex",12407,"tecno-spark-7t-on-off-flex"
"https://abhaytechnicals.com/shop/vivo-y15s-on-off-flex/","/products/vivo-y15s-on-off-flex",12408,"vivo-y15s-on-off-flex"
"https://abhaytechnicals.com/shop/poco-m3-on-off-flex/","/products/poco-m3-on-off-flex",12409,"poco-m3-on-off-flex"
"https://abhaytechnicals.com/shop/vivo-v21-4g-on-off-flex/","/products/vivo-v21-4g-on-off-flex",12410,"vivo-v21-4g-on-off-flex"
"https://abhaytechnicals.com/shop/samsung-m20-on-off-flex/","/products/samsung-m20-on-off-flex",12411,"samsung-m20-on-off-flex"
"https://abhaytechnicals.com/shop/tecno-spark-8-on-off-flex/","/products/tecno-spark-8-on-off-flex",12412,"tecno-spark-8-on-off-flex"
"https://abhaytechnicals.com/shop/infinix-hot-20-play-on-off-flex/","/products/infinix-hot-20-play-on-off-flex",12444,"infinix-hot-20-play-on-off-flex"
"https://abhaytechnicals.com/shop/samsung-a20-on-off-flex/","/products/samsung-a20-on-off-flex",12445,"samsung-a20-on-off-flex"
"https://abhaytechnicals.com/shop/tecno-spark-8t-on-off-flex/","/products/tecno-spark-8t-on-off-flex",12446,"tecno-spark-8t-on-off-flex"
"https://abhaytechnicals.com/shop/vivo-v20-5g-on-off-flex/","/products/vivo-v20-5g-on-off-flex",12447,"vivo-v20-5g-on-off-flex"
"https://abhaytechnicals.com/shop/samsung-a50s-on-off-flex/","/products/samsung-a50s-on-off-flex",12449,"samsung-a50s-on-off-flex"
"https://abhaytechnicals.com/shop/vivo-y11-on-off-flex/","/products/vivo-y11-on-off-flex",12450,"vivo-y11-on-off-flex"
"https://abhaytechnicals.com/shop/realme-c11-2021-on-off-flex/","/products/realme-c11-2021-on-off-flex",12451,"realme-c11-2021-on-off-flex"
"https://abhaytechnicals.com/shop/vivo-y35-on-off-flex/","/products/vivo-y35-on-off-flex",12452,"vivo-y35-on-off-flex"
"https://abhaytechnicals.com/shop/samsung-m31-on-off-flex/","/products/samsung-m31-on-off-flex",12453,"samsung-m31-on-off-flex"
"https://abhaytechnicals.com/shop/samsung-m10-on-off-flex/","/products/samsung-m10-on-off-flex",12454,"samsung-m10-on-off-flex"
"https://abhaytechnicals.com/shop/one-plus-nord-ce-2-on-off-flex/","/products/one-plus-nord-ce-2-on-off-flex",12455,"one-plus-nord-ce-2-on-off-flex"
"https://abhaytechnicals.com/shop/oppo-f9-on-off-flex/","/products/oppo-f9-on-off-flex",12456,"oppo-f9-on-off-flex"
"https://abhaytechnicals.com/shop/one-plus-ce-2-lite-on-off-flex/","/products/one-plus-ce-2-lite-on-off-flex",12457,"one-plus-ce-2-lite-on-off-flex"
"https://abhaytechnicals.com/shop/samsung-a01-core-on-off-flex/","/products/samsung-a01-core-on-off-flex",12458,"samsung-a01-core-on-off-flex"
"https://abhaytechnicals.com/shop/samsung-a13-4g-finger-sensor/","/products/samsung-a13-4g-finger-sensor",12465,"samsung-a13-4g-finger-sensor"
"https://abhaytechnicals.com/shop/samsung-m51-finger-sensor-2/","/products/samsung-m51-finger-sensor-2",12467,"samsung-m51-finger-sensor-2"
"https://abhaytechnicals.com/shop/samsung-a04s-finger-sensor/","/products/samsung-a04s-finger-sensor",12468,"samsung-a04s-finger-sensor"
"https://abhaytechnicals.com/shop/samsung-a22-5g-finger-sensor/","/products/samsung-a22-5g-finger-sensor",12469,"samsung-a22-5g-finger-sensor"
"https://abhaytechnicals.com/shop/realme-c25-finger-sensor/","/products/realme-c25-finger-sensor",12619,"realme-c25-finger-sensor"
"https://abhaytechnicals.com/shop/realme-5-finger-sensor/","/products/realme-5-finger-sensor",12620,"realme-5-finger-sensor"
"https://abhaytechnicals.com/shop/oppo-a5s-finger-sensor/","/products/oppo-a5s-finger-sensor",12621,"oppo-a5s-finger-sensor"
"https://abhaytechnicals.com/shop/tecno-ke-5-finger-sensor/","/products/tecno-ke-5-finger-sensor",12622,"tecno-ke-5-finger-sensor"
"https://abhaytechnicals.com/shop/tecno-spark-6-air-finger-sensor/","/products/tecno-spark-6-air-finger-sensor",12623,"tecno-spark-6-air-finger-sensor"
"https://abhaytechnicals.com/shop/mi-note-10-4g-finger-sensor/","/products/mi-note-10-4g-finger-sensor",12624,"mi-note-10-4g-finger-sensor"
"https://abhaytechnicals.com/shop/mi-note-10-5g-finger-sensor/","/products/mi-note-10-5g-finger-sensor",12625,"mi-note-10-5g-finger-sensor"
"https://abhaytechnicals.com/shop/mi-6-pro-finger-sensor/","/products/mi-6-pro-finger-sensor",12626,"mi-6-pro-finger-sensor"
"https://abhaytechnicals.com/shop/vivo-y16-finger-sensor/","/products/vivo-y16-finger-sensor",12627,"vivo-y16-finger-sensor"
"https://abhaytechnicals.com/shop/vivo-y11-finger-sensor/","/products/vivo-y11-finger-sensor",12628,"vivo-y11-finger-sensor"
"https://abhaytechnicals.com/shop/vivo-y19-finger-sensor/","/products/vivo-y19-finger-sensor",12651,"vivo-y19-finger-sensor"
"https://abhaytechnicals.com/shop/vivo-y30-finger-sensor/","/products/vivo-y30-finger-sensor",12652,"vivo-y30-finger-sensor"
"https://abhaytechnicals.com/shop/vivo-y35-finger-sensor/","/products/vivo-y35-finger-sensor",12653,"vivo-y35-finger-sensor"
"https://abhaytechnicals.com/shop/vivo-v11-finger-sensor/","/products/vivo-v11-finger-sensor",12654,"vivo-v11-finger-sensor"
"https://abhaytechnicals.com/shop/vivo-y56-5g-finger-sensor/","/products/vivo-y56-5g-finger-sensor",12655,"vivo-y56-5g-finger-sensor"
"https://abhaytechnicals.com/shop/vivo-y83-finger-sensor/","/products/vivo-y83-finger-sensor",12656,"vivo-y83-finger-sensor"
"https://abhaytechnicals.com/shop/vivo-v15-finger-sensor/","/products/vivo-v15-finger-sensor",12657,"vivo-v15-finger-sensor"
"https://abhaytechnicals.com/shop/vivo-y50-finger-sensor/","/products/vivo-y50-finger-sensor",12658,"vivo-y50-finger-sensor"
"https://abhaytechnicals.com/shop/realme-5-pro-finger-sensor/","/products/realme-5-pro-finger-sensor",12661,"realme-5-pro-finger-sensor"
"https://abhaytechnicals.com/shop/poco-c50-finger-sensor/","/products/poco-c50-finger-sensor",12662,"poco-c50-finger-sensor"
"https://abhaytechnicals.com/shop/vivo-y33s-finger-sensor/","/products/vivo-y33s-finger-sensor",12663,"vivo-y33s-finger-sensor"
"https://abhaytechnicals.com/shop/vivo-z1-pro-finger-sensor/","/products/vivo-z1-pro-finger-sensor",12664,"vivo-z1-pro-finger-sensor"
"https://abhaytechnicals.com/shop/realme-c35-finger-sensor/","/products/realme-c35-finger-sensor",12696,"realme-c35-finger-sensor"
"https://abhaytechnicals.com/shop/realme-c30-finger-sensor/","/products/realme-c30-finger-sensor",12697,"realme-c30-finger-sensor"
"https://abhaytechnicals.com/shop/narzo-n53-finger-sensor/","/products/narzo-n53-finger-sensor",12698,"narzo-n53-finger-sensor"
"https://abhaytechnicals.com/shop/realme-2-pro-finger-sensor/","/products/realme-2-pro-finger-sensor",12699,"realme-2-pro-finger-sensor"
"https://abhaytechnicals.com/shop/samsung-a10s-finger-sensor/","/products/samsung-a10s-finger-sensor",12700,"samsung-a10s-finger-sensor"
"https://abhaytechnicals.com/shop/oppo-a16-finger-sensor/","/products/oppo-a16-finger-sensor",12703,"oppo-a16-finger-sensor"
"https://abhaytechnicals.com/shop/oppo-f9-pro-finger-sensor/","/products/oppo-f9-pro-finger-sensor",12704,"oppo-f9-pro-finger-sensor"
"https://abhaytechnicals.com/shop/oppo-a18-finger-sensor/","/products/oppo-a18-finger-sensor",12705,"oppo-a18-finger-sensor"
"https://abhaytechnicals.com/shop/honor-9-lite-finger-sensor/","/products/honor-9-lite-finger-sensor",12758,"honor-9-lite-finger-sensor"
"https://abhaytechnicals.com/shop/honor-8x-finger-sensor/","/products/honor-8x-finger-sensor",12759,"honor-8x-finger-sensor"
"https://abhaytechnicals.com/shop/mi-9-power-finger-sensor/","/products/mi-9-power-finger-sensor",12760,"mi-9-power-finger-sensor"
"https://abhaytechnicals.com/shop/mi-9c-finger-sensor/","/products/mi-9c-finger-sensor",12761,"mi-9c-finger-sensor"
"https://abhaytechnicals.com/shop/mi-10-prime-finger-sensor/","/products/mi-10-prime-finger-sensor",12762,"mi-10-prime-finger-sensor"
"https://abhaytechnicals.com/shop/tecno-kg5-finger-sensor/","/products/tecno-kg5-finger-sensor",12763,"tecno-kg5-finger-sensor"
"https://abhaytechnicals.com/shop/mi-note-10t-finger-sensor/","/products/mi-note-10t-finger-sensor",12764,"mi-note-10t-finger-sensor"
"https://abhaytechnicals.com/shop/one-plus-nord-ce2-lite-finger-sensor/","/products/one-plus-nord-ce2-lite-finger-sensor",12765,"one-plus-nord-ce2-lite-finger-sensor"
"https://abhaytechnicals.com/shop/mi-note-12-pro-plus-finger-sensor/","/products/mi-note-12-pro-plus-finger-sensor",12766,"mi-note-12-pro-plus-finger-sensor"
"https://abhaytechnicals.com/shop/vivo-t2x-5g-finger-sensor/","/products/vivo-t2x-5g-finger-sensor",12767,"vivo-t2x-5g-finger-sensor"
"https://abhaytechnicals.com/shop/mi-note-12-4g-finger-sensor/","/products/mi-note-12-4g-finger-sensor",12768,"mi-note-12-4g-finger-sensor"
"https://abhaytechnicals.com/shop/mi-11-prime-finger-sensor/","/products/mi-11-prime-finger-sensor",12769,"mi-11-prime-finger-sensor"
"https://abhaytechnicals.com/shop/infinix-smart-7-finger-sensor/","/products/infinix-smart-7-finger-sensor",12770,"infinix-smart-7-finger-sensor"
"https://abhaytechnicals.com/shop/vivo-t3x-5g-finger-sensor/","/products/vivo-t3x-5g-finger-sensor",12771,"vivo-t3x-5g-finger-sensor"
"https://abhaytechnicals.com/shop/mi-note-8-pro-finger-sensor/","/products/mi-note-8-pro-finger-sensor",12772,"mi-note-8-pro-finger-sensor"
"https://abhaytechnicals.com/shop/vivo-y02-finger-sensor/","/products/vivo-y02-finger-sensor",12773,"vivo-y02-finger-sensor"
"https://abhaytechnicals.com/shop/mi-note-13-4g-finger-sensor/","/products/mi-note-13-4g-finger-sensor",12774,"mi-note-13-4g-finger-sensor"
"https://abhaytechnicals.com/shop/infinix-hot-10-play-finger-sensor/","/products/infinix-hot-10-play-finger-sensor",12775,"infinix-hot-10-play-finger-sensor"
"https://abhaytechnicals.com/shop/vivo-y27-finger-sensor/","/products/vivo-y27-finger-sensor",12776,"vivo-y27-finger-sensor"
"https://abhaytechnicals.com/shop/mi-7-y3-finger-sensor/","/products/mi-7-y3-finger-sensor",12777,"mi-7-y3-finger-sensor"
"https://abhaytechnicals.com/shop/honor-9n-finger-sensor/","/products/honor-9n-finger-sensor",12778,"honor-9n-finger-sensor"
"https://abhaytechnicals.com/shop/mi-13c-finger-sensor/","/products/mi-13c-finger-sensor",12779,"mi-13c-finger-sensor"
"https://abhaytechnicals.com/shop/poco-c65-finger-sensor/","/products/poco-c65-finger-sensor",12782,"poco-c65-finger-sensor"
"https://abhaytechnicals.com/shop/infinix-smart-4-finger-sensor/","/products/infinix-smart-4-finger-sensor",12783,"infinix-smart-4-finger-sensor"
"https://abhaytechnicals.com/shop/samsung-a21s-finger-sensor/","/products/samsung-a21s-finger-sensor",12784,"samsung-a21s-finger-sensor"
"https://abhaytechnicals.com/shop/oppo-f11-finger-sensor/","/products/oppo-f11-finger-sensor",12785,"oppo-f11-finger-sensor"
"https://abhaytechnicals.com/shop/tecno-spark-go-2024-finger-sensor/","/products/tecno-spark-go-2024-finger-sensor",12786,"tecno-spark-go-2024-finger-sensor"
"https://abhaytechnicals.com/shop/mi-8a-finger-sensor/","/products/mi-8a-finger-sensor",12787,"mi-8a-finger-sensor"
"https://abhaytechnicals.com/shop/mi-note-6-finger-sensor/","/products/mi-note-6-finger-sensor",12788,"mi-note-6-finger-sensor"
"https://abhaytechnicals.com/shop/mi-note-8-finger-sensor/","/products/mi-note-8-finger-sensor",12789,"mi-note-8-finger-sensor"
"https://abhaytechnicals.com/shop/mi-10-5g-main-flex/","/products/mi-10-5g-main-flex",12799,"mi-10-5g-main-flex"
"https://abhaytechnicals.com/shop/oppo-reno-7-main-flex/","/products/oppo-reno-7-main-flex",12801,"oppo-reno-7-main-flex"
"https://abhaytechnicals.com/shop/infinix-note-12-pro-main-flex/","/products/infinix-note-12-pro-main-flex",12802,"infinix-note-12-pro-main-flex"
"https://abhaytechnicals.com/shop/vivo-y18-y03-finger-sensor/","/products/vivo-y18-y03-finger-sensor",12803,"vivo-y18-y03-finger-sensor"
"https://abhaytechnicals.com/shop/poco-m6-pro-finger-sensor/","/products/poco-m6-pro-finger-sensor",12804,"poco-m6-pro-finger-sensor"
"https://abhaytechnicals.com/shop/realme-c67-ringer-box/","/products/realme-c67-ringer-box",12807,"realme-c67-ringer-box"
"https://abhaytechnicals.com/shop/vivo-y16-ringer-box/","/products/vivo-y16-ringer-box",12808,"vivo-y16-ringer-box"
"https://abhaytechnicals.com/shop/vivo-y35-camera-glass/","/products/vivo-y35-camera-glass",12809,"vivo-y35-camera-glass"
"https://abhaytechnicals.com/shop/mi-11-lite-volume-flex/","/products/mi-11-lite-volume-flex",12810,"mi-11-lite-volume-flex"
"https://abhaytechnicals.com/shop/jio-next-6-pin-mic/","/products/jio-next-6-pin-mic",12811,"jio-next-6-pin-mic"
"https://abhaytechnicals.com/shop/realme-5i-og-cc-flex/","/products/realme-5i-og-cc-flex",12812,"realme-5i-og-cc-flex"
"https://abhaytechnicals.com/shop/tecno-spark-go-2024-on-off-flex/","/products/tecno-spark-go-2024-on-off-flex",12817,"tecno-spark-go-2024-on-off-flex"
"https://abhaytechnicals.com/shop/moto-g54-on-off-flex/","/products/moto-g54-on-off-flex",12818,"moto-g54-on-off-flex"
"https://abhaytechnicals.com/shop/t12d-soldering-iron-station/","/products/t12d-soldering-iron-station",12822,"t12d-soldering-iron-station"
"https://abhaytechnicals.com/shop/samsaung-a12-a13/","/products/samsaung-a12-a13",12873,"samsaung-a12-a13"
"https://abhaytechnicals.com/shop/poco-c51-on-off-flex/","/products/poco-c51-on-off-flex",12888,"poco-c51-on-off-flex"
"https://abhaytechnicals.com/shop/itel-a44-power-on-off-flex/","/products/itel-a44-power-on-off-flex",12889,"itel-a44-power-on-off-flex"
"https://abhaytechnicals.com/shop/vivo-v15-camera-glass/","/products/vivo-v15-camera-glass",12893,"vivo-v15-camera-glass"
"https://abhaytechnicals.com/shop/mi-note-4-camera-glass/","/products/mi-note-4-camera-glass",12894,"mi-note-4-camera-glass"
"https://abhaytechnicals.com/shop/oppo-a53-camera-glass/","/products/oppo-a53-camera-glass",12895,"oppo-a53-camera-glass"
"https://abhaytechnicals.com/shop/oppo-f9-camera-glass/","/products/oppo-f9-camera-glass",12896,"oppo-f9-camera-glass"
"https://abhaytechnicals.com/shop/realme-c20-side-rubber-key/","/products/realme-c20-side-rubber-key",12900,"realme-c20-side-rubber-key"
"https://abhaytechnicals.com/shop/realme-c11-side-rubber-key/","/products/realme-c11-side-rubber-key",12901,"realme-c11-side-rubber-key"
"https://abhaytechnicals.com/shop/oppo-a3s-side-rubber-key/","/products/oppo-a3s-side-rubber-key",12902,"oppo-a3s-side-rubber-key"
"https://abhaytechnicals.com/shop/oppo-a5s-side-rubber-key/","/products/oppo-a5s-side-rubber-key",12903,"oppo-a5s-side-rubber-key"
"https://abhaytechnicals.com/shop/realme-5-pro-side-rubber-key/","/products/realme-5-pro-side-rubber-key",12904,"realme-5-pro-side-rubber-key"
"https://abhaytechnicals.com/shop/oppo-a33-new-side-rubber-key/","/products/oppo-a33-new-side-rubber-key",12905,"oppo-a33-new-side-rubber-key"
"https://abhaytechnicals.com/shop/samsung-a01-core-side-rubber-key/","/products/samsung-a01-core-side-rubber-key",12906,"samsung-a01-core-side-rubber-key"
"https://abhaytechnicals.com/shop/samsung-j2-side-rubber-key/","/products/samsung-j2-side-rubber-key",12907,"samsung-j2-side-rubber-key"
"https://abhaytechnicals.com/shop/mi-note-5-side-rubber-key/","/products/mi-note-5-side-rubber-key",12910,"mi-note-5-side-rubber-key"
"https://abhaytechnicals.com/shop/mi-note-6-pro-side-rubber-key/","/products/mi-note-6-pro-side-rubber-key",12911,"mi-note-6-pro-side-rubber-key"
"https://abhaytechnicals.com/shop/mi-note-10-main-flex/","/products/mi-note-10-main-flex",12956,"mi-note-10-main-flex"
"https://abhaytechnicals.com/shop/mi-y1-main-flex/","/products/mi-y1-main-flex",12957,"mi-y1-main-flex"
"https://abhaytechnicals.com/shop/mi-note-9-pro-main-flex/","/products/mi-note-9-pro-main-flex",12958,"mi-note-9-pro-main-flex"
"https://abhaytechnicals.com/shop/mi-note-6-main-flex/","/products/mi-note-6-main-flex",12959,"mi-note-6-main-flex"
"https://abhaytechnicals.com/shop/mi-7a-main-flex/","/products/mi-7a-main-flex",12960,"mi-7a-main-flex"
"https://abhaytechnicals.com/shop/mi-note-8-main-flex/","/products/mi-note-8-main-flex",12961,"mi-note-8-main-flex"
"https://abhaytechnicals.com/shop/poco-f1-main-flex/","/products/poco-f1-main-flex",12963,"poco-f1-main-flex"
"https://abhaytechnicals.com/shop/mi-note-8-pro-main-flex/","/products/mi-note-8-pro-main-flex",12964,"mi-note-8-pro-main-flex"
"https://abhaytechnicals.com/shop/mi-note-10-pro-main-flex/","/products/mi-note-10-pro-main-flex",12965,"mi-note-10-pro-main-flex"
"https://abhaytechnicals.com/shop/mi-note-11-main-flex/","/products/mi-note-11-main-flex",13121,"mi-note-11-main-flex"
"https://abhaytechnicals.com/shop/mi-note-12-5g-main-flex/","/products/mi-note-12-5g-main-flex",13142,"mi-note-12-5g-main-flex"
"https://abhaytechnicals.com/shop/vivo-y16-main-flex/","/products/vivo-y16-main-flex",13143,"vivo-y16-main-flex"
"https://abhaytechnicals.com/shop/vivo-y11-main-flex/","/products/vivo-y11-main-flex",13144,"vivo-y11-main-flex"
"https://abhaytechnicals.com/shop/vivo-v7-main-flex/","/products/vivo-v7-main-flex",13149,"vivo-v7-main-flex"
"https://abhaytechnicals.com/shop/vivo-z1-pro-main-flex/","/products/vivo-z1-pro-main-flex",13150,"vivo-z1-pro-main-flex"
"https://abhaytechnicals.com/shop/vivo-v15-pro-main-flex/","/products/vivo-v15-pro-main-flex",13151,"vivo-v15-pro-main-flex"
"https://abhaytechnicals.com/shop/vivo-v21-5g-main-flex/","/products/vivo-v21-5g-main-flex",13153,"vivo-v21-5g-main-flex"
"https://abhaytechnicals.com/shop/vivo-y30-main-flex/","/products/vivo-y30-main-flex",13154,"vivo-y30-main-flex"
"https://abhaytechnicals.com/shop/vivo-y50-main-flex/","/products/vivo-y50-main-flex",13155,"vivo-y50-main-flex"
"https://abhaytechnicals.com/shop/vivo-v9-main-flex/","/products/vivo-v9-main-flex",13156,"vivo-v9-main-flex"
"https://abhaytechnicals.com/shop/vivo-v20-pro-main-flex/","/products/vivo-v20-pro-main-flex",13157,"vivo-v20-pro-main-flex"
"https://abhaytechnicals.com/shop/oppo-a16-main-flex/","/products/oppo-a16-main-flex",13158,"oppo-a16-main-flex"
"https://abhaytechnicals.com/shop/realme-2-main-flex/","/products/realme-2-main-flex",13159,"realme-2-main-flex"
"https://abhaytechnicals.com/shop/realme-c21y-main-flex-2/","/products/realme-c21y-main-flex-2",13160,"realme-c21y-main-flex-2"
"https://abhaytechnicals.com/shop/realme-5-main-flex-2/","/products/realme-5-main-flex-2",13161,"realme-5-main-flex-2"
"https://abhaytechnicals.com/shop/oppo-f15-main-flex/","/products/oppo-f15-main-flex",13162,"oppo-f15-main-flex"
"https://abhaytechnicals.com/shop/oppo-a3s-main-flex/","/products/oppo-a3s-main-flex",13163,"oppo-a3s-main-flex"
"https://abhaytechnicals.com/shop/narzo-50-main-flex/","/products/narzo-50-main-flex",13164,"narzo-50-main-flex"
"https://abhaytechnicals.com/shop/oppo-f17-pro-main-flex/","/products/oppo-f17-pro-main-flex",13165,"oppo-f17-pro-main-flex"
"https://abhaytechnicals.com/shop/realme-6-pro-main-flex/","/products/realme-6-pro-main-flex",13166,"realme-6-pro-main-flex"
"https://abhaytechnicals.com/shop/oppo-a54-5g-main-flex/","/products/oppo-a54-5g-main-flex",13167,"oppo-a54-5g-main-flex"
"https://abhaytechnicals.com/shop/narzo-20a-main-flex/","/products/narzo-20a-main-flex",13168,"narzo-20a-main-flex"
"https://abhaytechnicals.com/shop/oppo-a53-main-flex/","/products/oppo-a53-main-flex",13169,"oppo-a53-main-flex"
"https://abhaytechnicals.com/shop/realme-8-pro-main-flex/","/products/realme-8-pro-main-flex",13170,"realme-8-pro-main-flex"
"https://abhaytechnicals.com/shop/narzo-30a-main-flex/","/products/narzo-30a-main-flex",13171,"narzo-30a-main-flex"
"https://abhaytechnicals.com/shop/oppo-f19-main-flex/","/products/oppo-f19-main-flex",13172,"oppo-f19-main-flex"
"https://abhaytechnicals.com/shop/realme-6-main-flex/","/products/realme-6-main-flex",13173,"realme-6-main-flex"
"https://abhaytechnicals.com/shop/realme-c12-main-flex/","/products/realme-c12-main-flex",13174,"realme-c12-main-flex"
"https://abhaytechnicals.com/shop/samsung-m40-main-flex/","/products/samsung-m40-main-flex",13175,"samsung-m40-main-flex"
"https://abhaytechnicals.com/shop/samsung-a10-main-flex/","/products/samsung-a10-main-flex",13176,"samsung-a10-main-flex"
"https://abhaytechnicals.com/shop/samsung-a21s-main-flex/","/products/samsung-a21s-main-flex",13178,"samsung-a21s-main-flex"
"https://abhaytechnicals.com/shop/samsung-a22-5g-main-flex/","/products/samsung-a22-5g-main-flex",13179,"samsung-a22-5g-main-flex"
"https://abhaytechnicals.com/shop/oneplus-nord-2t-main-flex/","/products/oneplus-nord-2t-main-flex",13180,"oneplus-nord-2t-main-flex"
"https://abhaytechnicals.com/shop/samsung-a34-5g-main-flex/","/products/samsung-a34-5g-main-flex",13181,"samsung-a34-5g-main-flex"
"https://abhaytechnicals.com/shop/samsung-a33-5g-main-flex/","/products/samsung-a33-5g-main-flex",13182,"samsung-a33-5g-main-flex"
"https://abhaytechnicals.com/shop/samsung-a70-main-flex/","/products/samsung-a70-main-flex",13183,"samsung-a70-main-flex"
"https://abhaytechnicals.com/shop/samsung-a53-main-flex/","/products/samsung-a53-main-flex",13184,"samsung-a53-main-flex"
"https://abhaytechnicals.com/shop/samsung-a32-main-flex/","/products/samsung-a32-main-flex",13185,"samsung-a32-main-flex"
"https://abhaytechnicals.com/shop/samsung-m51-main-flex/","/products/samsung-m51-main-flex",13186,"samsung-m51-main-flex"
"https://abhaytechnicals.com/shop/samsung-a22-4g-main-flex/","/products/samsung-a22-4g-main-flex",13187,"samsung-a22-4g-main-flex"
"https://abhaytechnicals.com/shop/mi-6-pro-main-flex/","/products/mi-6-pro-main-flex",13213,"mi-6-pro-main-flex"
"https://abhaytechnicals.com/shop/moto-g7-power-main-flex/","/products/moto-g7-power-main-flex",13214,"moto-g7-power-main-flex"
"https://abhaytechnicals.com/shop/moto-e7-plus-main-flex/","/products/moto-e7-plus-main-flex",13215,"moto-e7-plus-main-flex"
"https://abhaytechnicals.com/shop/moto-one-fusion-plus-main-flex/","/products/moto-one-fusion-plus-main-flex",13216,"moto-one-fusion-plus-main-flex"
"https://abhaytechnicals.com/shop/moto-e5-plus-main-flex/","/products/moto-e5-plus-main-flex",13217,"moto-e5-plus-main-flex"
"https://abhaytechnicals.com/shop/moto-g71-main-flex/","/products/moto-g71-main-flex",13218,"moto-g71-main-flex"
"https://abhaytechnicals.com/shop/vivo-t1x-main-flex/","/products/vivo-t1x-main-flex",13220,"vivo-t1x-main-flex"
"https://abhaytechnicals.com/shop/vivo-v23-main-flex/","/products/vivo-v23-main-flex",13222,"vivo-v23-main-flex"
"https://abhaytechnicals.com/shop/vivo-y200-main-flex/","/products/vivo-y200-main-flex",13223,"vivo-y200-main-flex"
"https://abhaytechnicals.com/shop/vivo-v21-4g-main-flex/","/products/vivo-v21-4g-main-flex",13224,"vivo-v21-4g-main-flex"
"https://abhaytechnicals.com/shop/vivo-y27-main-flex/","/products/vivo-y27-main-flex",13226,"vivo-y27-main-flex"
"https://abhaytechnicals.com/shop/vivo-y22-main-flex/","/products/vivo-y22-main-flex",13227,"vivo-y22-main-flex"
"https://abhaytechnicals.com/shop/vivo-y35-main-flex/","/products/vivo-y35-main-flex",13228,"vivo-y35-main-flex"
"https://abhaytechnicals.com/shop/vivo-y31-new-main-flex/","/products/vivo-y31-new-main-flex",13229,"vivo-y31-new-main-flex"
"https://abhaytechnicals.com/shop/vivo-y56-5g-main-flex/","/products/vivo-y56-5g-main-flex",13230,"vivo-y56-5g-main-flex"
"https://abhaytechnicals.com/shop/vivo-t1-5g-main-flex/","/products/vivo-t1-5g-main-flex",13231,"vivo-t1-5g-main-flex"
"https://abhaytechnicals.com/shop/vivo-y75-5g-main-flex/","/products/vivo-y75-5g-main-flex",13232,"vivo-y75-5g-main-flex"
"https://abhaytechnicals.com/shop/vivo-v20-5g-main-flex/","/products/vivo-v20-5g-main-flex",13233,"vivo-v20-5g-main-flex"
"https://abhaytechnicals.com/shop/oneplus-7t-main-flex/","/products/oneplus-7t-main-flex",13234,"oneplus-7t-main-flex"
"https://abhaytechnicals.com/shop/oneplus-6-main-flex/","/products/oneplus-6-main-flex",13235,"oneplus-6-main-flex"
"https://abhaytechnicals.com/shop/oneplus-8-main-flex/","/products/oneplus-8-main-flex",13238,"oneplus-8-main-flex"
"https://abhaytechnicals.com/shop/oppo-a57-new-main-flex/","/products/oppo-a57-new-main-flex",13246,"oppo-a57-new-main-flex"
"https://abhaytechnicals.com/shop/oneplus-7-main-flex/","/products/oneplus-7-main-flex",13253,"oneplus-7-main-flex"
"https://abhaytechnicals.com/shop/oneplus-nord-2-main-flex/","/products/oneplus-nord-2-main-flex",13254,"oneplus-nord-2-main-flex"
"https://abhaytechnicals.com/shop/oneplus-6t-main-flex/","/products/oneplus-6t-main-flex",13255,"oneplus-6t-main-flex"
"https://abhaytechnicals.com/shop/vivo-v21e-5g-main-flex/","/products/vivo-v21e-5g-main-flex",13256,"vivo-v21e-5g-main-flex"
"https://abhaytechnicals.com/shop/vivo-y33s-main-flex/","/products/vivo-y33s-main-flex",13257,"vivo-y33s-main-flex"
"https://abhaytechnicals.com/shop/vivo-y28-new-main-flex/","/products/vivo-y28-new-main-flex",13258,"vivo-y28-new-main-flex"
"https://abhaytechnicals.com/shop/vivo-y36-main-flex/","/products/vivo-y36-main-flex",13259,"vivo-y36-main-flex"
"https://abhaytechnicals.com/shop/oppo-a72-5g-main-flex/","/products/oppo-a72-5g-main-flex",13264,"oppo-a72-5g-main-flex"
"https://abhaytechnicals.com/shop/realme-pro-main-flex/","/products/realme-pro-main-flex",13269,"realme-pro-main-flex"
"https://abhaytechnicals.com/shop/oppo-f19-pro-main-flex/","/products/oppo-f19-pro-main-flex",13270,"oppo-f19-pro-main-flex"
"https://abhaytechnicals.com/shop/realme-10-pro-main-flex/","/products/realme-10-pro-main-flex",13271,"realme-10-pro-main-flex"
"https://abhaytechnicals.com/shop/oppo-a38-new-main-flex/","/products/oppo-a38-new-main-flex",13272,"oppo-a38-new-main-flex"
"https://abhaytechnicals.com/shop/oppoo-f21-pro-5g-main-flex/","/products/oppoo-f21-pro-5g-main-flex",13273,"oppoo-f21-pro-5g-main-flex"
"https://abhaytechnicals.com/shop/oppo-a18-main-flex/","/products/oppo-a18-main-flex",13274,"oppo-a18-main-flex"
"https://abhaytechnicals.com/shop/realme-c25y-main-flex/","/products/realme-c25y-main-flex",13275,"realme-c25y-main-flex"
"https://abhaytechnicals.com/shop/realme-c35-main-flex/","/products/realme-c35-main-flex",13276,"realme-c35-main-flex"
"https://abhaytechnicals.com/shop/narzo-30-pro-main-flex/","/products/narzo-30-pro-main-flex",13277,"narzo-30-pro-main-flex"
"https://abhaytechnicals.com/shop/realme-8i-main-flex/","/products/realme-8i-main-flex",13278,"realme-8i-main-flex"
"https://abhaytechnicals.com/shop/oppo-a17-main-flex/","/products/oppo-a17-main-flex",13280,"oppo-a17-main-flex"
"https://abhaytechnicals.com/shop/narzo-n53-main-flex/","/products/narzo-n53-main-flex",13281,"narzo-n53-main-flex"
"https://abhaytechnicals.com/shop/oppo-f11-pro-main-flex/","/products/oppo-f11-pro-main-flex",13282,"oppo-f11-pro-main-flex"
"https://abhaytechnicals.com/shop/oppo-reno-6-5g-main-flex/","/products/oppo-reno-6-5g-main-flex",13283,"oppo-reno-6-5g-main-flex"
"https://abhaytechnicals.com/shop/realme-c51-main-flex/","/products/realme-c51-main-flex",13284,"realme-c51-main-flex"
"https://abhaytechnicals.com/shop/honor-8x-main-flex/","/products/honor-8x-main-flex",13285,"honor-8x-main-flex"
"https://abhaytechnicals.com/shop/honor-10-lite-main-flex/","/products/honor-10-lite-main-flex",13286,"honor-10-lite-main-flex"
"https://abhaytechnicals.com/shop/honor-9-lite-main-flex/","/products/honor-9-lite-main-flex",13287,"honor-9-lite-main-flex"
"https://abhaytechnicals.com/shop/infinix-hot-11-main-flex/","/products/infinix-hot-11-main-flex",13288,"infinix-hot-11-main-flex"
"https://abhaytechnicals.com/shop/infinix-note-10-main-flex/","/products/infinix-note-10-main-flex",13289,"infinix-note-10-main-flex"
"https://abhaytechnicals.com/shop/infinix-note-11-main-flex/","/products/infinix-note-11-main-flex",13290,"infinix-note-11-main-flex"
"https://abhaytechnicals.com/shop/narzo-50a-prime-main-flex/","/products/narzo-50a-prime-main-flex",13302,"narzo-50a-prime-main-flex"
"https://abhaytechnicals.com/shop/realme-11x-5g-main-flex/","/products/realme-11x-5g-main-flex",13303,"realme-11x-5g-main-flex"
"https://abhaytechnicals.com/shop/realme-x-main-flex/","/products/realme-x-main-flex",13304,"realme-x-main-flex"
"https://abhaytechnicals.com/shop/narzo-70-5g-main-flex/","/products/narzo-70-5g-main-flex",13305,"narzo-70-5g-main-flex"
"https://abhaytechnicals.com/shop/realme-9-pro-main-flex/","/products/realme-9-pro-main-flex",13306,"realme-9-pro-main-flex"
"https://abhaytechnicals.com/shop/oppo-k10-5g-main-flex/","/products/oppo-k10-5g-main-flex",13307,"oppo-k10-5g-main-flex"
"https://abhaytechnicals.com/shop/oppo-a57-5g-main-flex/","/products/oppo-a57-5g-main-flex",13308,"oppo-a57-5g-main-flex"
"https://abhaytechnicals.com/shop/oppo-f11-main-flex/","/products/oppo-f11-main-flex",13309,"oppo-f11-main-flex"
"https://abhaytechnicals.com/shop/oppo-a33-new-main-flex/","/products/oppo-a33-new-main-flex",13310,"oppo-a33-new-main-flex"
"https://abhaytechnicals.com/shop/oppo-a78-5g-main-flex/","/products/oppo-a78-5g-main-flex",13311,"oppo-a78-5g-main-flex"
"https://abhaytechnicals.com/shop/oppo-a79-5g-main-flex/","/products/oppo-a79-5g-main-flex",13313,"oppo-a79-5g-main-flex"
"https://abhaytechnicals.com/shop/vivo-y73-4g-main-flex/","/products/vivo-y73-4g-main-flex",13314,"vivo-y73-4g-main-flex"
"https://abhaytechnicals.com/shop/vivo-y100-main-flex/","/products/vivo-y100-main-flex",13315,"vivo-y100-main-flex"
"https://abhaytechnicals.com/shop/vivo-t2-pro-main-flex/","/products/vivo-t2-pro-main-flex",13316,"vivo-t2-pro-main-flex"
"https://abhaytechnicals.com/shop/vivo-v20se-main-flex/","/products/vivo-v20se-main-flex",13317,"vivo-v20se-main-flex"
"https://abhaytechnicals.com/shop/vivo-v23e-main-flex/","/products/vivo-v23e-main-flex",13318,"vivo-v23e-main-flex"
"https://abhaytechnicals.com/shop/vivo-v20-pro-main-flex-2/","/products/vivo-v20-pro-main-flex-2",13319,"vivo-v20-pro-main-flex-2"
"https://abhaytechnicals.com/shop/vivo-v17-main-flex/","/products/vivo-v17-main-flex",13320,"vivo-v17-main-flex"
"https://abhaytechnicals.com/shop/vivo-v17-pro-main-flex/","/products/vivo-v17-pro-main-flex",13321,"vivo-v17-pro-main-flex"
"https://abhaytechnicals.com/shop/vivo-t2x-5g-main-flex/","/products/vivo-t2x-5g-main-flex",13322,"vivo-t2x-5g-main-flex"
"https://abhaytechnicals.com/shop/vivo-y75-4g-main-flex/","/products/vivo-y75-4g-main-flex",13323,"vivo-y75-4g-main-flex"
"https://abhaytechnicals.com/shop/vivo-y15-main-flex/","/products/vivo-y15-main-flex",13324,"vivo-y15-main-flex"
"https://abhaytechnicals.com/shop/mi-note-13-5g-main-flex/","/products/mi-note-13-5g-main-flex",13325,"mi-note-13-5g-main-flex"
"https://abhaytechnicals.com/shop/mi-note-11-pro-5g-main-flex/","/products/mi-note-11-pro-5g-main-flex",13326,"mi-note-11-pro-5g-main-flex"
"https://abhaytechnicals.com/shop/samsung-a90-main-flex/","/products/samsung-a90-main-flex",13330,"samsung-a90-main-flex"
"https://abhaytechnicals.com/shop/samsung-a71-main-flex/","/products/samsung-a71-main-flex",13331,"samsung-a71-main-flex"
"https://abhaytechnicals.com/shop/samsung-a54-main-flex/","/products/samsung-a54-main-flex",13332,"samsung-a54-main-flex"
"https://abhaytechnicals.com/shop/oneplus-nord-ce2-main-flex/","/products/oneplus-nord-ce2-main-flex",13333,"oneplus-nord-ce2-main-flex"
"https://abhaytechnicals.com/shop/mi-note-12-pro-main-flex/","/products/mi-note-12-pro-main-flex",13334,"mi-note-12-pro-main-flex"
"https://abhaytechnicals.com/shop/mi-note-13-pro-main-flex/","/products/mi-note-13-pro-main-flex",13335,"mi-note-13-pro-main-flex"
"https://abhaytechnicals.com/shop/oneplus-nord-ce2-lite-5g-main-flex/","/products/oneplus-nord-ce2-lite-5g-main-flex",13336,"oneplus-nord-ce2-lite-5g-main-flex"
"https://abhaytechnicals.com/shop/oneplus-8t-main-flex/","/products/oneplus-8t-main-flex",13337,"oneplus-8t-main-flex"
"https://abhaytechnicals.com/shop/oneplus-11-main-flex/","/products/oneplus-11-main-flex",13338,"oneplus-11-main-flex"
"https://abhaytechnicals.com/shop/oneplus-11r-main-flex/","/products/oneplus-11r-main-flex",13339,"oneplus-11r-main-flex"
"https://abhaytechnicals.com/shop/oneplus-nord-ce-5g-main-flex/","/products/oneplus-nord-ce-5g-main-flex",13340,"oneplus-nord-ce-5g-main-flex"
"https://abhaytechnicals.com/shop/honor-9n-main-flex/","/products/honor-9n-main-flex",13341,"honor-9n-main-flex"
"https://abhaytechnicals.com/shop/moto-g52-main-flex/","/products/moto-g52-main-flex",13342,"moto-g52-main-flex"
"https://abhaytechnicals.com/shop/moto-g32-main-flex/","/products/moto-g32-main-flex",13343,"moto-g32-main-flex"
"https://abhaytechnicals.com/shop/moto-g62-main-flex/","/products/moto-g62-main-flex",13344,"moto-g62-main-flex"
"https://abhaytechnicals.com/shop/moto-g40-main-flex/","/products/moto-g40-main-flex",13345,"moto-g40-main-flex"
"https://abhaytechnicals.com/shop/moto-g14-main-flex/","/products/moto-g14-main-flex",13346,"moto-g14-main-flex"
"https://abhaytechnicals.com/shop/realme-9-5g-main-flex/","/products/realme-9-5g-main-flex",13347,"realme-9-5g-main-flex"
"https://abhaytechnicals.com/shop/oppo-a54-main-flex-2/","/products/oppo-a54-main-flex-2",13407,"oppo-a54-main-flex-2"
"https://abhaytechnicals.com/shop/narzo-30a-main-flex-2/","/products/narzo-30a-main-flex-2",13413,"narzo-30a-main-flex-2"
"https://abhaytechnicals.com/shop/for-kechaoda-k115-battery/","/products/for-kechaoda-k115-battery",13414,"for-kechaoda-k115-battery"
"https://abhaytechnicals.com/shop/for-kechaoda-a26-battery/","/products/for-kechaoda-a26-battery",13415,"for-kechaoda-a26-battery"
"https://abhaytechnicals.com/shop/for-jio-bharat-20-pin-2-4-size-l-c-d/","/products/for-jio-bharat-20-pin-2-4-size-l-c-d",13416,"for-jio-bharat-20-pin-2-4-size-l-c-d"
"https://abhaytechnicals.com/shop/vivo-y51-2020-midil-panel/","/products/vivo-y51-2020-midil-panel",13435,"vivo-y51-2020-midil-panel"
"https://abhaytechnicals.com/shop/sunshine-g21-combo-pesting-black-glue/","/products/sunshine-g21-combo-pesting-black-glue",13511,"sunshine-g21-combo-pesting-black-glue"
"https://abhaytechnicals.com/shop/koocu-6-port-kc-328-charger/","/products/koocu-6-port-kc-328-charger",13523,"koocu-6-port-kc-328-charger"
"https://abhaytechnicals.com/shop/mechanic-ip-15-boot-cable/","/products/mechanic-ip-15-boot-cable",13537,"mechanic-ip-15-boot-cable"
"https://abhaytechnicals.com/shop/tiger-07-nipper/","/products/tiger-07-nipper",13538,"tiger-07-nipper"
"https://abhaytechnicals.com/shop/2-pin-smd-element/","/products/2-pin-smd-element",13541,"2-pin-smd-element"
"https://abhaytechnicals.com/shop/mechanic-hk5090/","/products/mechanic-hk5090",13542,"mechanic-hk5090"
"https://abhaytechnicals.com/shop/mechenic-183c-og-ppd-pest/","/products/mechenic-183c-og-ppd-pest",13545,"mechenic-183c-og-ppd-pest"
"https://abhaytechnicals.com/shop/mechanic-sak-11-high-quality-smd-tweezer/","/products/mechanic-sak-11-high-quality-smd-tweezer",13546,"mechanic-sak-11-high-quality-smd-tweezer"
"https://abhaytechnicals.com/shop/mechanic-sak-15-high-quality-smd-tweezer/","/products/mechanic-sak-15-high-quality-smd-tweezer",13547,"mechanic-sak-15-high-quality-smd-tweezer"
"https://abhaytechnicals.com/shop/tiger-06-nipper/","/products/tiger-06-nipper",13548,"tiger-06-nipper"
"https://abhaytechnicals.com/shop/koocu-ic-opener-tool/","/products/koocu-ic-opener-tool",13552,"koocu-ic-opener-tool"
"https://abhaytechnicals.com/shop/double-head-anti-static-cleaning-brush/","/products/double-head-anti-static-cleaning-brush",13553,"double-head-anti-static-cleaning-brush"
"https://abhaytechnicals.com/shop/4-pin-auto-cut-smd-element/","/products/4-pin-auto-cut-smd-element",13555,"4-pin-auto-cut-smd-element"
"https://abhaytechnicals.com/shop/moto-g40-finger-sensor/","/products/moto-g40-finger-sensor",13587,"moto-g40-finger-sensor"
"https://abhaytechnicals.com/shop/realme-c3-main-flex/","/products/realme-c3-main-flex",13598,"realme-c3-main-flex"
"https://abhaytechnicals.com/shop/realme-7-pro-main-flex/","/products/realme-7-pro-main-flex",13599,"realme-7-pro-main-flex"
"https://abhaytechnicals.com/shop/infinix-hot-30-og-cc-flex/","/products/infinix-hot-30-og-cc-flex",13600,"infinix-hot-30-og-cc-flex"
"https://abhaytechnicals.com/shop/nokia-c31-og-cc-flex/","/products/nokia-c31-og-cc-flex",13601,"nokia-c31-og-cc-flex"
"https://abhaytechnicals.com/shop/moto-edge-40-og-cc-flex/","/products/moto-edge-40-og-cc-flex",13602,"moto-edge-40-og-cc-flex"
"https://abhaytechnicals.com/shop/moto-g84-og-cc-flex/","/products/moto-g84-og-cc-flex",13603,"moto-g84-og-cc-flex"
"https://abhaytechnicals.com/shop/mi-13-4g-og-cc-flex/","/products/mi-13-4g-og-cc-flex",13604,"mi-13-4g-og-cc-flex"
"https://abhaytechnicals.com/shop/vivo-y01-on-off-flex/","/products/vivo-y01-on-off-flex",13605,"vivo-y01-on-off-flex"
"https://abhaytechnicals.com/shop/13685/","/products/13685",13685,"13685"
"https://abhaytechnicals.com/shop/samsung-a52-set-camera-glass/","/products/samsung-a52-set-camera-glass",13686,"samsung-a52-set-camera-glass"
"https://abhaytechnicals.com/shop/samsung-a70-camera-glass/","/products/samsung-a70-camera-glass",13687,"samsung-a70-camera-glass"
"https://abhaytechnicals.com/shop/samsung-a51-camera-glass-2/","/products/samsung-a51-camera-glass-2",13688,"samsung-a51-camera-glass-2"
"https://abhaytechnicals.com/shop/samsung-a01-camera-glass/","/products/samsung-a01-camera-glass",13689,"samsung-a01-camera-glass"
"https://abhaytechnicals.com/shop/samsung-a04-core-camera-glass/","/products/samsung-a04-core-camera-glass",13690,"samsung-a04-core-camera-glass"
"https://abhaytechnicals.com/shop/samsung-a03-core-camera-glass/","/products/samsung-a03-core-camera-glass",13691,"samsung-a03-core-camera-glass"
"https://abhaytechnicals.com/shop/samsung-a20-camera-glass/","/products/samsung-a20-camera-glass",13692,"samsung-a20-camera-glass"
"https://abhaytechnicals.com/shop/samsung-a03-camera-glass/","/products/samsung-a03-camera-glass",13693,"samsung-a03-camera-glass"
"https://abhaytechnicals.com/shop/samsung-a14-5g-camera-glass/","/products/samsung-a14-5g-camera-glass",13694,"samsung-a14-5g-camera-glass"
"https://abhaytechnicals.com/shop/samsung-a22-5g-camera-glass/","/products/samsung-a22-5g-camera-glass",13952,"samsung-a22-5g-camera-glass"
"https://abhaytechnicals.com/shop/samsung-a34-5g-camera-glass/","/products/samsung-a34-5g-camera-glass",13953,"samsung-a34-5g-camera-glass"
"https://abhaytechnicals.com/shop/samsung-a31-camera-glass/","/products/samsung-a31-camera-glass",13954,"samsung-a31-camera-glass"
"https://abhaytechnicals.com/shop/samsung-a02-camera-glass/","/products/samsung-a02-camera-glass",13955,"samsung-a02-camera-glass"
"https://abhaytechnicals.com/shop/samsung-a33-5g-camera-glass/","/products/samsung-a33-5g-camera-glass",13956,"samsung-a33-5g-camera-glass"
"https://abhaytechnicals.com/shop/samsung-a40-camera-glass/","/products/samsung-a40-camera-glass",13957,"samsung-a40-camera-glass"
"https://abhaytechnicals.com/shop/sasmung-a15-5g-camera-glass/","/products/sasmung-a15-5g-camera-glass",13958,"sasmung-a15-5g-camera-glass"
"https://abhaytechnicals.com/shop/samsung-a53-camera-glass/","/products/samsung-a53-camera-glass",13959,"samsung-a53-camera-glass"
"https://abhaytechnicals.com/shop/samsung-a04-camera-glass/","/products/samsung-a04-camera-glass",13960,"samsung-a04-camera-glass"
"https://abhaytechnicals.com/shop/samsung-a71-camera-glass/","/products/samsung-a71-camera-glass",13961,"samsung-a71-camera-glass"
"https://abhaytechnicals.com/shop/samsung-a22-4g-camera-glass/","/products/samsung-a22-4g-camera-glass",13964,"samsung-a22-4g-camera-glass"
"https://abhaytechnicals.com/shop/samsung-a05-camera-glass/","/products/samsung-a05-camera-glass",13965,"samsung-a05-camera-glass"
"https://abhaytechnicals.com/shop/samsung-a04s-camera-glass/","/products/samsung-a04s-camera-glass",13966,"samsung-a04s-camera-glass"
"https://abhaytechnicals.com/shop/samsung-a50s-camera-glass/","/products/samsung-a50s-camera-glass",13967,"samsung-a50s-camera-glass"
"https://abhaytechnicals.com/shop/samsung-a04e-camera-glass/","/products/samsung-a04e-camera-glass",13969,"samsung-a04e-camera-glass"
"https://abhaytechnicals.com/shop/samsung-a13-4g-camera-glass/","/products/samsung-a13-4g-camera-glass",13970,"samsung-a13-4g-camera-glass"
"https://abhaytechnicals.com/shop/vivo-y51-old-camera-glass/","/products/vivo-y51-old-camera-glass",13971,"vivo-y51-old-camera-glass"
"https://abhaytechnicals.com/shop/vivo-v20-pro-camera-glass/","/products/vivo-v20-pro-camera-glass",13973,"vivo-v20-pro-camera-glass"
"https://abhaytechnicals.com/shop/samsung-a23-5g-camera-glass/","/products/samsung-a23-5g-camera-glass",13974,"samsung-a23-5g-camera-glass"
"https://abhaytechnicals.com/shop/vivo-y53-camera-glass/","/products/vivo-y53-camera-glass",13975,"vivo-y53-camera-glass"
"https://abhaytechnicals.com/shop/vivo-v7-camera-glass/","/products/vivo-v7-camera-glass",13977,"vivo-v7-camera-glass"
"https://abhaytechnicals.com/shop/vivo-v5-camera-glass/","/products/vivo-v5-camera-glass",13978,"vivo-v5-camera-glass"
"https://abhaytechnicals.com/shop/vivo-v7-camera-glass-2/","/products/vivo-v7-camera-glass-2",13979,"vivo-v7-camera-glass-2"
"https://abhaytechnicals.com/shop/vivo-y28-new-camera-glass/","/products/vivo-y28-new-camera-glass",13980,"vivo-y28-new-camera-glass"
"https://abhaytechnicals.com/shop/vivo-y03-camera-glass/","/products/vivo-y03-camera-glass",13981,"vivo-y03-camera-glass"
"https://abhaytechnicals.com/shop/vivo-y36-camera-glass/","/products/vivo-y36-camera-glass",13982,"vivo-y36-camera-glass"
"https://abhaytechnicals.com/shop/infinix-smart-4-camera-glass/","/products/infinix-smart-4-camera-glass",13983,"infinix-smart-4-camera-glass"
"https://abhaytechnicals.com/shop/infinix-note-10-camera-glass/","/products/infinix-note-10-camera-glass",13984,"infinix-note-10-camera-glass"
"https://abhaytechnicals.com/shop/infinix-hot-11-2022-camera-glass/","/products/infinix-hot-11-2022-camera-glass",13985,"infinix-hot-11-2022-camera-glass"
"https://abhaytechnicals.com/shop/infinix-hot-10s-camera-glass/","/products/infinix-hot-10s-camera-glass",13986,"infinix-hot-10s-camera-glass"
"https://abhaytechnicals.com/shop/infinix-hot-20-5g-camera-glass/","/products/infinix-hot-20-5g-camera-glass",13987,"infinix-hot-20-5g-camera-glass"
"https://abhaytechnicals.com/shop/infinix-hot-8-camera-glass/","/products/infinix-hot-8-camera-glass",13988,"infinix-hot-8-camera-glass"
"https://abhaytechnicals.com/shop/infinix-hot-11s-camera-glass/","/products/infinix-hot-11s-camera-glass",13989,"infinix-hot-11s-camera-glass"
"https://abhaytechnicals.com/shop/infinix-hot-10-camera-glass/","/products/infinix-hot-10-camera-glass",13990,"infinix-hot-10-camera-glass"
"https://abhaytechnicals.com/shop/infinix-hot-9-play-camera-glass/","/products/infinix-hot-9-play-camera-glass",13991,"infinix-hot-9-play-camera-glass"
"https://abhaytechnicals.com/shop/infinix-hot-20-play-camera-glass/","/products/infinix-hot-20-play-camera-glass",13992,"infinix-hot-20-play-camera-glass"
"https://abhaytechnicals.com/shop/infinix-hot-30i-camera-glass/","/products/infinix-hot-30i-camera-glass",13994,"infinix-hot-30i-camera-glass"
"https://abhaytechnicals.com/shop/infinix-smart-7-hd-camera-glass/","/products/infinix-smart-7-hd-camera-glass",13995,"infinix-smart-7-hd-camera-glass"
"https://abhaytechnicals.com/shop/infinix-hot-9-camera-glass/","/products/infinix-hot-9-camera-glass",13996,"infinix-hot-9-camera-glass"
"https://abhaytechnicals.com/shop/infinix-hot-12-play-camera-glass/","/products/infinix-hot-12-play-camera-glass",13997,"infinix-hot-12-play-camera-glass"
"https://abhaytechnicals.com/shop/honor-9n-camera-glass/","/products/honor-9n-camera-glass",14015,"honor-9n-camera-glass"
"https://abhaytechnicals.com/shop/huwai-p30-lite-camera-glass/","/products/huwai-p30-lite-camera-glass",14016,"huwai-p30-lite-camera-glass"
"https://abhaytechnicals.com/shop/honor-7c-camera-glass/","/products/honor-7c-camera-glass",14017,"honor-7c-camera-glass"
"https://abhaytechnicals.com/shop/honor-7x-camera-glass/","/products/honor-7x-camera-glass",14019,"honor-7x-camera-glass"
"https://abhaytechnicals.com/shop/honor-8x-camera-glass/","/products/honor-8x-camera-glass",14020,"honor-8x-camera-glass"
"https://abhaytechnicals.com/shop/honor-7s-camera-glass/","/products/honor-7s-camera-glass",14021,"honor-7s-camera-glass"
"https://abhaytechnicals.com/shop/huwai-p20-lite-camera-glass/","/products/huwai-p20-lite-camera-glass",14022,"huwai-p20-lite-camera-glass"
"https://abhaytechnicals.com/shop/honor-9-lite-camera-glass/","/products/honor-9-lite-camera-glass",14023,"honor-9-lite-camera-glass"
"https://abhaytechnicals.com/shop/honor-6x-camera-glass/","/products/honor-6x-camera-glass",14025,"honor-6x-camera-glass"
"https://abhaytechnicals.com/shop/honor-7a-camera-glass/","/products/honor-7a-camera-glass",14027,"honor-7a-camera-glass"
"https://abhaytechnicals.com/shop/tecno-kg5-camera-glass/","/products/tecno-kg5-camera-glass",14028,"tecno-kg5-camera-glass"
"https://abhaytechnicals.com/shop/tecno-spark-7t-camera-glass/","/products/tecno-spark-7t-camera-glass",14029,"tecno-spark-7t-camera-glass"
"https://abhaytechnicals.com/shop/infinix-smart-7-camera-glass/","/products/infinix-smart-7-camera-glass",14030,"infinix-smart-7-camera-glass"
"https://abhaytechnicals.com/shop/tecno-in-1-camera-glass/","/products/tecno-in-1-camera-glass",14031,"tecno-in-1-camera-glass"
"https://abhaytechnicals.com/shop/tecno-in-2-camera-glass/","/products/tecno-in-2-camera-glass",14032,"tecno-in-2-camera-glass"
"https://abhaytechnicals.com/shop/tecno-pova-4-camera-glass/","/products/tecno-pova-4-camera-glass",14033,"tecno-pova-4-camera-glass"
"https://abhaytechnicals.com/shop/tecno-comon-20-camera-glass/","/products/tecno-comon-20-camera-glass",14034,"tecno-comon-20-camera-glass"
"https://abhaytechnicals.com/shop/tecno-spark-6-air-camera-glass/","/products/tecno-spark-6-air-camera-glass",14035,"tecno-spark-6-air-camera-glass"
"https://abhaytechnicals.com/shop/tecno-spark-7-camera-glass/","/products/tecno-spark-7-camera-glass",14036,"tecno-spark-7-camera-glass"
"https://abhaytechnicals.com/shop/tecno-spark-10c-camera-glass/","/products/tecno-spark-10c-camera-glass",14037,"tecno-spark-10c-camera-glass"
"https://abhaytechnicals.com/shop/tecno-ke5-camera-glass/","/products/tecno-ke5-camera-glass",14040,"tecno-ke5-camera-glass"
"https://abhaytechnicals.com/shop/tecno-spark-8t-camera-glass/","/products/tecno-spark-8t-camera-glass",14041,"tecno-spark-8t-camera-glass"
"https://abhaytechnicals.com/shop/tecno-kc1-camera-glass/","/products/tecno-kc1-camera-glass",14042,"tecno-kc1-camera-glass"
"https://abhaytechnicals.com/shop/tecno-spark-5-pro-camera-glass/","/products/tecno-spark-5-pro-camera-glass",14043,"tecno-spark-5-pro-camera-glass"
"https://abhaytechnicals.com/shop/tecno-kb2-camera-glass/","/products/tecno-kb2-camera-glass",14044,"tecno-kb2-camera-glass"
"https://abhaytechnicals.com/shop/tecno-bb4k-camera-glass/","/products/tecno-bb4k-camera-glass",14045,"tecno-bb4k-camera-glass"
"https://abhaytechnicals.com/shop/tecno-pop-7-pro-camera-glass/","/products/tecno-pop-7-pro-camera-glass",14046,"tecno-pop-7-pro-camera-glass"
"https://abhaytechnicals.com/shop/tecno-in3-camera-glass/","/products/tecno-in3-camera-glass",14047,"tecno-in3-camera-glass"
"https://abhaytechnicals.com/shop/tecno-spark-7-pro-camera-glass/","/products/tecno-spark-7-pro-camera-glass",14048,"tecno-spark-7-pro-camera-glass"
"https://abhaytechnicals.com/shop/tecno-pop-6-pro-camera-glass/","/products/tecno-pop-6-pro-camera-glass",14049,"tecno-pop-6-pro-camera-glass"
"https://abhaytechnicals.com/shop/tecno-pova-camera-glass/","/products/tecno-pova-camera-glass",14050,"tecno-pova-camera-glass"
"https://abhaytechnicals.com/shop/moto-g8-power-camera-glass/","/products/moto-g8-power-camera-glass",14051,"moto-g8-power-camera-glass"
"https://abhaytechnicals.com/shop/moto-g32-camera-glass/","/products/moto-g32-camera-glass",14052,"moto-g32-camera-glass"
"https://abhaytechnicals.com/shop/moto-g34-camera-glass/","/products/moto-g34-camera-glass",14053,"moto-g34-camera-glass"
"https://abhaytechnicals.com/shop/moto-e7-power-camera-glass/","/products/moto-e7-power-camera-glass",14054,"moto-e7-power-camera-glass"
"https://abhaytechnicals.com/shop/moto-g62-camera-glass/","/products/moto-g62-camera-glass",14055,"moto-g62-camera-glass"
"https://abhaytechnicals.com/shop/moto-g20-camera-glass/","/products/moto-g20-camera-glass",14056,"moto-g20-camera-glass"
"https://abhaytechnicals.com/shop/moto-e7-camera-glass/","/products/moto-e7-camera-glass",14057,"moto-e7-camera-glass"
"https://abhaytechnicals.com/shop/moto-e6-camera-glass/","/products/moto-e6-camera-glass",14058,"moto-e6-camera-glass"
"https://abhaytechnicals.com/shop/moto-e5-camera-glass/","/products/moto-e5-camera-glass",14059,"moto-e5-camera-glass"
"https://abhaytechnicals.com/shop/itel-vision-2-camera-glass/","/products/itel-vision-2-camera-glass",14060,"itel-vision-2-camera-glass"
"https://abhaytechnicals.com/shop/itel-vision-2s-camera-glass/","/products/itel-vision-2s-camera-glass",14061,"itel-vision-2s-camera-glass"
"https://abhaytechnicals.com/shop/itel-a49-camera-glass/","/products/itel-a49-camera-glass",14062,"itel-a49-camera-glass"
"https://abhaytechnicals.com/shop/itel-p40-camera-glass/","/products/itel-p40-camera-glass",14063,"itel-p40-camera-glass"
"https://abhaytechnicals.com/shop/oneplus-nord-camera-glass/","/products/oneplus-nord-camera-glass",14071,"oneplus-nord-camera-glass"
"https://abhaytechnicals.com/shop/oneplus-8-camera-glass/","/products/oneplus-8-camera-glass",14072,"oneplus-8-camera-glass"
"https://abhaytechnicals.com/shop/itel-vision-3-camera-glass/","/products/itel-vision-3-camera-glass",14073,"itel-vision-3-camera-glass"
"https://abhaytechnicals.com/shop/oneplus-11-5g-camera-glass/","/products/oneplus-11-5g-camera-glass",14074,"oneplus-11-5g-camera-glass"
"https://abhaytechnicals.com/shop/itel-a26-camera-glass/","/products/itel-a26-camera-glass",14075,"itel-a26-camera-glass"
"https://abhaytechnicals.com/shop/3-3-2110200000/","/products/3-3-2110200000",14076,"3-3-2110200000"
"https://abhaytechnicals.com/shop/itel-a48-camera-glass/","/products/itel-a48-camera-glass",14078,"itel-a48-camera-glass"
"https://abhaytechnicals.com/shop/itel-vision-1-camera-glass/","/products/itel-vision-1-camera-glass",14079,"itel-vision-1-camera-glass"
"https://abhaytechnicals.com/shop/oneplus-nord-ce2-camera-glass/","/products/oneplus-nord-ce2-camera-glass",14080,"oneplus-nord-ce2-camera-glass"
"https://abhaytechnicals.com/shop/one-nord-2t-camera-glass/","/products/one-nord-2t-camera-glass",14081,"one-nord-2t-camera-glass"
"https://abhaytechnicals.com/shop/one6/","/products/one6",14082,"one6"
"https://abhaytechnicals.com/shop/one7-camera-glass/","/products/one7-camera-glass",14083,"one7-camera-glass"
"https://abhaytechnicals.com/shop/onenord-ce2-lite-camera-glass/","/products/onenord-ce2-lite-camera-glass",14084,"onenord-ce2-lite-camera-glass"
"https://abhaytechnicals.com/shop/one8t-camera-glass/","/products/one8t-camera-glass",14085,"one8t-camera-glass"
"https://abhaytechnicals.com/shop/onenord-ce-5g-camera-glass/","/products/onenord-ce-5g-camera-glass",14086,"onenord-ce-5g-camera-glass"
"https://abhaytechnicals.com/shop/one6t-camera-glass/","/products/one6t-camera-glass",14087,"one6t-camera-glass"
"https://abhaytechnicals.com/shop/one7t-camera-glass/","/products/one7t-camera-glass",14088,"one7t-camera-glass"
"https://abhaytechnicals.com/shop/nokia-5-camera-glass/","/products/nokia-5-camera-glass",14089,"nokia-5-camera-glass"
"https://abhaytechnicals.com/shop/oppo-a38-new-camera-glass/","/products/oppo-a38-new-camera-glass",14094,"oppo-a38-new-camera-glass"
"https://abhaytechnicals.com/shop/oppo-a78-5g-camera-glass/","/products/oppo-a78-5g-camera-glass",14095,"oppo-a78-5g-camera-glass"
"https://abhaytechnicals.com/shop/oppo-a5s-camera-glass/","/products/oppo-a5s-camera-glass",14096,"oppo-a5s-camera-glass"
"https://abhaytechnicals.com/shop/oppo-a18-new-camera-glass/","/products/oppo-a18-new-camera-glass",14097,"oppo-a18-new-camera-glass"
"https://abhaytechnicals.com/shop/oppo-a57/","/products/oppo-a57",14098,"oppo-a57"
"https://abhaytechnicals.com/shop/oppo-a59-5g-camera-glass/","/products/oppo-a59-5g-camera-glass",14099,"oppo-a59-5g-camera-glass"
"https://abhaytechnicals.com/shop/oppo-a79-5g-camera-glass/","/products/oppo-a79-5g-camera-glass",14102,"oppo-a79-5g-camera-glass"
"https://abhaytechnicals.com/shop/oppo-a52-camera-glass/","/products/oppo-a52-camera-glass",14103,"oppo-a52-camera-glass"
"https://abhaytechnicals.com/shop/oppo-a31-new-camera-glass/","/products/oppo-a31-new-camera-glass",14104,"oppo-a31-new-camera-glass"
"https://abhaytechnicals.com/shop/oppo-a17-camera-glass/","/products/oppo-a17-camera-glass",14105,"oppo-a17-camera-glass"
"https://abhaytechnicals.com/shop/oppo-a33-2020-camera-glass/","/products/oppo-a33-2020-camera-glass",14106,"oppo-a33-2020-camera-glass"
"https://abhaytechnicals.com/shop/oppo-a33-old-camera-glass/","/products/oppo-a33-old-camera-glass",14107,"oppo-a33-old-camera-glass"
"https://abhaytechnicals.com/shop/oppo-a83-camera-glass/","/products/oppo-a83-camera-glass",14108,"oppo-a83-camera-glass"
"https://abhaytechnicals.com/shop/realme-c2-camera-glass/","/products/realme-c2-camera-glass",14109,"realme-c2-camera-glass"
"https://abhaytechnicals.com/shop/oneplus-nord-2-camera-glass/","/products/oneplus-nord-2-camera-glass",14110,"oneplus-nord-2-camera-glass"
"https://abhaytechnicals.com/shop/nokia-3-1-camera-glass/","/products/nokia-3-1-camera-glass",14111,"nokia-3-1-camera-glass"
"https://abhaytechnicals.com/shop/nokia-5-1-camera-glass/","/products/nokia-5-1-camera-glass",14112,"nokia-5-1-camera-glass"
"https://abhaytechnicals.com/shop/nokia-3-2-camera-glass/","/products/nokia-3-2-camera-glass",14113,"nokia-3-2-camera-glass"
"https://abhaytechnicals.com/shop/oppo-a16-camera-glass/","/products/oppo-a16-camera-glass",14114,"oppo-a16-camera-glass"
"https://abhaytechnicals.com/shop/oppo-a57-new-camera-glass/","/products/oppo-a57-new-camera-glass",14115,"oppo-a57-new-camera-glass"
"https://abhaytechnicals.com/shop/realme-11x-camera-glass/","/products/realme-11x-camera-glass",14116,"realme-11x-camera-glass"
"https://abhaytechnicals.com/shop/realme-8-4g-camera-glass/","/products/realme-8-4g-camera-glass",14118,"realme-8-4g-camera-glass"
"https://abhaytechnicals.com/shop/realme-7i-camera-glass/","/products/realme-7i-camera-glass",14120,"realme-7i-camera-glass"
"https://abhaytechnicals.com/shop/realme-9-pro-camera-glass/","/products/realme-9-pro-camera-glass",14122,"realme-9-pro-camera-glass"
"https://abhaytechnicals.com/shop/realme-6-pro-camera-glass/","/products/realme-6-pro-camera-glass",14123,"realme-6-pro-camera-glass"
"https://abhaytechnicals.com/shop/realme-xt-camera-glass/","/products/realme-xt-camera-glass",14124,"realme-xt-camera-glass"
"https://abhaytechnicals.com/shop/realme-x-camera-glass/","/products/realme-x-camera-glass",14127,"realme-x-camera-glass"
"https://abhaytechnicals.com/shop/realme-8-5g-camera-glass/","/products/realme-8-5g-camera-glass",14128,"realme-8-5g-camera-glass"
"https://abhaytechnicals.com/shop/realme-10-pro-camera-glass/","/products/realme-10-pro-camera-glass",14129,"realme-10-pro-camera-glass"
"https://abhaytechnicals.com/shop/realme-8i-camera-glass/","/products/realme-8i-camera-glass",14130,"realme-8i-camera-glass"
"https://abhaytechnicals.com/shop/realme-9-5g-camera-glass/","/products/realme-9-5g-camera-glass",14131,"realme-9-5g-camera-glass"
"https://abhaytechnicals.com/shop/oppo-f19-camera-glass/","/products/oppo-f19-camera-glass",14132,"oppo-f19-camera-glass"
"https://abhaytechnicals.com/shop/oppo-f15-camera-glass/","/products/oppo-f15-camera-glass",14133,"oppo-f15-camera-glass"
"https://abhaytechnicals.com/shop/oppo-f19-pro-camera-glass/","/products/oppo-f19-pro-camera-glass",14134,"oppo-f19-pro-camera-glass"
"https://abhaytechnicals.com/shop/oppo-k10-5g-camera-glass/","/products/oppo-k10-5g-camera-glass",14135,"oppo-k10-5g-camera-glass"
"https://abhaytechnicals.com/shop/oppo-f9-pro-camera-glass/","/products/oppo-f9-pro-camera-glass",14136,"oppo-f9-pro-camera-glass"
"https://abhaytechnicals.com/shop/oppo-f17-camera-glass/","/products/oppo-f17-camera-glass",14138,"oppo-f17-camera-glass"
"https://abhaytechnicals.com/shop/oppo-f11-camera-glass/","/products/oppo-f11-camera-glass",14139,"oppo-f11-camera-glass"
"https://abhaytechnicals.com/shop/oppo-f5-camera-glass/","/products/oppo-f5-camera-glass",14140,"oppo-f5-camera-glass"
"https://abhaytechnicals.com/shop/oppo-f17-pro-camera-glass/","/products/oppo-f17-pro-camera-glass",14141,"oppo-f17-pro-camera-glass"
"https://abhaytechnicals.com/shop/oppo-f3-camera-glass/","/products/oppo-f3-camera-glass",14142,"oppo-f3-camera-glass"
"https://abhaytechnicals.com/shop/oppo-f21-pro-5g-camera-glass/","/products/oppo-f21-pro-5g-camera-glass",14143,"oppo-f21-pro-5g-camera-glass"
"https://abhaytechnicals.com/shop/oppo-f9-camera-glass-2/","/products/oppo-f9-camera-glass-2",14144,"oppo-f9-camera-glass-2"
"https://abhaytechnicals.com/shop/realme-c30-camera-glass/","/products/realme-c30-camera-glass",14146,"realme-c30-camera-glass"
"https://abhaytechnicals.com/shop/realme-c21-camera-glass/","/products/realme-c21-camera-glass",14147,"realme-c21-camera-glass"
"https://abhaytechnicals.com/shop/realme-narzo-20-camera-glass/","/products/realme-narzo-20-camera-glass",14148,"realme-narzo-20-camera-glass"
"https://abhaytechnicals.com/shop/realme-c11-2021-camera-glass/","/products/realme-c11-2021-camera-glass",14149,"realme-c11-2021-camera-glass"
"https://abhaytechnicals.com/shop/realme-c25y-camera-glass/","/products/realme-c25y-camera-glass",14150,"realme-c25y-camera-glass"
"https://abhaytechnicals.com/shop/realme-c25-camera-glass/","/products/realme-c25-camera-glass",14151,"realme-c25-camera-glass"
"https://abhaytechnicals.com/shop/realme-c51-camera-glass/","/products/realme-c51-camera-glass",14152,"realme-c51-camera-glass"
"https://abhaytechnicals.com/shop/realme-c21y-camera-glass/","/products/realme-c21y-camera-glass",14153,"realme-c21y-camera-glass"
"https://abhaytechnicals.com/shop/realme-c35-camera-glass/","/products/realme-c35-camera-glass",14154,"realme-c35-camera-glass"
"https://abhaytechnicals.com/shop/realme-narzo-70-5g-camera-glass/","/products/realme-narzo-70-5g-camera-glass",14155,"realme-narzo-70-5g-camera-glass"
"https://abhaytechnicals.com/shop/realme-narzo-n53-camera-glass/","/products/realme-narzo-n53-camera-glass",14157,"realme-narzo-n53-camera-glass"
"https://abhaytechnicals.com/shop/realme-narzo-30a-camera-glass/","/products/realme-narzo-30a-camera-glass",14158,"realme-narzo-30a-camera-glass"
"https://abhaytechnicals.com/shop/oppo-reno-6-pro-camera-glass/","/products/oppo-reno-6-pro-camera-glass",14159,"oppo-reno-6-pro-camera-glass"
"https://abhaytechnicals.com/shop/realme-narzo-50a-prime-camera-glass/","/products/realme-narzo-50a-prime-camera-glass",14160,"realme-narzo-50a-prime-camera-glass"
"https://abhaytechnicals.com/shop/vivo-y56-5g-camera-glass/","/products/vivo-y56-5g-camera-glass",14161,"vivo-y56-5g-camera-glass"
"https://abhaytechnicals.com/shop/narzo-20a-camera-glass/","/products/narzo-20a-camera-glass",14162,"narzo-20a-camera-glass"
"https://abhaytechnicals.com/shop/realme-narzo-50-camera-glass/","/products/realme-narzo-50-camera-glass",14163,"realme-narzo-50-camera-glass"
"https://abhaytechnicals.com/shop/vivo-y75-5g-camera-glass/","/products/vivo-y75-5g-camera-glass",14164,"vivo-y75-5g-camera-glass"
"https://abhaytechnicals.com/shop/oppo-reno-6-5g-camera-glass/","/products/oppo-reno-6-5g-camera-glass",14165,"oppo-reno-6-5g-camera-glass"
"https://abhaytechnicals.com/shop/narzo-30-pro-camera-glass/","/products/narzo-30-pro-camera-glass",14166,"narzo-30-pro-camera-glass"
"https://abhaytechnicals.com/shop/vivo-y50/","/products/vivo-y50",14169,"vivo-y50"
"https://abhaytechnicals.com/shop/vivo-y15s-camera-glass/","/products/vivo-y15s-camera-glass",14170,"vivo-y15s-camera-glass"
"https://abhaytechnicals.com/shop/vivo-y16-camera-glass/","/products/vivo-y16-camera-glass",14171,"vivo-y16-camera-glass"
"https://abhaytechnicals.com/shop/vivo-y18-camera-glass/","/products/vivo-y18-camera-glass",14172,"vivo-y18-camera-glass"
"https://abhaytechnicals.com/shop/vivo-y75-4g-camera-glass/","/products/vivo-y75-4g-camera-glass",14173,"vivo-y75-4g-camera-glass"
"https://abhaytechnicals.com/shop/vivo-y02-camera-glass/","/products/vivo-y02-camera-glass",14174,"vivo-y02-camera-glass"
"https://abhaytechnicals.com/shop/vivo-y31-2020-camera-glass/","/products/vivo-y31-2020-camera-glass",14175,"vivo-y31-2020-camera-glass"
"https://abhaytechnicals.com/shop/vivo-y100-camera-glass/","/products/vivo-y100-camera-glass",14176,"vivo-y100-camera-glass"
"https://abhaytechnicals.com/shop/vivo-z1x-camera-glass/","/products/vivo-z1x-camera-glass",14177,"vivo-z1x-camera-glass"
"https://abhaytechnicals.com/shop/vivo-v23-camera-glass/","/products/vivo-v23-camera-glass",14178,"vivo-v23-camera-glass"
"https://abhaytechnicals.com/shop/vivo-t2-pro-camera-glass/","/products/vivo-t2-pro-camera-glass",14180,"vivo-t2-pro-camera-glass"
"https://abhaytechnicals.com/shop/vivo-t1-5g-camera-glass/","/products/vivo-t1-5g-camera-glass",14181,"vivo-t1-5g-camera-glass"
"https://abhaytechnicals.com/shop/vivo-v20se-camera-glass/","/products/vivo-v20se-camera-glass",14182,"vivo-v20se-camera-glass"
"https://abhaytechnicals.com/shop/vivo-v11-camera-glass/","/products/vivo-v11-camera-glass",14183,"vivo-v11-camera-glass"
"https://abhaytechnicals.com/shop/vivo-v17-camera-glass/","/products/vivo-v17-camera-glass",14184,"vivo-v17-camera-glass"
"https://abhaytechnicals.com/shop/vivo-v20-5g-camera-glass/","/products/vivo-v20-5g-camera-glass",14186,"vivo-v20-5g-camera-glass"
"https://abhaytechnicals.com/shop/vivo-t1x-camera-glass/","/products/vivo-t1x-camera-glass",14188,"vivo-t1x-camera-glass"
"https://abhaytechnicals.com/shop/mi-k20-camera-glass/","/products/mi-k20-camera-glass",14190,"mi-k20-camera-glass"
"https://abhaytechnicals.com/shop/mi-note-13-pro-camera-glass/","/products/mi-note-13-pro-camera-glass",14193,"mi-note-13-pro-camera-glass"
"https://abhaytechnicals.com/shop/mi-note-12-pro-camera-glass/","/products/mi-note-12-pro-camera-glass",14194,"mi-note-12-pro-camera-glass"
"https://abhaytechnicals.com/shop/mi-note-11-pro-camera-glass/","/products/mi-note-11-pro-camera-glass",14195,"mi-note-11-pro-camera-glass"
"https://abhaytechnicals.com/shop/mi-note-12-4g-camera-glass/","/products/mi-note-12-4g-camera-glass",14196,"mi-note-12-4g-camera-glass"
"https://abhaytechnicals.com/shop/mi-note-10-5g-camera-glass/","/products/mi-note-10-5g-camera-glass",14197,"mi-note-10-5g-camera-glass"
"https://abhaytechnicals.com/shop/mi-note-13-5g-camera-glass/","/products/mi-note-13-5g-camera-glass",14198,"mi-note-13-5g-camera-glass"
"https://abhaytechnicals.com/shop/poco-c61-camera-glass/","/products/poco-c61-camera-glass",14199,"poco-c61-camera-glass"
"https://abhaytechnicals.com/shop/mi-6-pro-camera-glass/","/products/mi-6-pro-camera-glass",14200,"mi-6-pro-camera-glass"
"https://abhaytechnicals.com/shop/mi-7-camera-glass/","/products/mi-7-camera-glass",14201,"mi-7-camera-glass"
"https://abhaytechnicals.com/shop/mi-a3-camera-glass/","/products/mi-a3-camera-glass",14202,"mi-a3-camera-glass"
"https://abhaytechnicals.com/shop/poco-c65-camera-glass/","/products/poco-c65-camera-glass",14203,"poco-c65-camera-glass"
"https://abhaytechnicals.com/shop/mi-12c-camera-glass/","/products/mi-12c-camera-glass",14204,"mi-12c-camera-glass"
"https://abhaytechnicals.com/shop/poco-m6-pro-camera-glass/","/products/poco-m6-pro-camera-glass",14205,"poco-m6-pro-camera-glass"
"https://abhaytechnicals.com/shop/mi-y1-camera-glass/","/products/mi-y1-camera-glass",14206,"mi-y1-camera-glass"
"https://abhaytechnicals.com/shop/mi-7a-camera-glass/","/products/mi-7a-camera-glass",14207,"mi-7a-camera-glass"
"https://abhaytechnicals.com/shop/poco-c50-camera-glass/","/products/poco-c50-camera-glass",14208,"poco-c50-camera-glass"
"https://abhaytechnicals.com/shop/mi-9-prime-camera-glass/","/products/mi-9-prime-camera-glass",14209,"mi-9-prime-camera-glass"
"https://abhaytechnicals.com/shop/poco-m3-camera-glass/","/products/poco-m3-camera-glass",14210,"poco-m3-camera-glass"
"https://abhaytechnicals.com/shop/poco-m4-5g-camera-glass/","/products/poco-m4-5g-camera-glass",14211,"poco-m4-5g-camera-glass"
"https://abhaytechnicals.com/shop/mi-10a-camera-glass/","/products/mi-10a-camera-glass",14212,"mi-10a-camera-glass"
"https://abhaytechnicals.com/shop/mi-a2-new-camera-glass/","/products/mi-a2-new-camera-glass",14219,"mi-a2-new-camera-glass"
"https://abhaytechnicals.com/shop/mi-8-camera-glass/","/products/mi-8-camera-glass",14220,"mi-8-camera-glass"
"https://abhaytechnicals.com/shop/mi-10-prime-camera-glass/","/products/mi-10-prime-camera-glass",14221,"mi-10-prime-camera-glass"
"https://abhaytechnicals.com/shop/mi-11-prime-5g-camera-glass/","/products/mi-11-prime-5g-camera-glass",14222,"mi-11-prime-5g-camera-glass"
"https://abhaytechnicals.com/shop/mi-note-10t-camera-glass/","/products/mi-note-10t-camera-glass",14223,"mi-note-10t-camera-glass"
"https://abhaytechnicals.com/shop/mi-a1-new-camera-glass/","/products/mi-a1-new-camera-glass",14224,"mi-a1-new-camera-glass"
"https://abhaytechnicals.com/shop/mi-y2-camera-glass/","/products/mi-y2-camera-glass",14225,"mi-y2-camera-glass"
"https://abhaytechnicals.com/shop/mi-a3-new-camera-glass/","/products/mi-a3-new-camera-glass",14226,"mi-a3-new-camera-glass"
"https://abhaytechnicals.com/shop/mi-a2-old-camera-glass/","/products/mi-a2-old-camera-glass",14227,"mi-a2-old-camera-glass"
"https://abhaytechnicals.com/shop/samsung-m51-camera-glass/","/products/samsung-m51-camera-glass",14228,"samsung-m51-camera-glass"
"https://abhaytechnicals.com/shop/samsung-m40-camera-glass/","/products/samsung-m40-camera-glass",14229,"samsung-m40-camera-glass"
"https://abhaytechnicals.com/shop/samsung-f62-camera-glass/","/products/samsung-f62-camera-glass",14230,"samsung-f62-camera-glass"
"https://abhaytechnicals.com/shop/samsung-m30s-camera-glass/","/products/samsung-m30s-camera-glass",14231,"samsung-m30s-camera-glass"
"https://abhaytechnicals.com/shop/samsung-a32-4g-camera-glass/","/products/samsung-a32-4g-camera-glass",14232,"samsung-a32-4g-camera-glass"
"https://abhaytechnicals.com/shop/vivo-y27-new-camera-glass/","/products/vivo-y27-new-camera-glass",14233,"vivo-y27-new-camera-glass"
"https://abhaytechnicals.com/shop/vivo-v21-5g-camera-glass-2/","/products/vivo-v21-5g-camera-glass-2",14234,"vivo-v21-5g-camera-glass-2"
"https://abhaytechnicals.com/shop/vivo-y22-camera-glass/","/products/vivo-y22-camera-glass",14235,"vivo-y22-camera-glass"
"https://abhaytechnicals.com/shop/oppo-a53-camera-glass-2/","/products/oppo-a53-camera-glass-2",14237,"oppo-a53-camera-glass-2"
"https://abhaytechnicals.com/shop/vivo-v20-pro-camera-glass-2/","/products/vivo-v20-pro-camera-glass-2",14238,"vivo-v20-pro-camera-glass-2"
"https://abhaytechnicals.com/shop/tecno-spark-8t-camera-glass-2/","/products/tecno-spark-8t-camera-glass-2",14239,"tecno-spark-8t-camera-glass-2"
"https://abhaytechnicals.com/shop/tecno-kg5k-camera-glass/","/products/tecno-kg5k-camera-glass",14240,"tecno-kg5k-camera-glass"
"https://abhaytechnicals.com/shop/tecno-spark-8-camera-glass/","/products/tecno-spark-8-camera-glass",14241,"tecno-spark-8-camera-glass"
"https://abhaytechnicals.com/shop/infinix-smart-6-hd-camera-glass/","/products/infinix-smart-6-hd-camera-glass",14242,"infinix-smart-6-hd-camera-glass"
"https://abhaytechnicals.com/shop/infinix-note-11-2022-camera-glass/","/products/infinix-note-11-2022-camera-glass",14243,"infinix-note-11-2022-camera-glass"
"https://abhaytechnicals.com/shop/infinix-smart-5-camera-glass/","/products/infinix-smart-5-camera-glass",14245,"infinix-smart-5-camera-glass"
"https://abhaytechnicals.com/shop/itel-a60-camera-glass/","/products/itel-a60-camera-glass",14246,"itel-a60-camera-glass"
"https://abhaytechnicals.com/shop/honor-10-lite-camera-glass/","/products/honor-10-lite-camera-glass",14247,"honor-10-lite-camera-glass"
"https://abhaytechnicals.com/shop/oppo-reno-5-pro-camera-glass/","/products/oppo-reno-5-pro-camera-glass",14248,"oppo-reno-5-pro-camera-glass"
"https://abhaytechnicals.com/shop/moto-g71-camera-glass/","/products/moto-g71-camera-glass",14250,"moto-g71-camera-glass"
"https://abhaytechnicals.com/shop/moto-g40-camera-glass/","/products/moto-g40-camera-glass",14251,"moto-g40-camera-glass"
"https://abhaytechnicals.com/shop/vivo-t3x-y58-5g-camera-glass/","/products/vivo-t3x-y58-5g-camera-glass",14253,"vivo-t3x-y58-5g-camera-glass"
"https://abhaytechnicals.com/shop/oneplus-nord-n100-camera-glass/","/products/oneplus-nord-n100-camera-glass",14254,"oneplus-nord-n100-camera-glass"
"https://abhaytechnicals.com/shop/moto-g82-camera-glass/","/products/moto-g82-camera-glass",14255,"moto-g82-camera-glass"
"https://abhaytechnicals.com/shop/samsung-a54-camera-glass/","/products/samsung-a54-camera-glass",14256,"samsung-a54-camera-glass"
"https://abhaytechnicals.com/shop/samsung-a21s-camera-glass/","/products/samsung-a21s-camera-glass",14257,"samsung-a21s-camera-glass"
"https://abhaytechnicals.com/shop/infinix-smart-8-camera-glass/","/products/infinix-smart-8-camera-glass",14258,"infinix-smart-8-camera-glass"
"https://abhaytechnicals.com/shop/oneplus-nord-ce4-camera-glass/","/products/oneplus-nord-ce4-camera-glass",14259,"oneplus-nord-ce4-camera-glass"
"https://abhaytechnicals.com/shop/oneplus-nord-ce4-lite-camera-glass/","/products/oneplus-nord-ce4-lite-camera-glass",14260,"oneplus-nord-ce4-lite-camera-glass"
"https://abhaytechnicals.com/shop/tecno-comon-i4-camera-glass/","/products/tecno-comon-i4-camera-glass",14261,"tecno-comon-i4-camera-glass"
"https://abhaytechnicals.com/shop/realme-8-pro-camera-glass/","/products/realme-8-pro-camera-glass",14262,"realme-8-pro-camera-glass"
"https://abhaytechnicals.com/shop/mi-12-5g-camera-glass/","/products/mi-12-5g-camera-glass",14263,"mi-12-5g-camera-glass"
"https://abhaytechnicals.com/shop/samsung-m20-camera-glass-2/","/products/samsung-m20-camera-glass-2",14264,"samsung-m20-camera-glass-2"
"https://abhaytechnicals.com/shop/mi-13c-5g-camera-glass/","/products/mi-13c-5g-camera-glass",14265,"mi-13c-5g-camera-glass"
"https://abhaytechnicals.com/shop/realme-c31-camera-glass/","/products/realme-c31-camera-glass",14266,"realme-c31-camera-glass"
"https://abhaytechnicals.com/shop/moto-e40-camera-glass/","/products/moto-e40-camera-glass",14267,"moto-e40-camera-glass"
"https://abhaytechnicals.com/shop/poco-c55-og-cc-flex/","/products/poco-c55-og-cc-flex",14354,"poco-c55-og-cc-flex"
"https://abhaytechnicals.com/shop/oppo-a78-4g-on-off-flex/","/products/oppo-a78-4g-on-off-flex",14356,"oppo-a78-4g-on-off-flex"
"https://abhaytechnicals.com/shop/samsung-a02-a02-core-on-off-flex/","/products/samsung-a02-a02-core-on-off-flex",14384,"samsung-a02-a02-core-on-off-flex"
"https://abhaytechnicals.com/shop/mi-9-power-outer-camera-glass/","/products/mi-9-power-outer-camera-glass",14385,"mi-9-power-outer-camera-glass"
"https://abhaytechnicals.com/shop/oppo-a55-5g-main-flex/","/products/oppo-a55-5g-main-flex",14386,"oppo-a55-5g-main-flex"
"https://abhaytechnicals.com/shop/mi-11-lite-finger-sensor/","/products/mi-11-lite-finger-sensor",14387,"mi-11-lite-finger-sensor"
"https://abhaytechnicals.com/shop/mi-11-lite-finger-sensor-100-working/","/products/mi-11-lite-finger-sensor-100-working",14388,"mi-11-lite-finger-sensor-100-working"
"https://abhaytechnicals.com/shop/oppo-a55-4g-a54-volume-flex/","/products/oppo-a55-4g-a54-volume-flex",14389,"oppo-a55-4g-a54-volume-flex"
"https://abhaytechnicals.com/shop/oppo-a55-5g-volume-flex/","/products/oppo-a55-5g-volume-flex",14399,"oppo-a55-5g-volume-flex"
"https://abhaytechnicals.com/shop/mi-11-lite-back-panel/","/products/mi-11-lite-back-panel",14401,"mi-11-lite-back-panel"
"https://abhaytechnicals.com/shop/cellcor-16-pin-2-8-size-l-c-d/","/products/cellcor-16-pin-2-8-size-l-c-d",14484,"cellcor-16-pin-2-8-size-l-c-d"
"https://abhaytechnicals.com/shop/nokia-130-16-pin-2-4-l-c-d/","/products/nokia-130-16-pin-2-4-l-c-d",14485,"nokia-130-16-pin-2-4-l-c-d"
"https://abhaytechnicals.com/shop/sunshine-ss-304q-6-port-usb-smart-lightning-charger-with-qc-3-0-port/","/products/sunshine-ss-304q-6-port-usb-smart-lightning-charger-with-qc-3-0-port",14526,"sunshine-ss-304q-6-port-usb-smart-lightning-charger-with-qc-3-0-port"
"https://abhaytechnicals.com/shop/realme-7-pro-midil-panel-refresh/","/products/realme-7-pro-midil-panel-refresh",14529,"realme-7-pro-midil-panel-refresh"
"https://abhaytechnicals.com/shop/realme-x7-midil-panel-refresh/","/products/realme-x7-midil-panel-refresh",14532,"realme-x7-midil-panel-refresh"
"https://abhaytechnicals.com/shop/realme-9-midil-panel-refresh/","/products/realme-9-midil-panel-refresh",14535,"realme-9-midil-panel-refresh"
"https://abhaytechnicals.com/shop/realme-8-midil-panel-refresh/","/products/realme-8-midil-panel-refresh",14547,"realme-8-midil-panel-refresh"
"https://abhaytechnicals.com/shop/realme-9-pro-midil-panel-refresh/","/products/realme-9-pro-midil-panel-refresh",14550,"realme-9-pro-midil-panel-refresh"
"https://abhaytechnicals.com/shop/realme-narzo-30-pro-midil-panel-refresh/","/products/realme-narzo-30-pro-midil-panel-refresh",14564,"realme-narzo-30-pro-midil-panel-refresh"
"https://abhaytechnicals.com/shop/realme-x7-maxx-midil-panel-refresh/","/products/realme-x7-maxx-midil-panel-refresh",14567,"realme-x7-maxx-midil-panel-refresh"
"https://abhaytechnicals.com/shop/infinix-smart-6-hd-back-panel/","/products/infinix-smart-6-hd-back-panel",14679,"infinix-smart-6-hd-back-panel"
"https://abhaytechnicals.com/shop/itel-vision-1-pro-og-cc-flex/","/products/itel-vision-1-pro-og-cc-flex",14680,"itel-vision-1-pro-og-cc-flex"
"https://abhaytechnicals.com/shop/infinix-smart-8-hd-og-cc-flex/","/products/infinix-smart-8-hd-og-cc-flex",14681,"infinix-smart-8-hd-og-cc-flex"
"https://abhaytechnicals.com/shop/tecno-spark-10-4g-sim-holder/","/products/tecno-spark-10-4g-sim-holder",14682,"tecno-spark-10-4g-sim-holder"
"https://abhaytechnicals.com/shop/tecno-spark-10-5g-sim-holder/","/products/tecno-spark-10-5g-sim-holder",14683,"tecno-spark-10-5g-sim-holder"
"https://abhaytechnicals.com/shop/oppo-f9-middil-panel/","/products/oppo-f9-middil-panel",14841,"oppo-f9-middil-panel"
"https://abhaytechnicals.com/shop/mi-10-prime-midil-panel-small-sim-tray/","/products/mi-10-prime-midil-panel-small-sim-tray",14842,"mi-10-prime-midil-panel-small-sim-tray"
"https://abhaytechnicals.com/shop/oppo-reno-2-charging-conector/","/products/oppo-reno-2-charging-conector",14845,"oppo-reno-2-charging-conector"
"https://abhaytechnicals.com/shop/mi-12-charging-conector/","/products/mi-12-charging-conector",14846,"mi-12-charging-conector"
"https://abhaytechnicals.com/shop/oppo-reno-1-charging-conector/","/products/oppo-reno-1-charging-conector",14847,"oppo-reno-1-charging-conector"
"https://abhaytechnicals.com/shop/vivo-y78-charging-conector/","/products/vivo-y78-charging-conector",14848,"vivo-y78-charging-conector"
"https://abhaytechnicals.com/shop/oppo-reno-12-charging-conector/","/products/oppo-reno-12-charging-conector",14849,"oppo-reno-12-charging-conector"
"https://abhaytechnicals.com/shop/samsung-x200-charging-conector/","/products/samsung-x200-charging-conector",14850,"samsung-x200-charging-conector"
"https://abhaytechnicals.com/shop/oppo-reno-9-charging-conector/","/products/oppo-reno-9-charging-conector",14851,"oppo-reno-9-charging-conector"
"https://abhaytechnicals.com/shop/oppo-a52-charging-conector/","/products/oppo-a52-charging-conector",14852,"oppo-a52-charging-conector"
"https://abhaytechnicals.com/shop/one-5t-main-flex/","/products/one-5t-main-flex",14868,"one-5t-main-flex"
"https://abhaytechnicals.com/shop/one-5t-finger-sensor/","/products/one-5t-finger-sensor",14872,"one-5t-finger-sensor"
"https://abhaytechnicals.com/shop/moto-g52-camera-glass/","/products/moto-g52-camera-glass",14913,"moto-g52-camera-glass"
"https://abhaytechnicals.com/shop/moto-g7-power-camera-glass/","/products/moto-g7-power-camera-glass",14914,"moto-g7-power-camera-glass"
"https://abhaytechnicals.com/shop/tecno-kg6-camera-glass/","/products/tecno-kg6-camera-glass",14915,"tecno-kg6-camera-glass"
"https://abhaytechnicals.com/shop/realme-13-pro-5g-og-cc-flex/","/products/realme-13-pro-5g-og-cc-flex",14917,"realme-13-pro-5g-og-cc-flex"
"https://abhaytechnicals.com/shop/one-5-finger-sensor/","/products/one-5-finger-sensor",14933,"one-5-finger-sensor"
"https://abhaytechnicals.com/shop/oppo-a57-old-volume-flex/","/products/oppo-a57-old-volume-flex",14967,"oppo-a57-old-volume-flex"
"https://abhaytechnicals.com/shop/vivo-t3x-sim-holder/","/products/vivo-t3x-sim-holder",14968,"vivo-t3x-sim-holder"
"https://abhaytechnicals.com/shop/smart-7-sim-holder/","/products/smart-7-sim-holder",14970,"smart-7-sim-holder"
"https://abhaytechnicals.com/shop/one-5-l-c-d-flex/","/products/one-5-l-c-d-flex",14983,"one-5-l-c-d-flex"
"https://abhaytechnicals.com/shop/one-5t-l-c-d-flex/","/products/one-5t-l-c-d-flex",14985,"one-5t-l-c-d-flex"
"https://abhaytechnicals.com/shop/one-plus-5-main-flex/","/products/one-plus-5-main-flex",14986,"one-plus-5-main-flex"
"https://abhaytechnicals.com/shop/samsung-a15-l-c-d-flex/","/products/samsung-a15-l-c-d-flex",14988,"samsung-a15-l-c-d-flex"
"https://abhaytechnicals.com/shop/one-5-ringer-set/","/products/one-5-ringer-set",14991,"one-5-ringer-set"
"https://abhaytechnicals.com/shop/mi-12-5g-ringer-set/","/products/mi-12-5g-ringer-set",14993,"mi-12-5g-ringer-set"
"https://abhaytechnicals.com/shop/lava-18-pin-2-8-size-l-c-d/","/products/lava-18-pin-2-8-size-l-c-d",15006,"lava-18-pin-2-8-size-l-c-d"
"https://abhaytechnicals.com/shop/14-6-cm-network-wire/","/products/14-6-cm-network-wire",15012,"14-6-cm-network-wire"
"https://abhaytechnicals.com/shop/12-5-cm-network-wire/","/products/12-5-cm-network-wire",15013,"12-5-cm-network-wire"
"https://abhaytechnicals.com/shop/17-2-cm-network-wire/","/products/17-2-cm-network-wire",15014,"17-2-cm-network-wire"
"https://abhaytechnicals.com/shop/25-cm-network-wire/","/products/25-cm-network-wire",15015,"25-cm-network-wire"
"https://abhaytechnicals.com/shop/11-3-cm-network-wire/","/products/11-3-cm-network-wire",15016,"11-3-cm-network-wire"
"https://abhaytechnicals.com/shop/10-2-cm-network-wire/","/products/10-2-cm-network-wire",15017,"10-2-cm-network-wire"
"https://abhaytechnicals.com/shop/13-9-cm-network-wire/","/products/13-9-cm-network-wire",15018,"13-9-cm-network-wire"
"https://abhaytechnicals.com/shop/12-6-cm-network-wire/","/products/12-6-cm-network-wire",15019,"12-6-cm-network-wire"
"https://abhaytechnicals.com/shop/14-5-cm-network-wire/","/products/14-5-cm-network-wire",15020,"14-5-cm-network-wire"
"https://abhaytechnicals.com/shop/15-cm-network-wire/","/products/15-cm-network-wire",15039,"15-cm-network-wire"
"https://abhaytechnicals.com/shop/11-2-cm-network-wire/","/products/11-2-cm-network-wire",15040,"11-2-cm-network-wire"
"https://abhaytechnicals.com/shop/9-7-cm-network-wire/","/products/9-7-cm-network-wire",15041,"9-7-cm-network-wire"
"https://abhaytechnicals.com/shop/12-9-cm-network-wire/","/products/12-9-cm-network-wire",15042,"12-9-cm-network-wire"
"https://abhaytechnicals.com/shop/17-cm-network-wire/","/products/17-cm-network-wire",15043,"17-cm-network-wire"
"https://abhaytechnicals.com/shop/15-6-cm-network-wire/","/products/15-6-cm-network-wire",15044,"15-6-cm-network-wire"
"https://abhaytechnicals.com/shop/16-6-cm-network-wire/","/products/16-6-cm-network-wire",15045,"16-6-cm-network-wire"
"https://abhaytechnicals.com/shop/13-6-cm-network-wire/","/products/13-6-cm-network-wire",15046,"13-6-cm-network-wire"
"https://abhaytechnicals.com/shop/iphone-12-og-cc-flex/","/products/iphone-12-og-cc-flex",15063,"iphone-12-og-cc-flex"
"https://abhaytechnicals.com/shop/iphone-xs-max-og-cc-flex/","/products/iphone-xs-max-og-cc-flex",15064,"iphone-xs-max-og-cc-flex"
"https://abhaytechnicals.com/shop/iphone-12-pro-og-cc-flex/","/products/iphone-12-pro-og-cc-flex",15065,"iphone-12-pro-og-cc-flex"
"https://abhaytechnicals.com/shop/iphone-xr-og-cc-flex/","/products/iphone-xr-og-cc-flex",15066,"iphone-xr-og-cc-flex"
"https://abhaytechnicals.com/shop/iphone-6s-og-cc-flex/","/products/iphone-6s-og-cc-flex",15067,"iphone-6s-og-cc-flex"
"https://abhaytechnicals.com/shop/iphone-7-og-cc-flex/","/products/iphone-7-og-cc-flex",15068,"iphone-7-og-cc-flex"
"https://abhaytechnicals.com/shop/iphone-7-og-cc-flex-2/","/products/iphone-7-og-cc-flex-2",15083,"iphone-7-og-cc-flex-2"
"https://abhaytechnicals.com/shop/iphone-11-og-cc-flex/","/products/iphone-11-og-cc-flex",15084,"iphone-11-og-cc-flex"
"https://abhaytechnicals.com/shop/iphone-xs-og-cc-flex/","/products/iphone-xs-og-cc-flex",15085,"iphone-xs-og-cc-flex"
"https://abhaytechnicals.com/shop/iphone-8g-og-cc-flex/","/products/iphone-8g-og-cc-flex",15086,"iphone-8g-og-cc-flex"
"https://abhaytechnicals.com/shop/iphone-x-og-cc-flex/","/products/iphone-x-og-cc-flex",15087,"iphone-x-og-cc-flex"
"https://abhaytechnicals.com/shop/iphone-11-pro-og-cc-flex/","/products/iphone-11-pro-og-cc-flex",15088,"iphone-11-pro-og-cc-flex"
"https://abhaytechnicals.com/shop/iphone-6g-og-cc-flex/","/products/iphone-6g-og-cc-flex",15089,"iphone-6g-og-cc-flex"
"https://abhaytechnicals.com/shop/sim-ejector-pin/","/products/sim-ejector-pin",15136,"sim-ejector-pin"
"https://abhaytechnicals.com/shop/mi-note-10-l-c-d-flex/","/products/mi-note-10-l-c-d-flex",15245,"mi-note-10-l-c-d-flex"
"https://abhaytechnicals.com/shop/oppo-reno-7-l-c-d-flex/","/products/oppo-reno-7-l-c-d-flex",15246,"oppo-reno-7-l-c-d-flex"
"https://abhaytechnicals.com/shop/moto-edge-40-neo/","/products/moto-edge-40-neo",15252,"moto-edge-40-neo"
"https://abhaytechnicals.com/shop/one-5-mic/","/products/one-5-mic",15253,"one-5-mic"
"https://abhaytechnicals.com/shop/vivo-y20-display-conector/","/products/vivo-y20-display-conector",15271,"vivo-y20-display-conector"
"https://abhaytechnicals.com/shop/mi-a1-og-cc-flex/","/products/mi-a1-og-cc-flex",15275,"mi-a1-og-cc-flex"
"https://abhaytechnicals.com/shop/realme-c51-og-cc-flex-2/","/products/realme-c51-og-cc-flex-2",15276,"realme-c51-og-cc-flex-2"
"https://abhaytechnicals.com/shop/vivo-y16-side-rubber-key-2/","/products/vivo-y16-side-rubber-key-2",15322,"vivo-y16-side-rubber-key-2"
"https://abhaytechnicals.com/shop/for-cellcor-14-pin-2-4-l-c-d/","/products/for-cellcor-14-pin-2-4-l-c-d",15327,"for-cellcor-14-pin-2-4-l-c-d"
"https://abhaytechnicals.com/shop/for-lava-15-pin-2-8-l-c-d/","/products/for-lava-15-pin-2-8-l-c-d",15328,"for-lava-15-pin-2-8-l-c-d"
"https://abhaytechnicals.com/shop/samsung-a20s-l-c-d-flex/","/products/samsung-a20s-l-c-d-flex",15587,"samsung-a20s-l-c-d-flex"
"https://abhaytechnicals.com/shop/samsung-a50s-l-c-d-flex/","/products/samsung-a50s-l-c-d-flex",15588,"samsung-a50s-l-c-d-flex"
"https://abhaytechnicals.com/shop/samsung-a30-l-c-d-flex/","/products/samsung-a30-l-c-d-flex",15589,"samsung-a30-l-c-d-flex"
"https://abhaytechnicals.com/shop/vivo-v15-pro-l-c-d-flex/","/products/vivo-v15-pro-l-c-d-flex",15590,"vivo-v15-pro-l-c-d-flex"
"https://abhaytechnicals.com/shop/samsung-a50-l-c-d-flex/","/products/samsung-a50-l-c-d-flex",15591,"samsung-a50-l-c-d-flex"
"https://abhaytechnicals.com/shop/infinix-note-12-5g-camera-glass/","/products/infinix-note-12-5g-camera-glass",15620,"infinix-note-12-5g-camera-glass"
"https://abhaytechnicals.com/shop/infinix-note12-sim-holder/","/products/infinix-note12-sim-holder",15621,"infinix-note12-sim-holder"
"https://abhaytechnicals.com/shop/benco-s1-og-cc-flex/","/products/benco-s1-og-cc-flex",15622,"benco-s1-og-cc-flex"
"https://abhaytechnicals.com/shop/realme-11-pro-ringer-box/","/products/realme-11-pro-ringer-box",15623,"realme-11-pro-ringer-box"
"https://abhaytechnicals.com/shop/nokia-8-1-back-panel/","/products/nokia-8-1-back-panel",15624,"nokia-8-1-back-panel"
"https://abhaytechnicals.com/shop/infinix-note-40-pro-5g-gold-middil-panel/","/products/infinix-note-40-pro-5g-gold-middil-panel",15625,"infinix-note-40-pro-5g-gold-middil-panel"
"https://abhaytechnicals.com/shop/samsung-a20-18-pin-charging-conector/","/products/samsung-a20-18-pin-charging-conector",15797,"samsung-a20-18-pin-charging-conector"
"https://abhaytechnicals.com/shop/benco-14-pin-l-c-d/","/products/benco-14-pin-l-c-d",16255,"benco-14-pin-l-c-d"
"https://abhaytechnicals.com/shop/micromaxx-16-pin-l-c-d/","/products/micromaxx-16-pin-l-c-d",16256,"micromaxx-16-pin-l-c-d"
"https://abhaytechnicals.com/shop/nokia-16-pin-2-0-l-c-d/","/products/nokia-16-pin-2-0-l-c-d",16259,"nokia-16-pin-2-0-l-c-d"
"https://abhaytechnicals.com/shop/vivo-v25-pro-on-off-flex/","/products/vivo-v25-pro-on-off-flex",16558,"vivo-v25-pro-on-off-flex"
"https://abhaytechnicals.com/shop/vivo-v40-on-off-flex/","/products/vivo-v40-on-off-flex",16559,"vivo-v40-on-off-flex"
"https://abhaytechnicals.com/shop/vivo-v29e-on-off-flex/","/products/vivo-v29e-on-off-flex",16560,"vivo-v29e-on-off-flex"
"https://abhaytechnicals.com/shop/vivo-t1-pro-on-off-flex/","/products/vivo-t1-pro-on-off-flex",16561,"vivo-t1-pro-on-off-flex"
"https://abhaytechnicals.com/shop/vivo-v30-5g-on-off-flex/","/products/vivo-v30-5g-on-off-flex",16562,"vivo-v30-5g-on-off-flex"
"https://abhaytechnicals.com/shop/vivo-v25-on-off-flex/","/products/vivo-v25-on-off-flex",16563,"vivo-v25-on-off-flex"
"https://abhaytechnicals.com/shop/vivo-v27-on-off-flex/","/products/vivo-v27-on-off-flex",16564,"vivo-v27-on-off-flex"
"https://abhaytechnicals.com/shop/narzo-50-4g-middil-panel/","/products/narzo-50-4g-middil-panel",16599,"narzo-50-4g-middil-panel"
"https://abhaytechnicals.com/shop/narzo-50-5g-middil-panel/","/products/narzo-50-5g-middil-panel",16600,"narzo-50-5g-middil-panel"
"https://abhaytechnicals.com/shop/iqoo-z6-pro-5g-middil-panel/","/products/iqoo-z6-pro-5g-middil-panel",16601,"iqoo-z6-pro-5g-middil-panel"
"https://abhaytechnicals.com/shop/poco-c61-outer-camera-glass/","/products/poco-c61-outer-camera-glass",16610,"poco-c61-outer-camera-glass"
"https://abhaytechnicals.com/shop/mi-a3-new-outer-camera-glass/","/products/mi-a3-new-outer-camera-glass",16611,"mi-a3-new-outer-camera-glass"
"https://abhaytechnicals.com/shop/realme-13-5g-og-cc-flex/","/products/realme-13-5g-og-cc-flex",16612,"realme-13-5g-og-cc-flex"
"https://abhaytechnicals.com/shop/honor-9i-og-cc-flex/","/products/honor-9i-og-cc-flex",16613,"honor-9i-og-cc-flex"
"https://abhaytechnicals.com/shop/infinix-hot-11-sim-holder/","/products/infinix-hot-11-sim-holder",16614,"infinix-hot-11-sim-holder"
"https://abhaytechnicals.com/shop/samsung-m52-ringer-set/","/products/samsung-m52-ringer-set",16615,"samsung-m52-ringer-set"
"https://abhaytechnicals.com/shop/oppo-a12-finger-sensor/","/products/oppo-a12-finger-sensor",16616,"oppo-a12-finger-sensor"
"https://abhaytechnicals.com/shop/mi-a3-l-c-d-flex/","/products/mi-a3-l-c-d-flex",16617,"mi-a3-l-c-d-flex"
"https://abhaytechnicals.com/shop/realme-c35-ringback-panel/","/products/realme-c35-ringback-panel",16621,"realme-c35-ringback-panel"
"https://abhaytechnicals.com/shop/narzo-50-4g-ringback-panel/","/products/narzo-50-4g-ringback-panel",16622,"narzo-50-4g-ringback-panel"
"https://abhaytechnicals.com/shop/mi-11-prime-5g-back-panel/","/products/mi-11-prime-5g-back-panel",16623,"mi-11-prime-5g-back-panel"
"https://abhaytechnicals.com/shop/narzo-50-back-panel/","/products/narzo-50-back-panel",16624,"narzo-50-back-panel"
"https://abhaytechnicals.com/shop/samsung-m40-ringback-panel/","/products/samsung-m40-ringback-panel",16625,"samsung-m40-ringback-panel"
"https://abhaytechnicals.com/shop/mi-11-prime-4g-back-panel/","/products/mi-11-prime-4g-back-panel",16626,"mi-11-prime-4g-back-panel"
"https://abhaytechnicals.com/shop/nokia-37-pin-2-4-size-l-c-d/","/products/nokia-37-pin-2-4-size-l-c-d",16630,"nokia-37-pin-2-4-size-l-c-d"
"https://abhaytechnicals.com/shop/iqoo-neo-6-on-off-flex/","/products/iqoo-neo-6-on-off-flex",16670,"iqoo-neo-6-on-off-flex"
"https://abhaytechnicals.com/shop/vivo-nex-on-off-flex/","/products/vivo-nex-on-off-flex",16671,"vivo-nex-on-off-flex"
"https://abhaytechnicals.com/shop/mi-11i-finger-sensor/","/products/mi-11i-finger-sensor",16685,"mi-11i-finger-sensor"
"https://abhaytechnicals.com/shop/nokia-5-1-finger-sensor/","/products/nokia-5-1-finger-sensor",16686,"nokia-5-1-finger-sensor"
"https://abhaytechnicals.com/shop/mi-note-13-5g-og-cc-flex/","/products/mi-note-13-5g-og-cc-flex",16689,"mi-note-13-5g-og-cc-flex"
"https://abhaytechnicals.com/shop/oppo-reno-7-5g-og-cc-flex/","/products/oppo-reno-7-5g-og-cc-flex",16690,"oppo-reno-7-5g-og-cc-flex"
"https://abhaytechnicals.com/shop/samsung-m30-l-c-d-flex/","/products/samsung-m30-l-c-d-flex",16691,"samsung-m30-l-c-d-flex"
"https://abhaytechnicals.com/shop/oppo-reno-3-pro-4g-l-c-d-flex/","/products/oppo-reno-3-pro-4g-l-c-d-flex",16692,"oppo-reno-3-pro-4g-l-c-d-flex"
"https://abhaytechnicals.com/shop/realme-7-main-flex/","/products/realme-7-main-flex",16693,"realme-7-main-flex"
"https://abhaytechnicals.com/shop/honor-8c-main-flex/","/products/honor-8c-main-flex",16694,"honor-8c-main-flex"
"https://abhaytechnicals.com/shop/oppo-reno-8-ringer-box/","/products/oppo-reno-8-ringer-box",16696,"oppo-reno-8-ringer-box"
"https://abhaytechnicals.com/shop/mi-9-power-ear-spk/","/products/mi-9-power-ear-spk",16697,"mi-9-power-ear-spk"
"https://abhaytechnicals.com/shop/samsung-a12-power-key-bracket/","/products/samsung-a12-power-key-bracket",16698,"samsung-a12-power-key-bracket"
"https://abhaytechnicals.com/shop/realme-narzo-n65-middil-panel/","/products/realme-narzo-n65-middil-panel",16949,"realme-narzo-n65-middil-panel"
"https://abhaytechnicals.com/shop/infinix-note-12-pro-middil-panel/","/products/infinix-note-12-pro-middil-panel",16950,"infinix-note-12-pro-middil-panel"
"https://abhaytechnicals.com/shop/mi-11-lite-middil-panel/","/products/mi-11-lite-middil-panel",16951,"mi-11-lite-middil-panel"
"https://abhaytechnicals.com/shop/mi-a1-new-middil-panel/","/products/mi-a1-new-middil-panel",16952,"mi-a1-new-middil-panel"
"https://abhaytechnicals.com/shop/samsung-m40-middil-panel/","/products/samsung-m40-middil-panel",16953,"samsung-m40-middil-panel"
"https://abhaytechnicals.com/shop/realme-11-pro-middil-panel/","/products/realme-11-pro-middil-panel",16954,"realme-11-pro-middil-panel"
"https://abhaytechnicals.com/shop/vivo-y22-y35-middil-panel/","/products/vivo-y22-y35-middil-panel",16955,"vivo-y22-y35-middil-panel"
"https://abhaytechnicals.com/shop/vivo-t2-pro-middil-panel/","/products/vivo-t2-pro-middil-panel",16956,"vivo-t2-pro-middil-panel"
"https://abhaytechnicals.com/shop/infinix-smart-8-x6525-back-panel/","/products/infinix-smart-8-x6525-back-panel",16981,"infinix-smart-8-x6525-back-panel"
"https://abhaytechnicals.com/shop/infinix-smart-8-x6525-og-ringback-panel/","/products/infinix-smart-8-x6525-og-ringback-panel",16982,"infinix-smart-8-x6525-og-ringback-panel"
"https://abhaytechnicals.com/shop/samsung-m52-ringback-panel/","/products/samsung-m52-ringback-panel",16983,"samsung-m52-ringback-panel"
"https://abhaytechnicals.com/shop/samsung-a21s-ringback-panel/","/products/samsung-a21s-ringback-panel",16984,"samsung-a21s-ringback-panel"
"https://abhaytechnicals.com/shop/infinix-note-12-5g-sim-holder/","/products/infinix-note-12-5g-sim-holder",16992,"infinix-note-12-5g-sim-holder"
"https://abhaytechnicals.com/shop/realme-13-pro-sim-holder/","/products/realme-13-pro-sim-holder",16993,"realme-13-pro-sim-holder"
"https://abhaytechnicals.com/shop/oppo-f27-pro-main-flex/","/products/oppo-f27-pro-main-flex",16999,"oppo-f27-pro-main-flex"
"https://abhaytechnicals.com/shop/pcoco-x2-main-flex/","/products/pcoco-x2-main-flex",17000,"pcoco-x2-main-flex"
"https://abhaytechnicals.com/shop/infinix-hot-30-5g-main-flex/","/products/infinix-hot-30-5g-main-flex",17001,"infinix-hot-30-5g-main-flex"
"https://abhaytechnicals.com/shop/samsung-m15-5g-main-flex/","/products/samsung-m15-5g-main-flex",17002,"samsung-m15-5g-main-flex"
"https://abhaytechnicals.com/shop/realme-c65-5g-ringer-box/","/products/realme-c65-5g-ringer-box",17007,"realme-c65-5g-ringer-box"
"https://abhaytechnicals.com/shop/realme-7-pro-og-cc-flex/","/products/realme-7-pro-og-cc-flex",17009,"realme-7-pro-og-cc-flex"
"https://abhaytechnicals.com/shop/tecno-pop-5-pro-on-off-flex/","/products/tecno-pop-5-pro-on-off-flex",17209,"tecno-pop-5-pro-on-off-flex"
"https://abhaytechnicals.com/shop/infinix-hot-9-main-flex/","/products/infinix-hot-9-main-flex",17212,"infinix-hot-9-main-flex"
"https://abhaytechnicals.com/shop/oppo-a3x-ringer-box/","/products/oppo-a3x-ringer-box",17245,"oppo-a3x-ringer-box"
"https://abhaytechnicals.com/shop/infinix-smart-8-x6525-middil-panel/","/products/infinix-smart-8-x6525-middil-panel",17356,"infinix-smart-8-x6525-middil-panel"
"https://abhaytechnicals.com/shop/itel-vision-1-pro-back-panel/","/products/itel-vision-1-pro-back-panel",17515,"itel-vision-1-pro-back-panel"
"https://abhaytechnicals.com/shop/samsung-a22-4g-back-panel/","/products/samsung-a22-4g-back-panel",17516,"samsung-a22-4g-back-panel"
"https://abhaytechnicals.com/shop/vivo-y73-back-panel/","/products/vivo-y73-back-panel",17517,"vivo-y73-back-panel"
"https://abhaytechnicals.com/shop/mi-note-13-pro-back-panel/","/products/mi-note-13-pro-back-panel",17518,"mi-note-13-pro-back-panel"
"https://abhaytechnicals.com/shop/one-plus-ce2-lite-ringback-panel/","/products/one-plus-ce2-lite-ringback-panel",17520,"one-plus-ce2-lite-ringback-panel"
"https://abhaytechnicals.com/shop/samsung-m33-back-panel/","/products/samsung-m33-back-panel",17522,"samsung-m33-back-panel"
"https://abhaytechnicals.com/shop/vivo-t1-4g-ringback-panel/","/products/vivo-t1-4g-ringback-panel",17537,"vivo-t1-4g-ringback-panel"
"https://abhaytechnicals.com/shop/infinix-note-11-x663-back-panel/","/products/infinix-note-11-x663-back-panel",17539,"infinix-note-11-x663-back-panel"
"https://abhaytechnicals.com/shop/vivo-y20-side-rubber-key/","/products/vivo-y20-side-rubber-key",17540,"vivo-y20-side-rubber-key"
"https://abhaytechnicals.com/shop/for-iphone-6g-finger-sensor/","/products/for-iphone-6g-finger-sensor",17541,"for-iphone-6g-finger-sensor"
"https://abhaytechnicals.com/shop/moto-g34-main-flex/","/products/moto-g34-main-flex",17542,"moto-g34-main-flex"
"https://abhaytechnicals.com/shop/poco-c51-og-cc-flex/","/products/poco-c51-og-cc-flex",17543,"poco-c51-og-cc-flex"
"https://abhaytechnicals.com/shop/for-lava-yuwa-pro-og-cc-flex/","/products/for-lava-yuwa-pro-og-cc-flex",17544,"for-lava-yuwa-pro-og-cc-flex"
"https://abhaytechnicals.com/shop/oppo-a3x-on-off-flex/","/products/oppo-a3x-on-off-flex",17546,"oppo-a3x-on-off-flex"
"https://abhaytechnicals.com/shop/lava-15-pin-2-0-size-l-c-d/","/products/lava-15-pin-2-0-size-l-c-d",17704,"lava-15-pin-2-0-size-l-c-d"
"https://abhaytechnicals.com/shop/oppo-reno-7-5g-sim-flex/","/products/oppo-reno-7-5g-sim-flex",17707,"oppo-reno-7-5g-sim-flex"
"https://abhaytechnicals.com/shop/itel-15-pin-2-4-size-l-c-d/","/products/itel-15-pin-2-4-size-l-c-d",17838,"itel-15-pin-2-4-size-l-c-d"
"https://abhaytechnicals.com/shop/i-phone-8-back-panel-red/","/products/i-phone-8-back-panel-red",17947,"i-phone-8-back-panel-red"
"https://abhaytechnicals.com/shop/i-phone-8-back-panel-gold/","/products/i-phone-8-back-panel-gold",17948,"i-phone-8-back-panel-gold"
"https://abhaytechnicals.com/shop/i-phone-8-back-panel-white/","/products/i-phone-8-back-panel-white",17949,"i-phone-8-back-panel-white"
"https://abhaytechnicals.com/shop/i-phone-8-back-panel-black/","/products/i-phone-8-back-panel-black",17950,"i-phone-8-back-panel-black"
"https://abhaytechnicals.com/shop/i-phone-8-back-panel-black-2/","/products/i-phone-8-back-panel-black-2",18046,"i-phone-8-back-panel-black-2"
"https://abhaytechnicals.com/shop/i-phone-8-back-panel-red-2/","/products/i-phone-8-back-panel-red-2",18047,"i-phone-8-back-panel-red-2"
"https://abhaytechnicals.com/shop/i-phone-8-back-panel-white-2/","/products/i-phone-8-back-panel-white-2",18048,"i-phone-8-back-panel-white-2"
"https://abhaytechnicals.com/shop/i-phone-11-back-panel-white/","/products/i-phone-11-back-panel-white",18051,"i-phone-11-back-panel-white"
"https://abhaytechnicals.com/shop/i-phone-11-back-panel-red/","/products/i-phone-11-back-panel-red",18052,"i-phone-11-back-panel-red"
"https://abhaytechnicals.com/shop/i-phone-11-back-panel-purpal/","/products/i-phone-11-back-panel-purpal",18053,"i-phone-11-back-panel-purpal"
"https://abhaytechnicals.com/shop/i-phone-11-back-panel-yellow/","/products/i-phone-11-back-panel-yellow",18054,"i-phone-11-back-panel-yellow"
"https://abhaytechnicals.com/shop/i-phone-11-pro-back-panel-gold/","/products/i-phone-11-pro-back-panel-gold",18056,"i-phone-11-pro-back-panel-gold"
"https://abhaytechnicals.com/shop/i-phone-11-pro-back-panel-black/","/products/i-phone-11-pro-back-panel-black",18057,"i-phone-11-pro-back-panel-black"
"https://abhaytechnicals.com/shop/i-phone-11-pro-back-panel-white/","/products/i-phone-11-pro-back-panel-white",18058,"i-phone-11-pro-back-panel-white"
"https://abhaytechnicals.com/shop/i-phone-11-pro-max-back-panel-white/","/products/i-phone-11-pro-max-back-panel-white",18059,"i-phone-11-pro-max-back-panel-white"
"https://abhaytechnicals.com/shop/i-phone-11-pro-max-back-panel-green/","/products/i-phone-11-pro-max-back-panel-green",18060,"i-phone-11-pro-max-back-panel-green"
"https://abhaytechnicals.com/shop/i-phone-11-pro-max-back-panel-gold/","/products/i-phone-11-pro-max-back-panel-gold",18061,"i-phone-11-pro-max-back-panel-gold"
"https://abhaytechnicals.com/shop/i-phone-11-pro-max-back-panel-black/","/products/i-phone-11-pro-max-back-panel-black",18062,"i-phone-11-pro-max-back-panel-black"
"https://abhaytechnicals.com/shop/i-phone-12-mini-back-panel-red/","/products/i-phone-12-mini-back-panel-red",18063,"i-phone-12-mini-back-panel-red"
"https://abhaytechnicals.com/shop/i-phone-12-mini-back-panel-green/","/products/i-phone-12-mini-back-panel-green",18064,"i-phone-12-mini-back-panel-green"
"https://abhaytechnicals.com/shop/i-phone-12-pro-back-panel-white/","/products/i-phone-12-pro-back-panel-white",18066,"i-phone-12-pro-back-panel-white"
"https://abhaytechnicals.com/shop/i-phone-12-pro-back-panel-black/","/products/i-phone-12-pro-back-panel-black",18067,"i-phone-12-pro-back-panel-black"
"https://abhaytechnicals.com/shop/i-phone-12-back-panel-black/","/products/i-phone-12-back-panel-black",18069,"i-phone-12-back-panel-black"
"https://abhaytechnicals.com/shop/i-phone-12-back-panel-purpal/","/products/i-phone-12-back-panel-purpal",18070,"i-phone-12-back-panel-purpal"
"https://abhaytechnicals.com/shop/i-phone-12-back-panel-red/","/products/i-phone-12-back-panel-red",18071,"i-phone-12-back-panel-red"
"https://abhaytechnicals.com/shop/i-phone-12-back-panel-green/","/products/i-phone-12-back-panel-green",18072,"i-phone-12-back-panel-green"
"https://abhaytechnicals.com/shop/i-phone-12-back-panel-blue/","/products/i-phone-12-back-panel-blue",18073,"i-phone-12-back-panel-blue"
"https://abhaytechnicals.com/shop/for-i-phone-12-pro-max-back-panel-black/","/products/for-i-phone-12-pro-max-back-panel-black",18080,"for-i-phone-12-pro-max-back-panel-black"
"https://abhaytechnicals.com/shop/for-i-phone-12-pro-max-back-panel-blue/","/products/for-i-phone-12-pro-max-back-panel-blue",18081,"for-i-phone-12-pro-max-back-panel-blue"
"https://abhaytechnicals.com/shop/for-i-phone-12-pro-max-back-panel-gold/","/products/for-i-phone-12-pro-max-back-panel-gold",18082,"for-i-phone-12-pro-max-back-panel-gold"
"https://abhaytechnicals.com/shop/for-i-phone-12-pro-max-back-panel-white/","/products/for-i-phone-12-pro-max-back-panel-white",18083,"for-i-phone-12-pro-max-back-panel-white"
"https://abhaytechnicals.com/shop/for-i-phone-13-back-panel-white/","/products/for-i-phone-13-back-panel-white",18084,"for-i-phone-13-back-panel-white"
"https://abhaytechnicals.com/shop/for-i-phone-13-back-panel-red/","/products/for-i-phone-13-back-panel-red",18085,"for-i-phone-13-back-panel-red"
"https://abhaytechnicals.com/shop/for-i-phone-13-mini-back-panel-red/","/products/for-i-phone-13-mini-back-panel-red",18086,"for-i-phone-13-mini-back-panel-red"
"https://abhaytechnicals.com/shop/for-i-phone-13-mini-back-panel-green/","/products/for-i-phone-13-mini-back-panel-green",18087,"for-i-phone-13-mini-back-panel-green"
"https://abhaytechnicals.com/shop/for-i-phone-13-mini-back-panel-black/","/products/for-i-phone-13-mini-back-panel-black",18088,"for-i-phone-13-mini-back-panel-black"
"https://abhaytechnicals.com/shop/for-i-phone-13-mini-back-panel-blue/","/products/for-i-phone-13-mini-back-panel-blue",18089,"for-i-phone-13-mini-back-panel-blue"
"https://abhaytechnicals.com/shop/for-i-phone-13-mini-back-panel-white/","/products/for-i-phone-13-mini-back-panel-white",18090,"for-i-phone-13-mini-back-panel-white"
"https://abhaytechnicals.com/shop/for-i-phone-13-mini-back-panel-pink/","/products/for-i-phone-13-mini-back-panel-pink",18091,"for-i-phone-13-mini-back-panel-pink"
"https://abhaytechnicals.com/shop/for-i-phone-13-pro-back-panel-white/","/products/for-i-phone-13-pro-back-panel-white",18092,"for-i-phone-13-pro-back-panel-white"
"https://abhaytechnicals.com/shop/for-i-phone-13-pro-back-panel-gold/","/products/for-i-phone-13-pro-back-panel-gold",18093,"for-i-phone-13-pro-back-panel-gold"
"https://abhaytechnicals.com/shop/for-i-phone-13-pro-back-panel-black/","/products/for-i-phone-13-pro-back-panel-black",18094,"for-i-phone-13-pro-back-panel-black"
"https://abhaytechnicals.com/shop/for-i-phone-13-pro-max-back-panel-gold/","/products/for-i-phone-13-pro-max-back-panel-gold",18095,"for-i-phone-13-pro-max-back-panel-gold"
"https://abhaytechnicals.com/shop/for-i-phone-13-pro-max-back-panel-blue/","/products/for-i-phone-13-pro-max-back-panel-blue",18096,"for-i-phone-13-pro-max-back-panel-blue"
"https://abhaytechnicals.com/shop/for-i-phone-13-pro-max-back-panel-white/","/products/for-i-phone-13-pro-max-back-panel-white",18097,"for-i-phone-13-pro-max-back-panel-white"
"https://abhaytechnicals.com/shop/for-i-phone-13-pro-max-back-panel-black/","/products/for-i-phone-13-pro-max-back-panel-black",18098,"for-i-phone-13-pro-max-back-panel-black"
"https://abhaytechnicals.com/shop/for-i-phone-14-back-panel-red/","/products/for-i-phone-14-back-panel-red",18099,"for-i-phone-14-back-panel-red"
"https://abhaytechnicals.com/shop/for-i-phone-14-back-panel-purple/","/products/for-i-phone-14-back-panel-purple",18101,"for-i-phone-14-back-panel-purple"
"https://abhaytechnicals.com/shop/for-i-phone-14-back-panel-black/","/products/for-i-phone-14-back-panel-black",18102,"for-i-phone-14-back-panel-black"
"https://abhaytechnicals.com/shop/for-i-phone-14-back-panel-white/","/products/for-i-phone-14-back-panel-white",18103,"for-i-phone-14-back-panel-white"
"https://abhaytechnicals.com/shop/for-i-phone-14-back-panel-blue/","/products/for-i-phone-14-back-panel-blue",18104,"for-i-phone-14-back-panel-blue"
"https://abhaytechnicals.com/shop/for-i-phone-14-pro-back-panel-gold/","/products/for-i-phone-14-pro-back-panel-gold",18105,"for-i-phone-14-pro-back-panel-gold"
"https://abhaytechnicals.com/shop/for-i-phone-14-pro-back-panel-purple/","/products/for-i-phone-14-pro-back-panel-purple",18106,"for-i-phone-14-pro-back-panel-purple"
"https://abhaytechnicals.com/shop/for-i-phone-14-pro-back-panel-white/","/products/for-i-phone-14-pro-back-panel-white",18107,"for-i-phone-14-pro-back-panel-white"
"https://abhaytechnicals.com/shop/for-i-phone-14-pro-back-panel-black/","/products/for-i-phone-14-pro-back-panel-black",18108,"for-i-phone-14-pro-back-panel-black"
"https://abhaytechnicals.com/shop/for-i-phone-14-plus-back-panel-purple/","/products/for-i-phone-14-plus-back-panel-purple",18109,"for-i-phone-14-plus-back-panel-purple"
"https://abhaytechnicals.com/shop/for-i-phone-14-plus-back-panel-yellow/","/products/for-i-phone-14-plus-back-panel-yellow",18111,"for-i-phone-14-plus-back-panel-yellow"
"https://abhaytechnicals.com/shop/for-i-phone-14-plus-back-panel-red/","/products/for-i-phone-14-plus-back-panel-red",18113,"for-i-phone-14-plus-back-panel-red"
"https://abhaytechnicals.com/shop/for-i-phone-14-plus-back-panel-white/","/products/for-i-phone-14-plus-back-panel-white",18114,"for-i-phone-14-plus-back-panel-white"
"https://abhaytechnicals.com/shop/for-i-phone-14-plus-back-panel-blue/","/products/for-i-phone-14-plus-back-panel-blue",18115,"for-i-phone-14-plus-back-panel-blue"
"https://abhaytechnicals.com/shop/for-i-phone-14-pro-max-back-panel-gold/","/products/for-i-phone-14-pro-max-back-panel-gold",18137,"for-i-phone-14-pro-max-back-panel-gold"
"https://abhaytechnicals.com/shop/for-i-phone-14-pro-max-back-panel-purple/","/products/for-i-phone-14-pro-max-back-panel-purple",18138,"for-i-phone-14-pro-max-back-panel-purple"
"https://abhaytechnicals.com/shop/for-i-phone-14-pro-max-back-panel-black/","/products/for-i-phone-14-pro-max-back-panel-black",18139,"for-i-phone-14-pro-max-back-panel-black"
"https://abhaytechnicals.com/shop/for-i-phone-14-pro-max-back-panel-white/","/products/for-i-phone-14-pro-max-back-panel-white",18140,"for-i-phone-14-pro-max-back-panel-white"
"https://abhaytechnicals.com/shop/for-i-phone-15-back-panel-yellow/","/products/for-i-phone-15-back-panel-yellow",18141,"for-i-phone-15-back-panel-yellow"
"https://abhaytechnicals.com/shop/for-i-phone-15-back-panel-black/","/products/for-i-phone-15-back-panel-black",18142,"for-i-phone-15-back-panel-black"
"https://abhaytechnicals.com/shop/for-i-phone-15-back-panel-green/","/products/for-i-phone-15-back-panel-green",18143,"for-i-phone-15-back-panel-green"
"https://abhaytechnicals.com/shop/for-i-phone-15-plus-back-panel-blue/","/products/for-i-phone-15-plus-back-panel-blue",18144,"for-i-phone-15-plus-back-panel-blue"
"https://abhaytechnicals.com/shop/for-i-phone-15-plus-back-panel-pink/","/products/for-i-phone-15-plus-back-panel-pink",18145,"for-i-phone-15-plus-back-panel-pink"
"https://abhaytechnicals.com/shop/for-i-phone-15-plus-back-panel-green/","/products/for-i-phone-15-plus-back-panel-green",18146,"for-i-phone-15-plus-back-panel-green"
"https://abhaytechnicals.com/shop/for-i-phone-15-plus-back-panel-black/","/products/for-i-phone-15-plus-back-panel-black",18147,"for-i-phone-15-plus-back-panel-black"
"https://abhaytechnicals.com/shop/for-i-phone-15-plus-back-panel-yellow/","/products/for-i-phone-15-plus-back-panel-yellow",18149,"for-i-phone-15-plus-back-panel-yellow"
"https://abhaytechnicals.com/shop/for-i-phone-15-pro-back-panel-black/","/products/for-i-phone-15-pro-back-panel-black",18150,"for-i-phone-15-pro-back-panel-black"
"https://abhaytechnicals.com/shop/for-i-phone-15-pro-back-panel-white/","/products/for-i-phone-15-pro-back-panel-white",18151,"for-i-phone-15-pro-back-panel-white"
"https://abhaytechnicals.com/shop/for-i-phone-15-pro-back-panel-blue/","/products/for-i-phone-15-pro-back-panel-blue",18152,"for-i-phone-15-pro-back-panel-blue"
"https://abhaytechnicals.com/shop/for-i-phone-15-pro-back-panel-titanium/","/products/for-i-phone-15-pro-back-panel-titanium",18153,"for-i-phone-15-pro-back-panel-titanium"
"https://abhaytechnicals.com/shop/for-i-phone-15-pro-max-back-panel-titanium/","/products/for-i-phone-15-pro-max-back-panel-titanium",18178,"for-i-phone-15-pro-max-back-panel-titanium"
"https://abhaytechnicals.com/shop/for-i-phone-15-pro-max-back-panel-black/","/products/for-i-phone-15-pro-max-back-panel-black",18179,"for-i-phone-15-pro-max-back-panel-black"
"https://abhaytechnicals.com/shop/for-i-phone-15-pro-max-back-panel-blue/","/products/for-i-phone-15-pro-max-back-panel-blue",18180,"for-i-phone-15-pro-max-back-panel-blue"
"https://abhaytechnicals.com/shop/for-i-phone-15-pro-max-back-panel-white/","/products/for-i-phone-15-pro-max-back-panel-white",18181,"for-i-phone-15-pro-max-back-panel-white"
"https://abhaytechnicals.com/shop/for-i-phone-xs-back-panel-white/","/products/for-i-phone-xs-back-panel-white",18182,"for-i-phone-xs-back-panel-white"
"https://abhaytechnicals.com/shop/for-i-phone-xs-back-panel-gold/","/products/for-i-phone-xs-back-panel-gold",18183,"for-i-phone-xs-back-panel-gold"
"https://abhaytechnicals.com/shop/for-i-phone-xs-back-panel-black/","/products/for-i-phone-xs-back-panel-black",18184,"for-i-phone-xs-back-panel-black"
"https://abhaytechnicals.com/shop/for-i-phone-xs-max-back-panel-black/","/products/for-i-phone-xs-max-back-panel-black",18186,"for-i-phone-xs-max-back-panel-black"
"https://abhaytechnicals.com/shop/for-i-phone-xs-max-back-panel-gold/","/products/for-i-phone-xs-max-back-panel-gold",18187,"for-i-phone-xs-max-back-panel-gold"
"https://abhaytechnicals.com/shop/for-i-phone-xs-max-back-panel-white/","/products/for-i-phone-xs-max-back-panel-white",18188,"for-i-phone-xs-max-back-panel-white"
"https://abhaytechnicals.com/shop/for-i-phone-x-back-panel-white/","/products/for-i-phone-x-back-panel-white",18189,"for-i-phone-x-back-panel-white"
"https://abhaytechnicals.com/shop/for-i-phone-x-back-panel-black/","/products/for-i-phone-x-back-panel-black",18190,"for-i-phone-x-back-panel-black"
"https://abhaytechnicals.com/shop/for-i-phone-xr-back-panel-orenge/","/products/for-i-phone-xr-back-panel-orenge",18191,"for-i-phone-xr-back-panel-orenge"
"https://abhaytechnicals.com/shop/for-i-phone-xr-back-panel-blue/","/products/for-i-phone-xr-back-panel-blue",18192,"for-i-phone-xr-back-panel-blue"
"https://abhaytechnicals.com/shop/for-i-phone-xr-back-panel-red/","/products/for-i-phone-xr-back-panel-red",18193,"for-i-phone-xr-back-panel-red"
"https://abhaytechnicals.com/shop/for-i-phone-xr-back-panel-yellow/","/products/for-i-phone-xr-back-panel-yellow",18194,"for-i-phone-xr-back-panel-yellow"
"https://abhaytechnicals.com/shop/for-i-phone-se-2020-back-panel-white/","/products/for-i-phone-se-2020-back-panel-white",18195,"for-i-phone-se-2020-back-panel-white"
"https://abhaytechnicals.com/shop/for-i-phone-se-2020-back-panel-black/","/products/for-i-phone-se-2020-back-panel-black",18196,"for-i-phone-se-2020-back-panel-black"
"https://abhaytechnicals.com/shop/for-i-phone-se-2020-back-panel-red/","/products/for-i-phone-se-2020-back-panel-red",18197,"for-i-phone-se-2020-back-panel-red"
"https://abhaytechnicals.com/shop/mi-13c-5g-og-cc-flex/","/products/mi-13c-5g-og-cc-flex",18203,"mi-13c-5g-og-cc-flex"
"https://abhaytechnicals.com/shop/tecno-spark-go-2022-og-cc-flex/","/products/tecno-spark-go-2022-og-cc-flex",18204,"tecno-spark-go-2022-og-cc-flex"
"https://abhaytechnicals.com/shop/realme-narzo-60x-og-cc-flex/","/products/realme-narzo-60x-og-cc-flex",18215,"realme-narzo-60x-og-cc-flex"
"https://abhaytechnicals.com/shop/oppo-a11x-on-off-flex/","/products/oppo-a11x-on-off-flex",18216,"oppo-a11x-on-off-flex"
"https://abhaytechnicals.com/shop/vivo-t2x-finger-sensor/","/products/vivo-t2x-finger-sensor",18217,"vivo-t2x-finger-sensor"
"https://abhaytechnicals.com/shop/vivo-y28-new-y17s-finger-sensor/","/products/vivo-y28-new-y17s-finger-sensor",18218,"vivo-y28-new-y17s-finger-sensor"
"https://abhaytechnicals.com/shop/realme-7-pro-main-flex-2/","/products/realme-7-pro-main-flex-2",18219,"realme-7-pro-main-flex-2"
"https://abhaytechnicals.com/shop/one-10r-main-flex/","/products/one-10r-main-flex",18220,"one-10r-main-flex"
"https://abhaytechnicals.com/shop/oppo-reno-8-5g-sim-holder/","/products/oppo-reno-8-5g-sim-holder",18222,"oppo-reno-8-5g-sim-holder"
"https://abhaytechnicals.com/shop/infinix-smart-8-hd-finger-sensor/","/products/infinix-smart-8-hd-finger-sensor",18485,"infinix-smart-8-hd-finger-sensor"
"https://abhaytechnicals.com/shop/for-vivo-z1x-ring-back-panel/","/products/for-vivo-z1x-ring-back-panel",18487,"for-vivo-z1x-ring-back-panel"
"https://abhaytechnicals.com/shop/2-pin-switch-small/","/products/2-pin-switch-small",18526,"2-pin-switch-small"
"https://abhaytechnicals.com/shop/4-pin-switch-small/","/products/4-pin-switch-small",18527,"4-pin-switch-small"
"https://abhaytechnicals.com/shop/samsung-j2-power-switch/","/products/samsung-j2-power-switch",18528,"samsung-j2-power-switch"
"https://abhaytechnicals.com/shop/samsung-7262-power-switch/","/products/samsung-7262-power-switch",18529,"samsung-7262-power-switch"
"https://abhaytechnicals.com/shop/cellcor-11-pin-1-8-size-l-c-d/","/products/cellcor-11-pin-1-8-size-l-c-d",18535,"cellcor-11-pin-1-8-size-l-c-d"
"https://abhaytechnicals.com/shop/jio-bharat-24-pin-2-4-size-l-c-d/","/products/jio-bharat-24-pin-2-4-size-l-c-d",18536,"jio-bharat-24-pin-2-4-size-l-c-d"
"https://abhaytechnicals.com/shop/jio-bharat-15-pin-1-8-size-l-c-d/","/products/jio-bharat-15-pin-1-8-size-l-c-d",18537,"jio-bharat-15-pin-1-8-size-l-c-d"
"https://abhaytechnicals.com/shop/moto-g72-middil-panel/","/products/moto-g72-middil-panel",18565,"moto-g72-middil-panel"
"https://abhaytechnicals.com/shop/benco-s1-pro-middil-panel/","/products/benco-s1-pro-middil-panel",18566,"benco-s1-pro-middil-panel"
"https://abhaytechnicals.com/shop/benco-v82-middil-panel/","/products/benco-v82-middil-panel",18568,"benco-v82-middil-panel"
"https://abhaytechnicals.com/shop/18569/","/products/18569",18569,"18569"
"https://abhaytechnicals.com/shop/benco-y50-pro-middil-panel/","/products/benco-y50-pro-middil-panel",18570,"benco-y50-pro-middil-panel"
"https://abhaytechnicals.com/shop/vivo-t3-lite-y18-y03-y28s-middil-panel/","/products/vivo-t3-lite-y18-y03-y28s-middil-panel",18571,"vivo-t3-lite-y18-y03-y28s-middil-panel"
"https://abhaytechnicals.com/shop/benco-s1-middil-panel/","/products/benco-s1-middil-panel",18574,"benco-s1-middil-panel"
"https://abhaytechnicals.com/shop/lava-yuwa-pro-main-flex/","/products/lava-yuwa-pro-main-flex",18610,"lava-yuwa-pro-main-flex"
"https://abhaytechnicals.com/shop/lava-z3-main-flex/","/products/lava-z3-main-flex",18611,"lava-z3-main-flex"
"https://abhaytechnicals.com/shop/oppo-k1-volume-flex/","/products/oppo-k1-volume-flex",18618,"oppo-k1-volume-flex"
"https://abhaytechnicals.com/shop/infinix-pop-5-pro-og-cc-flex/","/products/infinix-pop-5-pro-og-cc-flex",18619,"infinix-pop-5-pro-og-cc-flex"
"https://abhaytechnicals.com/shop/vivo-v29e-ringer-box/","/products/vivo-v29e-ringer-box",18620,"vivo-v29e-ringer-box"
"https://abhaytechnicals.com/shop/t12-skussoldring-iron-bit/","/products/t12-skussoldring-iron-bit",18622,"t12-skussoldring-iron-bit"
"https://abhaytechnicals.com/shop/front-camera-dust-proof-sponge/","/products/front-camera-dust-proof-sponge",18623,"front-camera-dust-proof-sponge"
"https://abhaytechnicals.com/shop/for-benco-v82-back-panel/","/products/for-benco-v82-back-panel",18632,"for-benco-v82-back-panel"
"https://abhaytechnicals.com/shop/for-benco-y50-pro-back-panel/","/products/for-benco-y50-pro-back-panel",18633,"for-benco-y50-pro-back-panel"
"https://abhaytechnicals.com/shop/for-samsung-m13-5g-back-panel/","/products/for-samsung-m13-5g-back-panel",18634,"for-samsung-m13-5g-back-panel"
"https://abhaytechnicals.com/shop/for-benco-y40-back-panel/","/products/for-benco-y40-back-panel",18635,"for-benco-y40-back-panel"
"https://abhaytechnicals.com/shop/realme-c21-2020-back-panel/","/products/realme-c21-2020-back-panel",18636,"realme-c21-2020-back-panel"
"https://abhaytechnicals.com/shop/lava-yuwa-pro-back-panel/","/products/lava-yuwa-pro-back-panel",18637,"lava-yuwa-pro-back-panel"
"https://abhaytechnicals.com/shop/benco-v70-back-panel/","/products/benco-v70-back-panel",18638,"benco-v70-back-panel"
"https://abhaytechnicals.com/shop/for-benco-v91-back-panel/","/products/for-benco-v91-back-panel",18639,"for-benco-v91-back-panel"
"https://abhaytechnicals.com/shop/for-vivo-v20-5g-back-panel-white/","/products/for-vivo-v20-5g-back-panel-white",18640,"for-vivo-v20-5g-back-panel-white"
"https://abhaytechnicals.com/shop/for-vivo-v20-5g-back-panel-blue/","/products/for-vivo-v20-5g-back-panel-blue",18641,"for-vivo-v20-5g-back-panel-blue"
"https://abhaytechnicals.com/shop/oppo-a31-2020-middil-panel/","/products/oppo-a31-2020-middil-panel",18689,"oppo-a31-2020-middil-panel"
"https://abhaytechnicals.com/shop/vivo-v23-back-panel-blue/","/products/vivo-v23-back-panel-blue",19009,"vivo-v23-back-panel-blue"
"https://abhaytechnicals.com/shop/vivo-v23-back-panel-black/","/products/vivo-v23-back-panel-black",19010,"vivo-v23-back-panel-black"
"https://abhaytechnicals.com/shop/vivo-v23-back-panel-yellow/","/products/vivo-v23-back-panel-yellow",19011,"vivo-v23-back-panel-yellow"
"https://abhaytechnicals.com/shop/vivo-v30e-back-panel-brown/","/products/vivo-v30e-back-panel-brown",19012,"vivo-v30e-back-panel-brown"
"https://abhaytechnicals.com/shop/vivo-v30e-back-panel-white/","/products/vivo-v30e-back-panel-white",19013,"vivo-v30e-back-panel-white"
"https://abhaytechnicals.com/shop/vivo-v40e-back-panel-green/","/products/vivo-v40e-back-panel-green",19014,"vivo-v40e-back-panel-green"
"https://abhaytechnicals.com/shop/vivo-v40e-back-panel-gold/","/products/vivo-v40e-back-panel-gold",19015,"vivo-v40e-back-panel-gold"
"https://abhaytechnicals.com/shop/vivo-v30-back-panel-blue/","/products/vivo-v30-back-panel-blue",19016,"vivo-v30-back-panel-blue"
"https://abhaytechnicals.com/shop/vivo-v30-back-panel-white/","/products/vivo-v30-back-panel-white",19017,"vivo-v30-back-panel-white"
"https://abhaytechnicals.com/shop/vivo-v30-back-panel-green/","/products/vivo-v30-back-panel-green",19018,"vivo-v30-back-panel-green"
"https://abhaytechnicals.com/shop/vivo-v23e-back-panel-green/","/products/vivo-v23e-back-panel-green",19035,"vivo-v23e-back-panel-green"
"https://abhaytechnicals.com/shop/vivo-v23e-back-panel-blue/","/products/vivo-v23e-back-panel-blue",19036,"vivo-v23e-back-panel-blue"
"https://abhaytechnicals.com/shop/vivo-v23e-back-panel-yellow/","/products/vivo-v23e-back-panel-yellow",19037,"vivo-v23e-back-panel-yellow"
"https://abhaytechnicals.com/shop/vivo-v23e-back-panel-black/","/products/vivo-v23e-back-panel-black",19038,"vivo-v23e-back-panel-black"
"https://abhaytechnicals.com/shop/vivo-v23-pro-back-panel-black/","/products/vivo-v23-pro-back-panel-black",19039,"vivo-v23-pro-back-panel-black"
"https://abhaytechnicals.com/shop/vivo-v23-pro-back-panel-yellow/","/products/vivo-v23-pro-back-panel-yellow",19040,"vivo-v23-pro-back-panel-yellow"
"https://abhaytechnicals.com/shop/vivo-v23-pro-back-panel-blue/","/products/vivo-v23-pro-back-panel-blue",19041,"vivo-v23-pro-back-panel-blue"
"https://abhaytechnicals.com/shop/vivo-v27-pro-back-panel-black/","/products/vivo-v27-pro-back-panel-black",19042,"vivo-v27-pro-back-panel-black"
"https://abhaytechnicals.com/shop/vivo-v27-pro-back-panel-green/","/products/vivo-v27-pro-back-panel-green",19044,"vivo-v27-pro-back-panel-green"
"https://abhaytechnicals.com/shop/vivo-v27-pro-back-panel-yellow/","/products/vivo-v27-pro-back-panel-yellow",19045,"vivo-v27-pro-back-panel-yellow"
"https://abhaytechnicals.com/shop/vivo-v27-pro-back-panel-blue/","/products/vivo-v27-pro-back-panel-blue",19046,"vivo-v27-pro-back-panel-blue"
"https://abhaytechnicals.com/shop/vivo-v21-5g-back-panel-blue/","/products/vivo-v21-5g-back-panel-blue",19047,"vivo-v21-5g-back-panel-blue"
"https://abhaytechnicals.com/shop/vivo-v21-5g-back-panel-white/","/products/vivo-v21-5g-back-panel-white",19048,"vivo-v21-5g-back-panel-white"
"https://abhaytechnicals.com/shop/vivo-v21-5g-back-panel-black/","/products/vivo-v21-5g-back-panel-black",19049,"vivo-v21-5g-back-panel-black"
"https://abhaytechnicals.com/shop/vivo-v27-back-panel-yellow/","/products/vivo-v27-back-panel-yellow",19050,"vivo-v27-back-panel-yellow"
"https://abhaytechnicals.com/shop/vivo-v27-back-panel-green/","/products/vivo-v27-back-panel-green",19051,"vivo-v27-back-panel-green"
"https://abhaytechnicals.com/shop/vivo-v27-back-panel-blue/","/products/vivo-v27-back-panel-blue",19052,"vivo-v27-back-panel-blue"
"https://abhaytechnicals.com/shop/vivo-v27-back-panel-black/","/products/vivo-v27-back-panel-black",19053,"vivo-v27-back-panel-black"
"https://abhaytechnicals.com/shop/vivo-v30-pro-back-panel-black/","/products/vivo-v30-pro-back-panel-black",19054,"vivo-v30-pro-back-panel-black"
"https://abhaytechnicals.com/shop/vivo-v30-pro-back-panel-white/","/products/vivo-v30-pro-back-panel-white",19055,"vivo-v30-pro-back-panel-white"
"https://abhaytechnicals.com/shop/vivo-v30-pro-back-panel-blue/","/products/vivo-v30-pro-back-panel-blue",19056,"vivo-v30-pro-back-panel-blue"
"https://abhaytechnicals.com/shop/vivo-v30-pro-back-panel-green/","/products/vivo-v30-pro-back-panel-green",19057,"vivo-v30-pro-back-panel-green"
"https://abhaytechnicals.com/shop/vivo-v40-back-panel-black/","/products/vivo-v40-back-panel-black",19058,"vivo-v40-back-panel-black"
"https://abhaytechnicals.com/shop/vivo-v40-back-panel-white/","/products/vivo-v40-back-panel-white",19059,"vivo-v40-back-panel-white"
"https://abhaytechnicals.com/shop/vivo-v40-back-panel-purple/","/products/vivo-v40-back-panel-purple",19060,"vivo-v40-back-panel-purple"
"https://abhaytechnicals.com/shop/vivo-v29e-back-panel-blue/","/products/vivo-v29e-back-panel-blue",19061,"vivo-v29e-back-panel-blue"
"https://abhaytechnicals.com/shop/vivo-v29e-back-panel-black/","/products/vivo-v29e-back-panel-black",19062,"vivo-v29e-back-panel-black"
"https://abhaytechnicals.com/shop/vivo-v29e-back-panel-brown/","/products/vivo-v29e-back-panel-brown",19063,"vivo-v29e-back-panel-brown"
"https://abhaytechnicals.com/shop/vivo-v40-pro-back-panel-green/","/products/vivo-v40-pro-back-panel-green",19069,"vivo-v40-pro-back-panel-green"
"https://abhaytechnicals.com/shop/vivo-v40-pro-back-panel-white/","/products/vivo-v40-pro-back-panel-white",19071,"vivo-v40-pro-back-panel-white"
"https://abhaytechnicals.com/shop/vivo-v40-pro-back-panel-purple/","/products/vivo-v40-pro-back-panel-purple",19072,"vivo-v40-pro-back-panel-purple"
"https://abhaytechnicals.com/shop/vivo-v40-pro-back-panel-black/","/products/vivo-v40-pro-back-panel-black",19073,"vivo-v40-pro-back-panel-black"
"https://abhaytechnicals.com/shop/vivo-v29-pro-back-panel-pink/","/products/vivo-v29-pro-back-panel-pink",19074,"vivo-v29-pro-back-panel-pink"
"https://abhaytechnicals.com/shop/vivo-v29-pro-back-panel-white/","/products/vivo-v29-pro-back-panel-white",19075,"vivo-v29-pro-back-panel-white"
"https://abhaytechnicals.com/shop/vivo-v29-pro-back-panel-black/","/products/vivo-v29-pro-back-panel-black",19076,"vivo-v29-pro-back-panel-black"
"https://abhaytechnicals.com/shop/vivo-v29-pro-back-panel-brown/","/products/vivo-v29-pro-back-panel-brown",19077,"vivo-v29-pro-back-panel-brown"
"https://abhaytechnicals.com/shop/vivo-v29-back-panel-white/","/products/vivo-v29-back-panel-white",19078,"vivo-v29-back-panel-white"
"https://abhaytechnicals.com/shop/vivo-v29-back-panel-pink/","/products/vivo-v29-back-panel-pink",19079,"vivo-v29-back-panel-pink"
"https://abhaytechnicals.com/shop/vivo-v29-back-panel-black/","/products/vivo-v29-back-panel-black",19080,"vivo-v29-back-panel-black"
"https://abhaytechnicals.com/shop/vivo-v29-back-panel-gold/","/products/vivo-v29-back-panel-gold",19081,"vivo-v29-back-panel-gold"
"https://abhaytechnicals.com/shop/vivo-v20-4g-back-panel-black/","/products/vivo-v20-4g-back-panel-black",19082,"vivo-v20-4g-back-panel-black"
"https://abhaytechnicals.com/shop/vivo-v20-4g-back-panel-blue/","/products/vivo-v20-4g-back-panel-blue",19083,"vivo-v20-4g-back-panel-blue"
"https://abhaytechnicals.com/shop/vivo-v20-4g-back-panel-white/","/products/vivo-v20-4g-back-panel-white",19084,"vivo-v20-4g-back-panel-white"
"https://abhaytechnicals.com/shop/vivo-x50-back-panel-black/","/products/vivo-x50-back-panel-black",19085,"vivo-x50-back-panel-black"
"https://abhaytechnicals.com/shop/vivo-x50-back-panel-blue/","/products/vivo-x50-back-panel-blue",19086,"vivo-x50-back-panel-blue"
"https://abhaytechnicals.com/shop/vivo-x80-back-panel-green/","/products/vivo-x80-back-panel-green",19087,"vivo-x80-back-panel-green"
"https://abhaytechnicals.com/shop/vivo-t2-pro-back-panel-white/","/products/vivo-t2-pro-back-panel-white",19088,"vivo-t2-pro-back-panel-white"
"https://abhaytechnicals.com/shop/vivo-t2-pro-back-panel-black/","/products/vivo-t2-pro-back-panel-black",19089,"vivo-t2-pro-back-panel-black"
"https://abhaytechnicals.com/shop/vivo-t2-pro-back-panel/","/products/vivo-t2-pro-back-panel",19090,"vivo-t2-pro-back-panel"
"https://abhaytechnicals.com/shop/vivo-x70-back-panel-blue/","/products/vivo-x70-back-panel-blue",19094,"vivo-x70-back-panel-blue"
"https://abhaytechnicals.com/shop/vivo-x70-back-panel-black/","/products/vivo-x70-back-panel-black",19095,"vivo-x70-back-panel-black"
"https://abhaytechnicals.com/shop/vivo-x70-pro-back-panel-blue/","/products/vivo-x70-pro-back-panel-blue",19096,"vivo-x70-pro-back-panel-blue"
"https://abhaytechnicals.com/shop/vivo-x70-pro-back-panel-black/","/products/vivo-x70-pro-back-panel-black",19097,"vivo-x70-pro-back-panel-black"
"https://abhaytechnicals.com/shop/vivo-x60-back-panel-blue/","/products/vivo-x60-back-panel-blue",19098,"vivo-x60-back-panel-blue"
"https://abhaytechnicals.com/shop/vivo-x60-back-panel-black/","/products/vivo-x60-back-panel-black",19099,"vivo-x60-back-panel-black"
"https://abhaytechnicals.com/shop/vivo-x80-pro-back-panel-green/","/products/vivo-x80-pro-back-panel-green",19100,"vivo-x80-pro-back-panel-green"
"https://abhaytechnicals.com/shop/vivo-x80-pro-back-panel-black/","/products/vivo-x80-pro-back-panel-black",19101,"vivo-x80-pro-back-panel-black"
"https://abhaytechnicals.com/shop/vivo-v25-pro-back-panel-yellow/","/products/vivo-v25-pro-back-panel-yellow",19102,"vivo-v25-pro-back-panel-yellow"
"https://abhaytechnicals.com/shop/vivo-x50-pro-back-panel-black/","/products/vivo-x50-pro-back-panel-black",19103,"vivo-x50-pro-back-panel-black"
"https://abhaytechnicals.com/shop/vivo-v25-back-panel-black/","/products/vivo-v25-back-panel-black",19104,"vivo-v25-back-panel-black"
"https://abhaytechnicals.com/shop/vivo-v25-back-panel-yellow/","/products/vivo-v25-back-panel-yellow",19105,"vivo-v25-back-panel-yellow"
"https://abhaytechnicals.com/shop/vivo-v25-back-panel-black-2/","/products/vivo-v25-back-panel-black-2",19106,"vivo-v25-back-panel-black-2"
"https://abhaytechnicals.com/shop/vivo-y300-back-panel-green/","/products/vivo-y300-back-panel-green",19107,"vivo-y300-back-panel-green"
"https://abhaytechnicals.com/shop/vivo-y300-back-panel-purple/","/products/vivo-y300-back-panel-purple",19108,"vivo-y300-back-panel-purple"
"https://abhaytechnicals.com/shop/vivo-y300-back-panel-black/","/products/vivo-y300-back-panel-black",19109,"vivo-y300-back-panel-black"
"https://abhaytechnicals.com/shop/vivo-y300-pro-back-panel-black/","/products/vivo-y300-pro-back-panel-black",19110,"vivo-y300-pro-back-panel-black"
"https://abhaytechnicals.com/shop/vivo-y300-pro-back-panel-blue/","/products/vivo-y300-pro-back-panel-blue",19111,"vivo-y300-pro-back-panel-blue"
"https://abhaytechnicals.com/shop/vivo-y300-pro-back-panel-white/","/products/vivo-y300-pro-back-panel-white",19112,"vivo-y300-pro-back-panel-white"
"https://abhaytechnicals.com/shop/vivo-y300-pro-back-panel-silver/","/products/vivo-y300-pro-back-panel-silver",19113,"vivo-y300-pro-back-panel-silver"
"https://abhaytechnicals.com/shop/vivo-y36-back-panel-blue/","/products/vivo-y36-back-panel-blue",19114,"vivo-y36-back-panel-blue"
"https://abhaytechnicals.com/shop/vivo-y36-back-panel-black/","/products/vivo-y36-back-panel-black",19115,"vivo-y36-back-panel-black"
"https://abhaytechnicals.com/shop/vivo-y36-back-panel-yellow/","/products/vivo-y36-back-panel-yellow",19116,"vivo-y36-back-panel-yellow"
"https://abhaytechnicals.com/shop/vivo-x60-pro-back-panel-blue/","/products/vivo-x60-pro-back-panel-blue",19117,"vivo-x60-pro-back-panel-blue"
"https://abhaytechnicals.com/shop/moto-g04-middil-panel/","/products/moto-g04-middil-panel",19139,"moto-g04-middil-panel"
"https://abhaytechnicals.com/shop/vivo-v19e-middil-panel/","/products/vivo-v19e-middil-panel",19140,"vivo-v19e-middil-panel"
"https://abhaytechnicals.com/shop/mi-11-prime-5g-back-panel-2/","/products/mi-11-prime-5g-back-panel-2",19159,"mi-11-prime-5g-back-panel-2"
"https://abhaytechnicals.com/shop/mi-a2-old-back-panel/","/products/mi-a2-old-back-panel",19160,"mi-a2-old-back-panel"
"https://abhaytechnicals.com/shop/narzo-50a-back-panel/","/products/narzo-50a-back-panel",19161,"narzo-50a-back-panel"
"https://abhaytechnicals.com/shop/mi-10t-back-panel/","/products/mi-10t-back-panel",19162,"mi-10t-back-panel"
"https://abhaytechnicals.com/shop/realme-11-pro-back-panel/","/products/realme-11-pro-back-panel",19163,"realme-11-pro-back-panel"
"https://abhaytechnicals.com/shop/oppo-a3x-ringback-panel/","/products/oppo-a3x-ringback-panel",19164,"oppo-a3x-ringback-panel"
"https://abhaytechnicals.com/shop/realme-9i-5g-back-panel/","/products/realme-9i-5g-back-panel",19165,"realme-9i-5g-back-panel"
"https://abhaytechnicals.com/shop/vivo-y04-ringback-panel/","/products/vivo-y04-ringback-panel",19166,"vivo-y04-ringback-panel"
"https://abhaytechnicals.com/shop/samsung-m32-4g-og-cc-flex/","/products/samsung-m32-4g-og-cc-flex",19189,"samsung-m32-4g-og-cc-flex"
"https://abhaytechnicals.com/shop/oppo-a54-4g-on-off-flex/","/products/oppo-a54-4g-on-off-flex",19190,"oppo-a54-4g-on-off-flex"
"https://abhaytechnicals.com/shop/realme-11x-ringer-box/","/products/realme-11x-ringer-box",19193,"realme-11x-ringer-box"
"https://abhaytechnicals.com/shop/realme-2-volume-flex/","/products/realme-2-volume-flex",19195,"realme-2-volume-flex"
"https://abhaytechnicals.com/shop/samsung-j2-ringer/","/products/samsung-j2-ringer",19197,"samsung-j2-ringer"
"https://abhaytechnicals.com/shop/mi-12-5g-back-panel-black/","/products/mi-12-5g-back-panel-black",19204,"mi-12-5g-back-panel-black"
"https://abhaytechnicals.com/shop/mi-12-5g-back-panel-white/","/products/mi-12-5g-back-panel-white",19205,"mi-12-5g-back-panel-white"
"https://abhaytechnicals.com/shop/mi-12-5g-back-panel-blue/","/products/mi-12-5g-back-panel-blue",19206,"mi-12-5g-back-panel-blue"
"https://abhaytechnicals.com/shop/mi-12-4g-back-panel-black/","/products/mi-12-4g-back-panel-black",19207,"mi-12-4g-back-panel-black"
"https://abhaytechnicals.com/shop/mi-12-4g-back-panel-white/","/products/mi-12-4g-back-panel-white",19208,"mi-12-4g-back-panel-white"
"https://abhaytechnicals.com/shop/mi-12-4g-back-panel-blue/","/products/mi-12-4g-back-panel-blue",19209,"mi-12-4g-back-panel-blue"
"https://abhaytechnicals.com/shop/b-t6-battery-for-vivo-t1-5g-iqoo-z6-5g/","/products/b-t6-battery-for-vivo-t1-5g-iqoo-z6-5g",19225,"b-t6-battery-for-vivo-t1-5g-iqoo-z6-5g"
"https://abhaytechnicals.com/shop/bn62-battery-for-mi-note-9-9-power-poco-m3/","/products/bn62-battery-for-mi-note-9-9-power-poco-m3",19226,"bn62-battery-for-mi-note-9-9-power-poco-m3"
"https://abhaytechnicals.com/shop/bn56-battery-for-mi-9a-9c-poco-m2-pro/","/products/bn56-battery-for-mi-9a-9c-poco-m2-pro",19227,"bn56-battery-for-mi-9a-9c-poco-m2-pro"
"https://abhaytechnicals.com/shop/blp-673-battery-for-oppo-a3s-a5-a5s-a7-realme-2-realme-c1/","/products/blp-673-battery-for-oppo-a3s-a5-a5s-a7-realme-2-realme-c1",19228,"blp-673-battery-for-oppo-a3s-a5-a5s-a7-realme-2-realme-c1"
"https://abhaytechnicals.com/shop/blp-729-battery-for-realme-5i-realme-c3-realme-c11/","/products/blp-729-battery-for-realme-5i-realme-c3-realme-c11",19229,"blp-729-battery-for-realme-5i-realme-c3-realme-c11"
"https://abhaytechnicals.com/shop/bn-51-battery-for-redmi-8-redmi-8a/","/products/bn-51-battery-for-redmi-8-redmi-8a",19230,"bn-51-battery-for-redmi-8-redmi-8a"
"https://abhaytechnicals.com/shop/b-f3-battery-for-vivo-y91-y93-y95/","/products/b-f3-battery-for-vivo-y91-y93-y95",19231,"b-f3-battery-for-vivo-y91-y93-y95"
"https://abhaytechnicals.com/shop/hq-50s-battery-for-samsung-a02s-a03-a03s-m02s/","/products/hq-50s-battery-for-samsung-a02s-a03-a03s-m02s",19246,"hq-50s-battery-for-samsung-a02s-a03-a03s-m02s"
"https://abhaytechnicals.com/shop/blp-803-battery-for-realme-7i-oppo-a53/","/products/blp-803-battery-for-realme-7i-oppo-a53",19247,"blp-803-battery-for-realme-7i-oppo-a53"
"https://abhaytechnicals.com/shop/b-s2-battery-for-vivo-y33s/","/products/b-s2-battery-for-vivo-y33s",19248,"b-s2-battery-for-vivo-y33s"
"https://abhaytechnicals.com/shop/b-o5-battery-for/","/products/b-o5-battery-for",19249,"b-o5-battery-for"
"https://abhaytechnicals.com/shop/b-g7-battery-for-vivo-y11-y12-y15-y17-z1-pro/","/products/b-g7-battery-for-vivo-y11-y12-y15-y17-z1-pro",19250,"b-g7-battery-for-vivo-y11-y12-y15-y17-z1-pro"
"https://abhaytechnicals.com/shop/bn-46-battery-for-mi-note-6-note-8-redmi-7-redmi-y3/","/products/bn-46-battery-for-mi-note-6-note-8-redmi-7-redmi-y3",19251,"bn-46-battery-for-mi-note-6-note-8-redmi-7-redmi-y3"
"https://abhaytechnicals.com/shop/bn-37-battery-for-redmi-6-redmi-6a/","/products/bn-37-battery-for-redmi-6-redmi-6a",19252,"bn-37-battery-for-redmi-6-redmi-6a"
"https://abhaytechnicals.com/shop/itel-24-in-2-4-size-l-c-d/","/products/itel-24-in-2-4-size-l-c-d",19521,"itel-24-in-2-4-size-l-c-d"
"https://abhaytechnicals.com/shop/samsung-a12-sim-holder/","/products/samsung-a12-sim-holder",19522,"samsung-a12-sim-holder"
"https://abhaytechnicals.com/shop/vivo-s1-l-c-d-flex/","/products/vivo-s1-l-c-d-flex",19523,"vivo-s1-l-c-d-flex"
"https://abhaytechnicals.com/shop/itel-vision-5-og-cc-flex/","/products/itel-vision-5-og-cc-flex",19524,"itel-vision-5-og-cc-flex"
"https://abhaytechnicals.com/shop/samsung-a06-finger-sensor-100-working/","/products/samsung-a06-finger-sensor-100-working",19525,"samsung-a06-finger-sensor-100-working"
"https://abhaytechnicals.com/shop/mi-note-10-5g-on-off-flex/","/products/mi-note-10-5g-on-off-flex",19526,"mi-note-10-5g-on-off-flex"
"https://abhaytechnicals.com/shop/lava-z3-middil-panel/","/products/lava-z3-middil-panel",19527,"lava-z3-middil-panel"
"https://abhaytechnicals.com/shop/mi-10i-middil-panel/","/products/mi-10i-middil-panel",19528,"mi-10i-middil-panel"
"https://abhaytechnicals.com/shop/vivo-v15-middil-panel/","/products/vivo-v15-middil-panel",19529,"vivo-v15-middil-panel"
"https://abhaytechnicals.com/shop/vivo-s1-ring-back-panel/","/products/vivo-s1-ring-back-panel",19530,"vivo-s1-ring-back-panel"
"https://abhaytechnicals.com/shop/oppo-a15-ring-back-panel/","/products/oppo-a15-ring-back-panel",19531,"oppo-a15-ring-back-panel"
"https://abhaytechnicals.com/shop/vivo-s1-pro-ring-back-panel/","/products/vivo-s1-pro-ring-back-panel",19532,"vivo-s1-pro-ring-back-panel"
"https://abhaytechnicals.com/shop/redmi-9c-back-panel/","/products/redmi-9c-back-panel",19533,"redmi-9c-back-panel"
"https://abhaytechnicals.com/shop/oppo-a7-back-panel/","/products/oppo-a7-back-panel",19534,"oppo-a7-back-panel"
"https://abhaytechnicals.com/shop/benco-v60-back-panel/","/products/benco-v60-back-panel",19539,"benco-v60-back-panel"
"https://abhaytechnicals.com/shop/tecno-spark-5-pro-back-panel/","/products/tecno-spark-5-pro-back-panel",19540,"tecno-spark-5-pro-back-panel"
"https://abhaytechnicals.com/shop/vivo-y18e-back-panel/","/products/vivo-y18e-back-panel",19541,"vivo-y18e-back-panel"
"https://abhaytechnicals.com/shop/mi-go-back-panel/","/products/mi-go-back-panel",19542,"mi-go-back-panel"
"https://abhaytechnicals.com/shop/realme-7-ring-back-panel/","/products/realme-7-ring-back-panel",19543,"realme-7-ring-back-panel"
"https://abhaytechnicals.com/shop/vivo-y200-back-panel-blue/","/products/vivo-y200-back-panel-blue",19544,"vivo-y200-back-panel-blue"
"https://abhaytechnicals.com/shop/mi-note-11-pro-back-panel/","/products/mi-note-11-pro-back-panel",19545,"mi-note-11-pro-back-panel"
"https://abhaytechnicals.com/shop/vivo-y200-back-panel-gold/","/products/vivo-y200-back-panel-gold",19546,"vivo-y200-back-panel-gold"
"https://abhaytechnicals.com/shop/vivo-y200-back-panel-black/","/products/vivo-y200-back-panel-black",19547,"vivo-y200-back-panel-black"
"https://abhaytechnicals.com/shop/mi-a1-new-back-panel/","/products/mi-a1-new-back-panel",19548,"mi-a1-new-back-panel"
"https://abhaytechnicals.com/shop/redmi-12-4g-ring-back-panel/","/products/redmi-12-4g-ring-back-panel",19560,"redmi-12-4g-ring-back-panel"
"https://abhaytechnicals.com/shop/oppo-f7-back-panel-2/","/products/oppo-f7-back-panel-2",19561,"oppo-f7-back-panel-2"
"https://abhaytechnicals.com/shop/oppo-f11-pro-back-panel/","/products/oppo-f11-pro-back-panel",19562,"oppo-f11-pro-back-panel"
"https://abhaytechnicals.com/shop/oppo-a57-new-back-panel/","/products/oppo-a57-new-back-panel",19563,"oppo-a57-new-back-panel"
"https://abhaytechnicals.com/shop/realme-10-back-panel/","/products/realme-10-back-panel",19564,"realme-10-back-panel"
"https://abhaytechnicals.com/shop/realme-narzo-n65-back-panel/","/products/realme-narzo-n65-back-panel",19565,"realme-narzo-n65-back-panel"
"https://abhaytechnicals.com/shop/vivo-v29-pro-back-panel-blue/","/products/vivo-v29-pro-back-panel-blue",19566,"vivo-v29-pro-back-panel-blue"
"https://abhaytechnicals.com/shop/mi-note-14-5g-back-panel/","/products/mi-note-14-5g-back-panel",19567,"mi-note-14-5g-back-panel"
"https://abhaytechnicals.com/shop/oppo-a5-back-panel/","/products/oppo-a5-back-panel",19568,"oppo-a5-back-panel"
"https://abhaytechnicals.com/shop/keypaid-phone-type-c-16-pin-l6-ver-2/","/products/keypaid-phone-type-c-16-pin-l6-ver-2",19576,"keypaid-phone-type-c-16-pin-l6-ver-2"
"https://abhaytechnicals.com/shop/keypaid-phone-type-c-16-pin-l6-ver-1/","/products/keypaid-phone-type-c-16-pin-l6-ver-1",19577,"keypaid-phone-type-c-16-pin-l6-ver-1"
"https://abhaytechnicals.com/shop/keypaid-phone-type-c-16-pin-l7-ver-1/","/products/keypaid-phone-type-c-16-pin-l7-ver-1",19579,"keypaid-phone-type-c-16-pin-l7-ver-1"
"https://abhaytechnicals.com/shop/keypaid-phone-type-c-16-pin-l7-ver-2/","/products/keypaid-phone-type-c-16-pin-l7-ver-2",19585,"keypaid-phone-type-c-16-pin-l7-ver-2"
"https://abhaytechnicals.com/shop/blp-a17-battery-for-realme-c53-c67-c65-realme-12-5g-realme-12x-narzo-n53/","/products/blp-a17-battery-for-realme-c53-c67-c65-realme-12-5g-realme-12x-narzo-n53",19785,"blp-a17-battery-for-realme-c53-c67-c65-realme-12-5g-realme-12x-narzo-n53"
"https://abhaytechnicals.com/shop/b-w1-battery-for-vivo-y02-y35-t2x/","/products/b-w1-battery-for-vivo-y02-y35-t2x",19786,"b-w1-battery-for-vivo-y02-y35-t2x"
"https://abhaytechnicals.com/shop/b-o8-battery-for-vivo-y52s-y31-2021-y51-2020-y31s-y53s-y72/","/products/b-o8-battery-for-vivo-y52s-y31-2021-y51-2020-y31s-y53s-y72",19787,"b-o8-battery-for-vivo-y52s-y31-2021-y51-2020-y31s-y53s-y72"
"https://abhaytechnicals.com/shop/bn5r-battery-for-redmi-a3-new-poco-c61-mi-a3x/","/products/bn5r-battery-for-redmi-a3-new-poco-c61-mi-a3x",19788,"bn5r-battery-for-redmi-a3-new-poco-c61-mi-a3x"
"https://abhaytechnicals.com/shop/blp-877-battery-for-realme-8i-realme-8-c30-c31-c33-c35/","/products/blp-877-battery-for-realme-8i-realme-8-c30-c31-c33-c35",19808,"blp-877-battery-for-realme-8i-realme-8-c30-c31-c33-c35"
"https://abhaytechnicals.com/shop/oppo-a7-on-off-flex/","/products/oppo-a7-on-off-flex",19843,"oppo-a7-on-off-flex"
"https://abhaytechnicals.com/shop/oppo-a96-on-off-flex/","/products/oppo-a96-on-off-flex",19844,"oppo-a96-on-off-flex"
"https://abhaytechnicals.com/shop/oneplus-8-on-off/","/products/oneplus-8-on-off",19845,"oneplus-8-on-off"
"https://abhaytechnicals.com/shop/smart-7-hd-og-cc-flex/","/products/smart-7-hd-og-cc-flex",20044,"smart-7-hd-og-cc-flex"
"https://abhaytechnicals.com/shop/smart-8-og-cc-flex/","/products/smart-8-og-cc-flex",20045,"smart-8-og-cc-flex"
"https://abhaytechnicals.com/shop/one-plus-6-og-cc-flex/","/products/one-plus-6-og-cc-flex",20046,"one-plus-6-og-cc-flex"
"https://abhaytechnicals.com/shop/realme-9-pro-og-cc-flex/","/products/realme-9-pro-og-cc-flex",20047,"realme-9-pro-og-cc-flex"
"https://abhaytechnicals.com/shop/vivo-v7-og-cc-flex/","/products/vivo-v7-og-cc-flex",20048,"vivo-v7-og-cc-flex"
"https://abhaytechnicals.com/shop/itel-p55-og-cc-flex/","/products/itel-p55-og-cc-flex",20049,"itel-p55-og-cc-flex"
"https://abhaytechnicals.com/shop/vivo-v21-5g-back-panel-purpal/","/products/vivo-v21-5g-back-panel-purpal",20282,"vivo-v21-5g-back-panel-purpal"
"https://abhaytechnicals.com/shop/vivo-v30e-back-panel-blue/","/products/vivo-v30e-back-panel-blue",20284,"vivo-v30e-back-panel-blue"
"https://abhaytechnicals.com/shop/mi-note-12-pro-5g-back-panel/","/products/mi-note-12-pro-5g-back-panel",20352,"mi-note-12-pro-5g-back-panel"
"https://abhaytechnicals.com/shop/mi-a3-new-back-panel/","/products/mi-a3-new-back-panel",20353,"mi-a3-new-back-panel"
"https://abhaytechnicals.com/shop/mi-11-pro-back-panel/","/products/mi-11-pro-back-panel",20354,"mi-11-pro-back-panel"
"https://abhaytechnicals.com/shop/infinix-hot-10-back-panel/","/products/infinix-hot-10-back-panel",20362,"infinix-hot-10-back-panel"
"https://abhaytechnicals.com/shop/lava-yuwa-pro-back-panel-2/","/products/lava-yuwa-pro-back-panel-2",20363,"lava-yuwa-pro-back-panel-2"
"https://abhaytechnicals.com/shop/realme-c11-2020-back-panel/","/products/realme-c11-2020-back-panel",20364,"realme-c11-2020-back-panel"
"https://abhaytechnicals.com/shop/realme-14x-ringback-panel/","/products/realme-14x-ringback-panel",20365,"realme-14x-ringback-panel"
"https://abhaytechnicals.com/shop/moto-g14-back-panel-black/","/products/moto-g14-back-panel-black",20377,"moto-g14-back-panel-black"
"https://abhaytechnicals.com/shop/moto-g62-back-panel-black/","/products/moto-g62-back-panel-black",20378,"moto-g62-back-panel-black"
"https://abhaytechnicals.com/shop/moto-g62-back-panel-white/","/products/moto-g62-back-panel-white",20379,"moto-g62-back-panel-white"
"https://abhaytechnicals.com/shop/moto-g34-back-panel-black/","/products/moto-g34-back-panel-black",20381,"moto-g34-back-panel-black"
"https://abhaytechnicals.com/shop/moto-g34-back-panel-blue/","/products/moto-g34-back-panel-blue",20382,"moto-g34-back-panel-blue"
"https://abhaytechnicals.com/shop/moto-g54-back-panel-blue/","/products/moto-g54-back-panel-blue",20383,"moto-g54-back-panel-blue"
"https://abhaytechnicals.com/shop/moto-g54-back-panel-green/","/products/moto-g54-back-panel-green",20384,"moto-g54-back-panel-green"
"https://abhaytechnicals.com/shop/moto-eade-40-back-panel-blue/","/products/moto-eade-40-back-panel-blue",20385,"moto-eade-40-back-panel-blue"
"https://abhaytechnicals.com/shop/moto-eade-40-back-panel-green/","/products/moto-eade-40-back-panel-green",20386,"moto-eade-40-back-panel-green"
"https://abhaytechnicals.com/shop/moto-eade-40-back-panel-red/","/products/moto-eade-40-back-panel-red",20387,"moto-eade-40-back-panel-red"
"https://abhaytechnicals.com/shop/moto-eade-40-back-panel-black/","/products/moto-eade-40-back-panel-black",20388,"moto-eade-40-back-panel-black"
"https://abhaytechnicals.com/shop/moto-edge-30-back-panel-blue/","/products/moto-edge-30-back-panel-blue",20389,"moto-edge-30-back-panel-blue"
"https://abhaytechnicals.com/shop/moto-edge-30-back-panel-black/","/products/moto-edge-30-back-panel-black",20390,"moto-edge-30-back-panel-black"
"https://abhaytechnicals.com/shop/moto-edge-40-neo-back-panel-black/","/products/moto-edge-40-neo-back-panel-black",20391,"moto-edge-40-neo-back-panel-black"
"https://abhaytechnicals.com/shop/moto-edge-40-neo-back-panel-blue/","/products/moto-edge-40-neo-back-panel-blue",20392,"moto-edge-40-neo-back-panel-blue"
"https://abhaytechnicals.com/shop/moto-edge-40-neo-back-panel-green/","/products/moto-edge-40-neo-back-panel-green",20393,"moto-edge-40-neo-back-panel-green"
"https://abhaytechnicals.com/shop/moto-edge-60-fusition-back-panel-green/","/products/moto-edge-60-fusition-back-panel-green",20394,"moto-edge-60-fusition-back-panel-green"
"https://abhaytechnicals.com/shop/moto-edge-60-fusition-back-panel-pink/","/products/moto-edge-60-fusition-back-panel-pink",20395,"moto-edge-60-fusition-back-panel-pink"
"https://abhaytechnicals.com/shop/moto-edge-60-fusition-back-panel-purple/","/products/moto-edge-60-fusition-back-panel-purple",20396,"moto-edge-60-fusition-back-panel-purple"
"https://abhaytechnicals.com/shop/moto-g04-back-panel-purple/","/products/moto-g04-back-panel-purple",20397,"moto-g04-back-panel-purple"
"https://abhaytechnicals.com/shop/moto-g04-back-panel-red/","/products/moto-g04-back-panel-red",20398,"moto-g04-back-panel-red"
"https://abhaytechnicals.com/shop/moto-g04-back-panel-blue/","/products/moto-g04-back-panel-blue",20399,"moto-g04-back-panel-blue"
"https://abhaytechnicals.com/shop/moto-g04-back-panel-green/","/products/moto-g04-back-panel-green",20400,"moto-g04-back-panel-green"
"https://abhaytechnicals.com/shop/moto-g85-back-panel-blue/","/products/moto-g85-back-panel-blue",20401,"moto-g85-back-panel-blue"
"https://abhaytechnicals.com/shop/moto-g85-back-panel-red/","/products/moto-g85-back-panel-red",20402,"moto-g85-back-panel-red"
"https://abhaytechnicals.com/shop/moto-g85-back-panel-black/","/products/moto-g85-back-panel-black",20403,"moto-g85-back-panel-black"
"https://abhaytechnicals.com/shop/moto-g64-back-panel-blue/","/products/moto-g64-back-panel-blue",20404,"moto-g64-back-panel-blue"
"https://abhaytechnicals.com/shop/moto-g64-back-panel-green/","/products/moto-g64-back-panel-green",20405,"moto-g64-back-panel-green"
"https://abhaytechnicals.com/shop/moto-g64-back-panel-purple/","/products/moto-g64-back-panel-purple",20406,"moto-g64-back-panel-purple"
"https://abhaytechnicals.com/shop/moto-e13-back-panel-white/","/products/moto-e13-back-panel-white",20407,"moto-e13-back-panel-white"
"https://abhaytechnicals.com/shop/moto-e13-back-panel-black/","/products/moto-e13-back-panel-black",20408,"moto-e13-back-panel-black"
"https://abhaytechnicals.com/shop/moto-e13-back-panel-blue/","/products/moto-e13-back-panel-blue",20409,"moto-e13-back-panel-blue"
"https://abhaytechnicals.com/shop/40-power-l-c-d/","/products/40-power-l-c-d",20464,"40-power-l-c-d"
"https://abhaytechnicals.com/shop/1nord-ce4-main-flex/","/products/1nord-ce4-main-flex",20491,"1nord-ce4-main-flex"
"https://abhaytechnicals.com/shop/realme-2-display-conector/","/products/realme-2-display-conector",20492,"realme-2-display-conector"
"https://abhaytechnicals.com/shop/vivo-v21e-5g-display-conector/","/products/vivo-v21e-5g-display-conector",20493,"vivo-v21e-5g-display-conector"
"https://abhaytechnicals.com/shop/mi-note12-5g-camera-glass/","/products/mi-note12-5g-camera-glass",20494,"mi-note12-5g-camera-glass"
"https://abhaytechnicals.com/shop/mi-a3-new-poco-c61-with-frame/","/products/mi-a3-new-poco-c61-with-frame",20517,"mi-a3-new-poco-c61-with-frame"
"https://abhaytechnicals.com/shop/oppo-a5-2020-a9-2020-finger-sensor/","/products/oppo-a5-2020-a9-2020-finger-sensor",20520,"oppo-a5-2020-a9-2020-finger-sensor"
"https://abhaytechnicals.com/shop/jio-17-pin-1-8-l-c-d/","/products/jio-17-pin-1-8-l-c-d",20524,"jio-17-pin-1-8-l-c-d"
"https://abhaytechnicals.com/shop/lava-a5-24-pin-2-4-l-c-d/","/products/lava-a5-24-pin-2-4-l-c-d",20525,"lava-a5-24-pin-2-4-l-c-d"
"https://abhaytechnicals.com/shop/kechaoda-14-pin-2-4-l-c-d/","/products/kechaoda-14-pin-2-4-l-c-d",20526,"kechaoda-14-pin-2-4-l-c-d"
"https://abhaytechnicals.com/shop/mi-10-prime-back-panel/","/products/mi-10-prime-back-panel",20534,"mi-10-prime-back-panel"
"https://abhaytechnicals.com/shop/vivo-y53-2020-camera-glass/","/products/vivo-y53-2020-camera-glass",20602,"vivo-y53-2020-camera-glass"
"https://abhaytechnicals.com/shop/realme-c67-5g-main-flex/","/products/realme-c67-5g-main-flex",20609,"realme-c67-5g-main-flex"
"https://abhaytechnicals.com/shop/honor-9x-on-off-flex/","/products/honor-9x-on-off-flex",20710,"honor-9x-on-off-flex"
"https://abhaytechnicals.com/shop/oppo-a18-new-on-off-flex/","/products/oppo-a18-new-on-off-flex",20711,"oppo-a18-new-on-off-flex"
"https://abhaytechnicals.com/shop/mi-note-11-pro-on-off-flex-2/","/products/mi-note-11-pro-on-off-flex-2",20712,"mi-note-11-pro-on-off-flex-2"
"https://abhaytechnicals.com/shop/oppo-f21-pro-4g-on-off-flex/","/products/oppo-f21-pro-4g-on-off-flex",20713,"oppo-f21-pro-4g-on-off-flex"
"https://abhaytechnicals.com/shop/oppo-a74-5g-on-off-flex/","/products/oppo-a74-5g-on-off-flex",20714,"oppo-a74-5g-on-off-flex"
"https://abhaytechnicals.com/shop/realme-11-pro-plus-middle-panel/","/products/realme-11-pro-plus-middle-panel",21454,"realme-11-pro-plus-middle-panel"
"https://abhaytechnicals.com/shop/force-pc60-battery-for-moto-g54-5g-moto-g54-power/","/products/force-pc60-battery-for-moto-g54-5g-moto-g54-power",21461,"force-pc60-battery-for-moto-g54-5g-moto-g54-power"
"https://abhaytechnicals.com/shop/force-blp721-battery-for-realme-c2-oppo-a1k/","/products/force-blp721-battery-for-realme-c2-oppo-a1k",21476,"force-blp721-battery-for-realme-c2-oppo-a1k"
"https://abhaytechnicals.com/shop/force-bl-58bt-battery-for-tecno-smartphones/","/products/force-bl-58bt-battery-for-tecno-smartphones",21477,"force-bl-58bt-battery-for-tecno-smartphones"
"https://abhaytechnicals.com/shop/force-ne50-battery-for-moto-g52-moto-g72-moto-g82-5g/","/products/force-ne50-battery-for-moto-g52-moto-g72-moto-g82-5g",21483,"force-ne50-battery-for-moto-g52-moto-g72-moto-g82-5g"
"https://abhaytechnicals.com/shop/force-ng50-battery-for-moto-g71-5g-moto-g62/","/products/force-ng50-battery-for-moto-g71-5g-moto-g62",21485,"force-ng50-battery-for-moto-g71-5g-moto-g62"
"https://abhaytechnicals.com/shop/force-b-w3-battery-for-vivo-y22-vivo-y22s/","/products/force-b-w3-battery-for-vivo-y22-vivo-y22s",21486,"force-b-w3-battery-for-vivo-y22-vivo-y22s"
"https://abhaytechnicals.com/shop/force-nd50-battery-for-moto-g31-moto-g42-moto-g62-5g/","/products/force-nd50-battery-for-moto-g31-moto-g42-moto-g62-5g",21489,"force-nd50-battery-for-moto-g31-moto-g42-moto-g62-5g"
"https://abhaytechnicals.com/shop/force-ng50-battery-for-moto-g71-5g-moto-g62-2/","/products/force-ng50-battery-for-moto-g71-5g-moto-g62-2",21490,"force-ng50-battery-for-moto-g71-5g-moto-g62-2"
"https://abhaytechnicals.com/shop/force-jk50-battery-for-motorola-smartphones/","/products/force-jk50-battery-for-motorola-smartphones",21492,"force-jk50-battery-for-motorola-smartphones"
"https://abhaytechnicals.com/shop/force-b-w3-battery-for-vivo-y22-vivo-y22s-2/","/products/force-b-w3-battery-for-vivo-y22-vivo-y22s-2",21493,"force-b-w3-battery-for-vivo-y22-vivo-y22s-2"
"https://abhaytechnicals.com/shop/force-bn4a-battery-for-mi-note-7-mi-note-7s-mi-note-7-pro/","/products/force-bn4a-battery-for-mi-note-7-mi-note-7s-mi-note-7-pro",21494,"force-bn4a-battery-for-mi-note-7-mi-note-7s-mi-note-7-pro"
"https://abhaytechnicals.com/shop/force-nh50-battery-for-moto-g22-moto-g13-moto-g53-5g-moto-e13-moto-e32/","/products/force-nh50-battery-for-moto-g22-moto-g13-moto-g53-5g-moto-e13-moto-e32",21501,"force-nh50-battery-for-moto-g22-moto-g13-moto-g53-5g-moto-e13-moto-e32"
"https://abhaytechnicals.com/shop/force-bn45-battery-for-mi-note-5-pro/","/products/force-bn45-battery-for-mi-note-5-pro",21502,"force-bn45-battery-for-mi-note-5-pro"
"https://abhaytechnicals.com/shop/force-bn63-battery-for-redmi-10-mi-10-prime/","/products/force-bn63-battery-for-redmi-10-mi-10-prime",21503,"force-bn63-battery-for-redmi-10-mi-10-prime"
"https://abhaytechnicals.com/shop/vivo-y28-4g-on-off-flex/","/products/vivo-y28-4g-on-off-flex",21658,"vivo-y28-4g-on-off-flex"
"https://abhaytechnicals.com/shop/oneplus-nord-2-side-rubber-key/","/products/oneplus-nord-2-side-rubber-key",21746,"oneplus-nord-2-side-rubber-key"
"https://abhaytechnicals.com/shop/oneplus-nord-ce-4-lite-side-rubber-key/","/products/oneplus-nord-ce-4-lite-side-rubber-key",21747,"oneplus-nord-ce-4-lite-side-rubber-key"
"https://abhaytechnicals.com/shop/oneplus-nord-ce-2-side-rubber-key/","/products/oneplus-nord-ce-2-side-rubber-key",21748,"oneplus-nord-ce-2-side-rubber-key"
"https://abhaytechnicals.com/shop/tecno-spark-6-air-side-rubber-key/","/products/tecno-spark-6-air-side-rubber-key",21750,"tecno-spark-6-air-side-rubber-key"
"https://abhaytechnicals.com/shop/infinix-smart-hd-side-rubber-key/","/products/infinix-smart-hd-side-rubber-key",21751,"infinix-smart-hd-side-rubber-key"
"https://abhaytechnicals.com/shop/infinix-hot-11s-side-rubber-key/","/products/infinix-hot-11s-side-rubber-key",21752,"infinix-hot-11s-side-rubber-key"
"https://abhaytechnicals.com/shop/tecno-ke5-side-rubber-key/","/products/tecno-ke5-side-rubber-key",21754,"tecno-ke5-side-rubber-key"
"https://abhaytechnicals.com/shop/infinix-hot-10-side-rubber-key/","/products/infinix-hot-10-side-rubber-key",21755,"infinix-hot-10-side-rubber-key"
"https://abhaytechnicals.com/shop/tecno-spark-7-side-rubber-key/","/products/tecno-spark-7-side-rubber-key",21756,"tecno-spark-7-side-rubber-key"
"https://abhaytechnicals.com/shop/mi-note-10-pro-side-rubber-key/","/products/mi-note-10-pro-side-rubber-key",21757,"mi-note-10-pro-side-rubber-key"
"https://abhaytechnicals.com/shop/mi-a3-new-side-rubber-key/","/products/mi-a3-new-side-rubber-key",21758,"mi-a3-new-side-rubber-key"
"https://abhaytechnicals.com/shop/mi-a1-new-side-rubber-key/","/products/mi-a1-new-side-rubber-key",21759,"mi-a1-new-side-rubber-key"
"https://abhaytechnicals.com/shop/mi-13c-side-rubber-key/","/products/mi-13c-side-rubber-key",21760,"mi-13c-side-rubber-key"
"https://abhaytechnicals.com/shop/mi-note-12-side-rubber-key/","/products/mi-note-12-side-rubber-key",21761,"mi-note-12-side-rubber-key"
"https://abhaytechnicals.com/shop/mi-a5-new-5g-side-rubber-key/","/products/mi-a5-new-5g-side-rubber-key",21762,"mi-a5-new-5g-side-rubber-key"
"https://abhaytechnicals.com/shop/mi-12-5g-side-rubber-key/","/products/mi-12-5g-side-rubber-key",21763,"mi-12-5g-side-rubber-key"
"https://abhaytechnicals.com/shop/side-rubber-key-lock-for-mi-note-7-mi-note-7-pro-mi-note-8/","/products/side-rubber-key-lock-for-mi-note-7-mi-note-7-pro-mi-note-8",21765,"side-rubber-key-lock-for-mi-note-7-mi-note-7-pro-mi-note-8"
"https://abhaytechnicals.com/shop/oppo-f21-pro-side-rubber-key/","/products/oppo-f21-pro-side-rubber-key",21766,"oppo-f21-pro-side-rubber-key"
"https://abhaytechnicals.com/shop/oppo-f19-pro-side-rubber-key/","/products/oppo-f19-pro-side-rubber-key",21767,"oppo-f19-pro-side-rubber-key"
"https://abhaytechnicals.com/shop/oppo-a3x-side-rubber-key/","/products/oppo-a3x-side-rubber-key",21768,"oppo-a3x-side-rubber-key"
"https://abhaytechnicals.com/shop/oppo-k12x-side-rubber-key/","/products/oppo-k12x-side-rubber-key",21770,"oppo-k12x-side-rubber-key"
"https://abhaytechnicals.com/shop/oppo-f17-side-rubber-key/","/products/oppo-f17-side-rubber-key",21771,"oppo-f17-side-rubber-key"
"https://abhaytechnicals.com/shop/realme-9i-5g-side-rubber-key/","/products/realme-9i-5g-side-rubber-key",21772,"realme-9i-5g-side-rubber-key"
"https://abhaytechnicals.com/shop/ppo-f15-side-rubber-key/","/products/ppo-f15-side-rubber-key",21773,"ppo-f15-side-rubber-key"
"https://abhaytechnicals.com/shop/realme-8-5g-side-rubber-key/","/products/realme-8-5g-side-rubber-key",21774,"realme-8-5g-side-rubber-key"
"https://abhaytechnicals.com/shop/vivo-y19-5g-side-rubber-key/","/products/vivo-y19-5g-side-rubber-key",22105,"vivo-y19-5g-side-rubber-key"
"https://abhaytechnicals.com/shop/vivo-y100-side-rubber-key/","/products/vivo-y100-side-rubber-key",22106,"vivo-y100-side-rubber-key"
"https://abhaytechnicals.com/shop/vivo-y02-side-rubber-key/","/products/vivo-y02-side-rubber-key",22107,"vivo-y02-side-rubber-key"
"https://abhaytechnicals.com/shop/vivo-y04-side-rubber-key/","/products/vivo-y04-side-rubber-key",22108,"vivo-y04-side-rubber-key"
"https://abhaytechnicals.com/shop/vivo-y200-side-rubber-key/","/products/vivo-y200-side-rubber-key",22109,"vivo-y200-side-rubber-key"
"https://abhaytechnicals.com/shop/vivo-t1-5g-side-rubber-key/","/products/vivo-t1-5g-side-rubber-key",22110,"vivo-t1-5g-side-rubber-key"
"https://abhaytechnicals.com/shop/vivo-s1-side-rubber-key/","/products/vivo-s1-side-rubber-key",22111,"vivo-s1-side-rubber-key"
"https://abhaytechnicals.com/shop/vivo-v20-side-rubber-key/","/products/vivo-v20-side-rubber-key",22114,"vivo-v20-side-rubber-key"
"https://abhaytechnicals.com/shop/vivo-y03-side-rubber-key/","/products/vivo-y03-side-rubber-key",22115,"vivo-y03-side-rubber-key"
"https://abhaytechnicals.com/shop/samsung-a03s-side-rubber-key/","/products/samsung-a03s-side-rubber-key",22116,"samsung-a03s-side-rubber-key"
"https://abhaytechnicals.com/shop/moto-g35-side-rubber-key/","/products/moto-g35-side-rubber-key",22118,"moto-g35-side-rubber-key"
"https://abhaytechnicals.com/shop/moto-g24-side-rubber-key/","/products/moto-g24-side-rubber-key",22119,"moto-g24-side-rubber-key"
"https://abhaytechnicals.com/shop/samsung-galaxy-a22-5g-back-panel-housing-with-middle-frame-ring/","/products/samsung-galaxy-a22-5g-back-panel-housing-with-middle-frame-ring",22770,"samsung-galaxy-a22-5g-back-panel-housing-with-middle-frame-ring"
"https://abhaytechnicals.com/shop/oppo-a59-5g-side-key-button-set/","/products/oppo-a59-5g-side-key-button-set",23705,"oppo-a59-5g-side-key-button-set"
"https://abhaytechnicals.com/shop/oppo-a78-5g-side-key-button-set/","/products/oppo-a78-5g-side-key-button-set",23706,"oppo-a78-5g-side-key-button-set"
"https://abhaytechnicals.com/shop/oppo-a96-side-key-button-set/","/products/oppo-a96-side-key-button-set",23707,"oppo-a96-side-key-button-set"
"https://abhaytechnicals.com/shop/oppo-reno-4-side-key-button-set/","/products/oppo-reno-4-side-key-button-set",23708,"oppo-reno-4-side-key-button-set"
"https://abhaytechnicals.com/shop/oppo-a73-side-key-button-set/","/products/oppo-a73-side-key-button-set",23709,"oppo-a73-side-key-button-set"
"https://abhaytechnicals.com/shop/oppo-k5-side-key-button-set/","/products/oppo-k5-side-key-button-set",23710,"oppo-k5-side-key-button-set"
"https://abhaytechnicals.com/shop/oppo-reno-9-pro-side-key-button-set/","/products/oppo-reno-9-pro-side-key-button-set",23711,"oppo-reno-9-pro-side-key-button-set"
"https://abhaytechnicals.com/shop/oppo-a79-5g-side-key-button-set/","/products/oppo-a79-5g-side-key-button-set",23712,"oppo-a79-5g-side-key-button-set"
"https://abhaytechnicals.com/shop/oppo-k3-side-key-button-set/","/products/oppo-k3-side-key-button-set",23713,"oppo-k3-side-key-button-set"
"https://abhaytechnicals.com/shop/oppo-a76-side-key-button-set/","/products/oppo-a76-side-key-button-set",23714,"oppo-a76-side-key-button-set"
"https://abhaytechnicals.com/shop/oppo-a16-oppo-a54-side-key-button-set/","/products/oppo-a16-oppo-a54-side-key-button-set",23715,"oppo-a16-oppo-a54-side-key-button-set"
"https://abhaytechnicals.com/shop/oppo-k10-side-key-button-set/","/products/oppo-k10-side-key-button-set",23716,"oppo-k10-side-key-button-set"
"https://abhaytechnicals.com/shop/oppo-k1-side-key-button-set/","/products/oppo-k1-side-key-button-set",23717,"oppo-k1-side-key-button-set"
"https://abhaytechnicals.com/shop/oppo-reno-10-pro-side-key-button-set/","/products/oppo-reno-10-pro-side-key-button-set",23718,"oppo-reno-10-pro-side-key-button-set"
"https://abhaytechnicals.com/shop/oppo-reno-8t-side-key-button-set/","/products/oppo-reno-8t-side-key-button-set",23719,"oppo-reno-8t-side-key-button-set"
"https://abhaytechnicals.com/shop/oppo-a38-side-key-button-set/","/products/oppo-a38-side-key-button-set",23720,"oppo-a38-side-key-button-set"
"https://abhaytechnicals.com/shop/oppo-f27-5g-side-key-button-set/","/products/oppo-f27-5g-side-key-button-set",23721,"oppo-f27-5g-side-key-button-set"
"https://abhaytechnicals.com/shop/oppo-a58-side-key-button-set/","/products/oppo-a58-side-key-button-set",23722,"oppo-a58-side-key-button-set"
"https://abhaytechnicals.com/shop/oppo-a18-side-key-button-set/","/products/oppo-a18-side-key-button-set",23723,"oppo-a18-side-key-button-set"
"https://abhaytechnicals.com/shop/oppo-a72-5g-side-key-button-set/","/products/oppo-a72-5g-side-key-button-set",23724,"oppo-a72-5g-side-key-button-set"
"https://abhaytechnicals.com/shop/oppo-f29-pro-5g-side-key-button-set/","/products/oppo-f29-pro-5g-side-key-button-set",23725,"oppo-f29-pro-5g-side-key-button-set"
"https://abhaytechnicals.com/shop/oppo-reno-3-pro-side-key-button-set/","/products/oppo-reno-3-pro-side-key-button-set",23726,"oppo-reno-3-pro-side-key-button-set"
"https://abhaytechnicals.com/shop/oppo-reno-6-pro-side-key-button-set/","/products/oppo-reno-6-pro-side-key-button-set",23727,"oppo-reno-6-pro-side-key-button-set"
"https://abhaytechnicals.com/shop/oppo-reno-12-side-key-button-set/","/products/oppo-reno-12-side-key-button-set",23728,"oppo-reno-12-side-key-button-set"
"https://abhaytechnicals.com/shop/oppo-f25-pro-side-key-button-set/","/products/oppo-f25-pro-side-key-button-set",23729,"oppo-f25-pro-side-key-button-set"
"https://abhaytechnicals.com/shop/oppo-reno-5-side-key-button-set/","/products/oppo-reno-5-side-key-button-set",23730,"oppo-reno-5-side-key-button-set"
"https://abhaytechnicals.com/shop/oppo-reno-4-pro-side-key-button-set/","/products/oppo-reno-4-pro-side-key-button-set",23731,"oppo-reno-4-pro-side-key-button-set"
"https://abhaytechnicals.com/shop/oppo-reno-10-side-key-button-set/","/products/oppo-reno-10-side-key-button-set",23732,"oppo-reno-10-side-key-button-set"
"https://abhaytechnicals.com/shop/oppo-reno-11-pro-side-key-button-set/","/products/oppo-reno-11-pro-side-key-button-set",23733,"oppo-reno-11-pro-side-key-button-set"
"https://abhaytechnicals.com/shop/oppo-reno-2-side-key-button-set/","/products/oppo-reno-2-side-key-button-set",23734,"oppo-reno-2-side-key-button-set"
"https://abhaytechnicals.com/shop/jiophone-next-side-key-button-set/","/products/jiophone-next-side-key-button-set",23735,"jiophone-next-side-key-button-set"
"https://abhaytechnicals.com/shop/oppo-reno-5-pro-side-key-button-set/","/products/oppo-reno-5-pro-side-key-button-set",23740,"oppo-reno-5-pro-side-key-button-set"
"https://abhaytechnicals.com/shop/oppo-f21-pro-side-key-button-set/","/products/oppo-f21-pro-side-key-button-set",23741,"oppo-f21-pro-side-key-button-set"
"https://abhaytechnicals.com/shop/oppo-reno-7-side-key-button-set/","/products/oppo-reno-7-side-key-button-set",23742,"oppo-reno-7-side-key-button-set"
"https://abhaytechnicals.com/shop/oppo-a52-side-key-button-set/","/products/oppo-a52-side-key-button-set",23743,"oppo-a52-side-key-button-set"
"https://abhaytechnicals.com/shop/oppo-k12x-side-key-button-set/","/products/oppo-k12x-side-key-button-set",23744,"oppo-k12x-side-key-button-set"
"https://abhaytechnicals.com/shop/oppo-f29-5g-side-key-button-set/","/products/oppo-f29-5g-side-key-button-set",23745,"oppo-f29-5g-side-key-button-set"
"https://abhaytechnicals.com/shop/oppo-a74-side-key-button-set/","/products/oppo-a74-side-key-button-set",23746,"oppo-a74-side-key-button-set"
"https://abhaytechnicals.com/shop/oppo-reno-8-side-key-button-set/","/products/oppo-reno-8-side-key-button-set",23747,"oppo-reno-8-side-key-button-set"
"https://abhaytechnicals.com/shop/oppo-reno-8-pro-side-key-button-set/","/products/oppo-reno-8-pro-side-key-button-set",23748,"oppo-reno-8-pro-side-key-button-set"
"https://abhaytechnicals.com/shop/vivo-y11-5g-mystic-blue-4gb-ram-64gb-storage/","/products/vivo-y11-5g-mystic-blue-4gb-ram-64gb-storage",23775,"vivo-y11-5g-mystic-blue-4gb-ram-64gb-storage"
"https://abhaytechnicals.com/shop/vivo-y11-5g-cosmic-gold-4gb-ram-64gb-storage/","/products/vivo-y11-5g-cosmic-gold-4gb-ram-64gb-storage",23778,"vivo-y11-5g-cosmic-gold-4gb-ram-64gb-storage"
"https://abhaytechnicals.com/shop/realme-p4-lite-mosaic-blue-ram-4-gb-rom-64-gb/","/products/realme-p4-lite-mosaic-blue-ram-4-gb-rom-64-gb",23813,"realme-p4-lite-mosaic-blue-ram-4-gb-rom-64-gb"
"https://abhaytechnicals.com/shop/realme-p4-lite-mosaic-green-ram-4-gb-rom-64-gb/","/products/realme-p4-lite-mosaic-green-ram-4-gb-rom-64-gb",23825,"realme-p4-lite-mosaic-green-ram-4-gb-rom-64-gb"